tourney_id,tourney_name,surface,draw_size,tourney_level,tourney_date,match_num,player_id,player_seed,player_entry,player_name,player_hand,player_ht,player_ioc,player_age,player_rank,player_rank_points,opponent_id,opponent_seed,opponent_entry,opponent_name,opponent_hand,opponent_ht,opponent_ioc,opponent_age,opponent_rank,opponent_rank_points,score,best_of,round,minutes,w_ace,w_df,w_svpt,w_1stIn,w_1stWon,w_2ndWon,w_SvGms,w_bpSaved,w_bpFaced,l_ace,l_df,l_svpt,l_1stIn,l_1stWon,l_2ndWon,l_SvGms,l_bpSaved,l_bpFaced
2025-9900,United Cup,Hard,18,A,20241229,1,105807,,,Pablo Carreno Busta,R,188,ESP,33.467,196,292,207686,,,Alexander Shevchenko,R,188,KAZ,24.082,78,715,6-2 6-1,3,RR,64,3,0,40,27,21,9,8,1,2,3,4,42,24,14,4,7,2,7
2025-9900,United Cup,Hard,18,A,20241229,2,111190,,,Zhizhen Zhang,R,193,CHN,28.203,45,1155,106329,,,Thiago Monteiro,L,183,BRA,30.582,109,566,6-3 6-0,3,RR,54,10,0,39,30,26,7,8,0,0,3,2,35,22,13,3,7,1,5
2025-9900,United Cup,Hard,18,A,20241229,3,126774,,,Stefanos Tsitsipas,R,193,GRE,26.382,11,3165,105807,,,Pablo Carreno Busta,R,188,ESP,33.467,196,292,6-4 4-6 6-3,3,RR,128,13,6,84,49,40,19,15,1,3,2,3,92,70,48,9,14,6,9
2025-9900,United Cup,Hard,18,A,20241229,4,106432,,,Borna Coric,R,188,CRO,28.123,90,639,200000,,,Felix Auger-Aliassime,R,193,CAN,24.392,29,1635,0-6 6-4 6-4,3,RR,139,1,6,81,40,26,17,13,5,10,13,3,90,67,43,11,13,8,12
2025-9900,United Cup,Hard,18,A,20241229,5,200005,,,Ugo Humbert,L,188,FRA,26.511,14,2765,208502,,,Dominic Stricker,L,183,SUI,22.371,299,173,6-3 7-5,3,RR,72,10,2,51,34,30,10,11,0,1,10,1,56,34,27,10,10,1,4
2025-9900,United Cup,Hard,18,A,20241229,6,200282,,,Alex de Minaur,R,183,AUS,25.864,9,3745,144869,,,Tomas Martin Etcheverry,R,196,ARG,25.451,39,1315,6-1 6-4,3,RR,76,8,2,51,26,23,15,9,0,0,2,1,47,28,20,7,8,3,6
2025-9900,United Cup,Hard,18,A,20241229,7,200000,,,Felix Auger-Aliassime,R,193,CAN,24.392,29,1635,126203,,,Taylor Fritz,R,196,USA,27.17,4,5100,4-6 7-5 6-3,3,RR,139,19,4,89,59,47,15,16,2,4,13,1,92,58,42,16,15,1,4
2025-9900,United Cup,Hard,18,A,20241229,8,207925,,,Flavio Cobolli,R,183,ITA,22.65,32,1472,208502,,,Dominic Stricker,L,183,SUI,22.371,299,173,6-3 7-6(2),3,RR,89,5,3,67,36,27,22,10,5,5,6,0,62,45,33,7,11,0,2
2025-9900,United Cup,Hard,18,A,20241229,9,134770,,,Casper Ruud,R,183,NOR,26.021,6,4255,207830,,,Tomas Machac,R,183,CZE,24.211,25,1758,7-6(6) 5-7 6-4,3,RR,174,12,6,116,75,56,19,17,6,9,7,13,111,70,50,17,17,2,5
2025-9900,United Cup,Hard,18,A,20241229,10,100644,,,Alexander Zverev,R,198,GER,27.693,2,7915,106329,,,Thiago Monteiro,L,183,BRA,30.582,109,566,6-4 6-4,3,RR,77,11,3,51,32,29,11,10,0,0,5,1,53,32,24,11,10,2,4
2025-9900,United Cup,Hard,18,A,20241229,11,134770,,,Casper Ruud,R,183,NOR,26.021,6,4255,128034,,,Hubert Hurkacz,R,196,POL,27.88,16,2640,7-5 6-3,3,RR,83,4,0,61,44,34,12,11,2,2,8,0,58,40,28,8,10,4,6
2025-9900,United Cup,Hard,18,A,20241229,12,207686,,,Alexander Shevchenko,R,188,KAZ,24.082,78,715,126774,,,Stefanos Tsitsipas,R,193,GRE,26.382,11,3165,6-4 7-6(0),3,RR,112,2,3,70,45,31,19,11,1,2,7,4,77,42,30,16,11,2,4
2025-9900,United Cup,Hard,18,A,20241229,13,100644,,,Alexander Zverev,R,198,GER,27.693,2,7915,111190,,,Zhizhen Zhang,R,193,CHN,28.203,45,1155,2-6 6-0 6-2,3,RR,125,6,3,66,47,36,8,11,3,5,3,1,78,48,31,11,11,4,9
2025-9900,United Cup,Hard,18,A,20241229,14,144869,,,Tomas Martin Etcheverry,R,196,ARG,25.451,39,1315,126129,,,Billy Harris,R,193,GBR,29.927,125,474,3-6 6-3 6-2,3,RR,164,10,1,93,61,44,18,13,8,9,9,4,90,50,37,18,13,6,9
2025-9900,United Cup,Hard,18,A,20241229,15,126203,,,Taylor Fritz,R,196,USA,27.17,4,5100,106432,,,Borna Coric,R,188,CRO,28.123,90,639,6-3 6-2,3,RR,91,5,1,56,28,22,17,9,2,2,3,5,54,27,19,11,8,4,7
2025-9900,United Cup,Hard,18,A,20241229,16,207925,,,Flavio Cobolli,R,183,ITA,22.65,32,1472,200005,,,Ugo Humbert,L,188,FRA,26.511,14,2765,3-6 7-6(8) 6-2,3,RR,126,11,0,89,57,41,21,14,2,4,10,2,83,46,36,24,15,1,4
2025-9900,United Cup,Hard,18,A,20241229,17,126203,,,Taylor Fritz,R,196,USA,27.17,4,5100,111190,,,Zhizhen Zhang,R,193,CHN,28.203,45,1155,6-4 6-4,3,RR,79,8,1,44,33,30,10,10,0,0,8,0,72,48,36,9,10,7,9
2025-9900,United Cup,Hard,18,A,20241229,18,207686,,,Alexander Shevchenko,R,188,KAZ,24.082,78,715,109054,,,Daniel Masur,R,183,GER,30.146,254,217,6-7(5) 6-2 6-2,3,RR,133,11,4,84,57,42,16,14,4,5,3,2,104,72,44,15,14,8,13
2025-9900,United Cup,Hard,18,A,20241229,19,207830,,,Tomas Machac,R,183,CZE,24.211,25,1758,128034,,,Hubert Hurkacz,R,196,POL,27.88,16,2640,7-5 3-6 6-4,3,RR,115,8,5,83,52,43,14,15,2,3,14,3,85,55,40,21,16,3,5
2025-9900,United Cup,Hard,18,A,20241229,20,200282,,,Alex de Minaur,R,183,AUS,25.864,9,3745,126129,,,Billy Harris,R,193,GBR,29.927,125,474,6-2 6-1,3,RR,76,6,2,40,19,17,13,7,3,3,3,1,56,36,17,9,8,2,7
2025-9900,United Cup,Hard,18,A,20241229,21,128034,,,Hubert Hurkacz,R,196,POL,27.88,16,2640,126129,,,Billy Harris,R,193,GBR,29.927,125,474,7-6(3) 7-5,3,RR,105,18,0,67,51,45,9,12,3,3,7,2,79,54,42,12,12,2,3
2025-9900,United Cup,Hard,18,A,20241229,22,207830,,,Tomas Machac,R,183,CZE,24.211,25,1758,207925,,,Flavio Cobolli,R,183,ITA,22.65,32,1472,6-1 6-2,3,RR,54,9,2,43,27,23,11,8,0,0,1,4,35,19,10,6,7,0,4
2025-9900,United Cup,Hard,18,A,20241229,23,126203,,,Taylor Fritz,R,196,USA,27.17,4,5100,207830,,,Tomas Machac,R,183,CZE,24.211,25,1758,6-7(4) 6-5 RET,3,RR,111,15,3,79,57,43,9,11,8,10,5,2,79,52,35,14,12,1,4
2025-9900,United Cup,Hard,18,A,20241229,24,128034,,,Hubert Hurkacz,R,196,POL,27.88,16,2640,207686,,,Alexander Shevchenko,R,188,KAZ,24.082,78,715,6-3 6-2,3,RR,58,10,0,46,35,28,8,9,0,0,1,1,49,34,18,9,8,1,4
2025-9900,United Cup,Hard,18,A,20241229,25,126203,,,Taylor Fritz,R,196,USA,27.17,4,5100,128034,,,Hubert Hurkacz,R,196,POL,27.88,16,2640,6-4 5-7 7-6(4),3,RR,138,13,3,96,62,51,20,17,0,1,17,0,96,64,51,20,17,1,2
2025-339,Brisbane,Hard,32,A,20241229,1,126846,,,Aleksandar Vukic,R,188,AUS,28.731,68,778,105676,,,David Goffin,R,180,BEL,34.062,52,1037,6-2 6-3,3,R32,82,11,1,57,31,25,15,9,3,3,3,2,61,35,18,15,8,2,5
2025-339,Brisbane,Hard,32,A,20241229,2,210506,,,Alex Michelsen,R,193,USA,20.345,41,1245,106331,,,Christopher O'Connell,R,183,AUS,30.574,64,795,6-4 4-6 7-6(10),3,R32,144,7,2,92,49,38,25,16,3,6,13,3,101,56,47,21,16,2,5
2025-339,Brisbane,Hard,32,A,20241229,3,126127,,,Benjamin Bonzi,R,183,FRA,28.556,75,730,126214,,,Alejandro Tabilo,L,188,CHI,27.576,23,1943,6-7(8) 7-6(5) 6-4,3,R32,168,15,2,110,72,57,23,17,3,4,18,7,125,84,66,16,17,5,7
2025-339,Brisbane,Hard,32,A,20241229,4,106415,,,Yoshihito Nishioka,L,170,JPN,29.257,69,776,126239,,,Arthur Rinderknech,R,196,FRA,29.437,59,927,6-3 6-4,3,R32,74,1,0,50,31,28,13,10,0,0,6,1,51,31,23,11,9,1,3
2025-339,Brisbane,Hard,32,A,20241229,5,111442,,,Jordan Thompson,R,183,AUS,30.694,26,1745,126610,,,Matteo Berrettini,R,196,ITA,28.715,34,1380,3-6 6-3 6-4,3,R32,134,6,4,93,56,41,16,14,2,4,8,1,76,49,41,13,14,2,5
2025-339,Brisbane,Hard,32,A,20241229,6,111797,,,Nicolas Jarry,R,201,CHI,29.218,35,1370,208363,,,Mariano Navone,R,178,ARG,23.836,47,1148,7-5 7-6(7),3,R32,108,7,1,75,47,39,17,12,3,4,10,1,77,49,37,15,12,1,3
2025-339,Brisbane,Hard,32,A,20241229,7,105777,,,Grigor Dimitrov,R,191,BUL,33.624,10,3350,105870,,,Yannick Hanfmann,R,193,GER,33.128,96,627,7-6(5) 6-3,3,R32,107,9,3,63,38,33,10,10,2,3,4,3,95,64,40,14,11,7,10
2025-339,Brisbane,Hard,32,A,20241229,8,208103,,,Jiri Lehecka,R,185,CZE,23.14,28,1660,208029,,,Holger Rune,R,188,DEN,21.67,13,3025,7-5 6-3,3,R32,84,5,1,68,43,29,14,10,7,9,1,2,62,40,21,11,11,1,6
2025-339,Brisbane,Hard,32,A,20241229,9,124187,,,Reilly Opelka,R,211,USA,27.337,293,176,144870,,,Federico Agustin Gomez,R,191,ARG,28.09,137,442,7-5 6-4,3,R32,75,9,1,49,29,27,17,11,0,0,7,2,62,41,31,11,11,3,5
2025-339,Brisbane,Hard,32,A,20241229,10,208286,,,Matteo Arnaldi,R,185,ITA,23.849,37,1345,200615,,,Alexei Popyrin,R,196,AUS,25.402,24,1865,6-3 6-2,3,R32,69,7,3,54,24,17,21,9,2,2,5,2,41,29,19,5,8,0,3
2025-339,Brisbane,Hard,32,A,20241229,11,126207,,,Frances Tiafoe,R,188,USA,26.94,18,2585,200443,,,Adam Walton,R,183,AUS,25.703,93,636,7-6(5) 6-3,3,R32,90,13,1,66,46,37,11,11,3,4,13,4,66,38,30,11,10,2,4
2025-339,Brisbane,Hard,32,A,20241229,12,210150,,,Jakub Mensik,R,196,CZE,19.326,48,1136,105062,,,Mikhail Kukushkin,R,183,KAZ,37.01,113,542,7-6(3) 6-4,3,R32,94,13,2,68,42,33,15,11,1,2,2,3,76,47,30,17,11,2,4
2025-339,Brisbane,Hard,32,A,20241229,13,105583,,,Dusan Lajovic,R,183,SRB,34.5,81,710,209070,,,Arthur Cazaux,R,183,FRA,22.352,63,807,6-4 6-4,3,R32,101,1,1,61,41,27,15,10,8,9,8,6,81,46,33,13,10,7,10
2025-339,Brisbane,Hard,32,A,20241229,14,208659,,,Giovanni Mpetshi Perricard,R,203,FRA,21.478,31,1561,106401,,,Nick Kyrgios,R,193,AUS,29.676,,,7-6(2) 6-7(4) 7-6(3),3,R32,147,36,7,111,73,65,24,18,2,2,15,0,107,81,67,18,18,2,2
2025-339,Brisbane,Hard,32,A,20241229,15,104792,,,Gael Monfils,R,193,FRA,38.327,55,1005,210460,,,Nishesh Basavareddy,R,180,USA,19.661,138,440,6-4 4-6 6-1,3,R32,109,18,0,77,52,40,13,14,4,7,4,1,74,49,34,9,13,2,7
2025-339,Brisbane,Hard,32,A,20241229,16,104925,,,Novak Djokovic,R,188,SRB,37.607,7,3910,208014,,,Rinky Hijikata,R,178,AUS,23.847,73,746,6-3 6-3,3,R32,74,12,0,47,31,25,12,9,0,0,7,1,54,37,22,8,9,2,5
2025-339,Brisbane,Hard,32,A,20241229,17,208103,,,Jiri Lehecka,R,185,CZE,23.14,28,1660,106415,,,Yoshihito Nishioka,L,170,JPN,29.257,69,776,6-2 6-7(5) 6-4,3,R16,139,17,3,81,51,45,17,15,2,3,3,3,107,75,49,16,15,8,12
2025-339,Brisbane,Hard,32,A,20241229,18,111797,,,Nicolas Jarry,R,201,CHI,29.218,35,1370,126127,,,Benjamin Bonzi,R,183,FRA,28.556,75,730,6-2 6-3,3,R16,65,10,0,43,30,27,6,9,0,1,4,2,51,35,18,9,8,3,7
2025-339,Brisbane,Hard,32,A,20241229,19,105777,,,Grigor Dimitrov,R,191,BUL,33.624,10,3350,126846,,,Aleksandar Vukic,R,188,AUS,28.731,68,778,6-2 7-6(5),3,R16,83,12,1,53,33,31,13,10,0,0,5,4,74,44,31,15,10,8,10
2025-339,Brisbane,Hard,32,A,20241229,20,111442,,,Jordan Thompson,R,183,AUS,30.694,26,1745,210506,,,Alex Michelsen,R,193,USA,20.345,41,1245,7-5 6-3,3,R16,102,3,1,60,37,28,15,10,6,7,4,2,65,46,29,9,11,3,7
2025-339,Brisbane,Hard,32,A,20241229,21,210150,,,Jakub Mensik,R,196,CZE,19.326,48,1136,105583,,,Dusan Lajovic,R,183,SRB,34.5,81,710,6-3 6-2,3,R16,65,4,0,51,38,27,9,9,2,3,5,1,55,43,21,6,8,5,9
2025-339,Brisbane,Hard,32,A,20241229,22,124187,,,Reilly Opelka,R,211,USA,27.337,293,176,208286,,,Matteo Arnaldi,R,185,ITA,23.849,37,1345,7-6(9) 7-6(4),3,R16,116,25,6,86,58,49,13,12,1,2,8,2,75,40,34,21,12,1,2
2025-339,Brisbane,Hard,32,A,20241229,23,208659,,,Giovanni Mpetshi Perricard,R,203,FRA,21.478,31,1561,126207,,,Frances Tiafoe,R,188,USA,26.94,18,2585,6-4 7-6(4),3,R16,92,20,4,75,50,40,11,11,2,2,6,2,72,38,31,16,11,2,3
2025-339,Brisbane,Hard,32,A,20241229,24,104925,,,Novak Djokovic,R,188,SRB,37.607,7,3910,104792,,,Gael Monfils,R,193,FRA,38.327,55,1005,6-3 6-3,3,R16,72,5,1,52,34,26,12,9,1,1,4,4,48,34,21,6,9,0,3
2025-339,Brisbane,Hard,32,A,20241229,25,208103,,,Jiri Lehecka,R,185,CZE,23.14,28,1660,111797,,,Nicolas Jarry,R,201,CHI,29.218,35,1370,6-4 6-4,3,QF,89,10,2,66,39,31,14,10,5,5,8,2,62,39,28,11,10,3,5
2025-339,Brisbane,Hard,32,A,20241229,26,105777,,,Grigor Dimitrov,R,191,BUL,33.624,10,3350,111442,,,Jordan Thompson,R,183,AUS,30.694,26,1745,6-1 2-1 RET,3,QF,43,1,1,31,21,19,5,5,0,0,1,1,26,12,7,6,5,1,4
2025-339,Brisbane,Hard,32,A,20241229,27,208659,,,Giovanni Mpetshi Perricard,R,203,FRA,21.478,31,1561,210150,,,Jakub Mensik,R,196,CZE,19.326,48,1136,7-5 7-6(5),3,QF,92,19,2,72,47,37,18,12,0,0,10,5,78,48,38,16,12,1,2
2025-339,Brisbane,Hard,32,A,20241229,28,124187,,,Reilly Opelka,R,211,USA,27.337,293,176,104925,,,Novak Djokovic,R,188,SRB,37.607,7,3910,7-6(6) 6-3,3,QF,100,16,1,64,49,38,13,11,1,1,8,1,73,53,38,12,10,4,5
2025-339,Brisbane,Hard,32,A,20241229,29,208103,,,Jiri Lehecka,R,185,CZE,23.14,28,1660,105777,,,Grigor Dimitrov,R,191,BUL,33.624,10,3350,6-4 4-4 RET,3,SF,83,4,3,52,26,22,17,9,0,0,6,2,49,32,24,12,9,1,2
2025-339,Brisbane,Hard,32,A,20241229,30,124187,,,Reilly Opelka,R,211,USA,27.337,293,176,208659,,,Giovanni Mpetshi Perricard,R,203,FRA,21.478,31,1561,6-3 7-6(4),3,SF,86,12,2,64,45,38,13,11,4,4,10,5,69,48,38,9,10,1,2
2025-339,Brisbane,Hard,32,A,20241229,31,208103,,,Jiri Lehecka,R,185,CZE,23.14,28,1660,124187,,,Reilly Opelka,R,211,USA,27.337,293,176,4-1 RET,3,F,13,3,0,15,10,10,2,3,0,0,0,0,9,9,4,0,2,0,1
2025-336,Hong Kong,Hard,28,A,20241229,1,200175,,,Miomir Kecmanovic,R,183,SRB,25.331,54,1021,209260,,,Luciano Darderi,R,183,ITA,22.872,44,1198,6-3 6-3,3,R32,67,9,1,57,39,32,8,9,2,2,9,1,53,35,22,10,9,6,9
2025-336,Hong Kong,Hard,28,A,20241229,2,206681,,,Fabian Marozsan,R,193,HUN,25.227,58,935,126128,,,Roman Safiullin,R,185,RUS,27.395,60,923,6-1 7-6(9),3,R32,93,6,3,70,41,30,14,10,1,5,4,3,72,47,29,8,9,10,16
2025-336,Hong Kong,Hard,28,A,20241229,3,132283,,,Lorenzo Sonego,R,191,ITA,29.637,53,1026,206909,,,Brandon Nakashima,R,188,USA,23.406,38,1335,7-6(4) 6-3,3,R32,90,5,1,61,38,34,17,11,0,0,6,0,56,39,33,10,10,1,2
2025-336,Hong Kong,Hard,28,A,20241229,4,111815,,,Cameron Norrie,L,188,GBR,29.352,49,1119,210530,,,Learner Tien,L,180,USA,19.075,122,493,6-3 7-5,3,R32,98,11,1,78,60,38,8,11,5,7,6,5,69,42,27,11,10,5,9
2025-336,Hong Kong,Hard,28,A,20241229,5,200267,,,Zizou Bergs,R,185,BEL,25.574,71,768,208279,,,Alejandro Moro Canas,R,183,ESP,24.06,169,345,6-4 6-4,3,R32,91,11,1,54,38,31,11,10,1,2,2,3,78,48,31,12,10,6,9
2025-336,Hong Kong,Hard,28,A,20241229,6,124186,,,Alexandre Muller,R,183,FRA,27.907,67,778,HH06,,,Marc-Andrea Huesler,L,196,SUI,28.515,159,376,2-6 6-4 6-3,3,R32,125,9,2,93,73,48,10,14,6,9,8,3,81,40,34,15,13,5,8
2025-336,Hong Kong,Hard,28,A,20241229,7,132686,,,Nuno Borges,R,185,POR,27.858,36,1355,207352,,,Yunchaokete Bu,R,185,CHN,22.943,65,784,3-6 6-3 7-6(6),3,R32,134,9,4,81,55,46,14,15,2,4,17,1,107,65,51,20,15,9,11
2025-336,Hong Kong,Hard,28,A,20241229,8,144719,,,Jaume Munar,R,183,ESP,27.652,62,832,200221,,,Alejandro Davidovich Fokina,R,180,ESP,25.569,61,845,4-6 6-3 6-3,3,R32,117,6,4,78,49,36,19,14,2,4,2,4,76,39,25,21,14,2,6
2025-336,Hong Kong,Hard,28,A,20241229,9,124079,,,Pedro Martinez,R,185,ESP,27.677,43,1205,208859,,,Francesco Passaro,R,180,ITA,23.975,108,570,6-4 6-4,3,R32,89,3,1,63,45,35,10,10,3,3,5,2,55,38,30,8,10,4,6
2025-336,Hong Kong,Hard,28,A,20241229,10,105453,,,Kei Nishikori,R,178,JPN,35.001,106,578,133430,,,Denis Shapovalov,L,185,CAN,25.708,56,981,6-2 6-3,3,R32,58,4,0,50,35,29,9,9,2,2,7,5,52,27,18,12,8,4,7
2025-336,Hong Kong,Hard,28,A,20241229,11,209113,,,Gabriel Diallo,R,203,CAN,23.264,87,643,106148,,,Roberto Carballes Baena,R,183,ESP,31.77,57,981,4-6 7-6(4) 7-5,3,R32,169,9,2,117,85,57,19,17,10,13,9,6,104,65,52,16,17,5,8
2025-336,Hong Kong,Hard,28,A,20241229,12,209992,,,Juncheng Shang,L,180,CHN,19.904,50,1115,209409,,,Coleman Wong,R,191,HKG,20.564,170,340,7-6(3) 6-4,3,R32,89,4,1,59,33,29,20,11,0,0,17,1,76,52,41,9,11,6,7
2025-336,Hong Kong,Hard,28,A,20241229,13,124186,,,Alexandre Muller,R,183,FRA,27.907,67,778,200175,,,Miomir Kecmanovic,R,183,SRB,25.331,54,1021,5-7 7-6(6) 7-6(10),3,R16,210,9,2,122,86,61,16,18,5,10,4,5,139,83,57,26,18,5,9
2025-336,Hong Kong,Hard,28,A,20241229,14,111815,,,Cameron Norrie,L,188,GBR,29.352,49,1119,132283,,,Lorenzo Sonego,R,191,ITA,29.637,53,1026,6-2 4-6 6-1,3,R16,144,4,1,70,52,37,13,12,2,3,7,0,75,52,38,7,13,4,9
2025-336,Hong Kong,Hard,28,A,20241229,15,209950,,,Arthur Fils,R,185,FRA,20.548,20,2355,200267,,,Zizou Bergs,R,185,BEL,25.574,71,768,7-6(7) 6-4,3,R16,100,6,2,67,39,32,15,11,0,2,5,2,71,46,34,11,11,2,5
2025-336,Hong Kong,Hard,28,A,20241229,16,105453,,,Kei Nishikori,R,178,JPN,35.001,106,578,111575,,,Karen Khachanov,R,198,RUS,28.608,19,2410,4-6 6-3 7-5,3,R16,129,1,1,90,62,43,17,16,5,8,7,5,90,59,41,14,15,3,7
2025-336,Hong Kong,Hard,28,A,20241229,17,144719,,,Jaume Munar,R,183,ESP,27.652,62,832,132686,,,Nuno Borges,R,185,POR,27.858,36,1355,6-3 7-5,3,R16,83,5,0,57,35,30,11,11,0,1,2,4,59,36,26,10,10,1,4
2025-336,Hong Kong,Hard,28,A,20241229,18,207518,,,Lorenzo Musetti,R,185,ITA,22.825,17,2600,209113,,,Gabriel Diallo,R,203,CAN,23.264,87,643,6-4 6-3,3,R16,86,6,3,49,37,30,7,9,2,2,6,2,70,49,32,9,10,7,10
2025-336,Hong Kong,Hard,28,A,20241229,19,209992,,,Juncheng Shang,L,180,CHN,19.904,50,1115,124079,,,Pedro Martinez,R,185,ESP,27.677,43,1205,6-3 6-1,3,R16,77,9,2,54,40,32,5,8,6,6,5,6,49,33,23,2,8,3,7
2025-336,Hong Kong,Hard,28,A,20241229,20,206681,,,Fabian Marozsan,R,193,HUN,25.227,58,935,126094,,,Andrey Rublev,R,188,RUS,27.192,8,3760,7-5 3-6 6-3,3,R16,118,5,2,103,67,45,15,15,10,13,10,3,85,53,39,15,15,5,9
2025-336,Hong Kong,Hard,28,A,20241229,21,124186,,,Alexandre Muller,R,183,FRA,27.907,67,778,209950,,,Arthur Fils,R,185,FRA,20.548,20,2355,3-6 6-3 6-1,3,QF,111,3,1,89,57,41,14,12,11,13,3,9,69,31,21,19,13,3,8
2025-336,Hong Kong,Hard,28,A,20241229,22,144719,,,Jaume Munar,R,183,ESP,27.652,62,832,207518,,,Lorenzo Musetti,R,185,ITA,22.825,17,2600,2-6 7-6(4) 7-5,3,QF,156,2,4,102,69,47,17,16,7,11,9,4,102,69,54,11,16,4,7
2025-336,Hong Kong,Hard,28,A,20241229,23,209992,,,Juncheng Shang,L,180,CHN,19.904,50,1115,206681,,,Fabian Marozsan,R,193,HUN,25.227,58,935,1-6 6-3 6-4,3,QF,104,9,4,77,57,44,6,13,4,6,6,2,81,55,43,11,13,6,8
2025-336,Hong Kong,Hard,28,A,20241229,24,105453,,,Kei Nishikori,R,178,JPN,35.001,106,578,111815,,,Cameron Norrie,L,188,GBR,29.352,49,1119,6-3 3-6 6-2,3,QF,101,4,1,75,55,43,9,13,1,2,8,3,79,55,38,11,13,2,5
2025-336,Hong Kong,Hard,28,A,20241229,25,124186,,,Alexandre Muller,R,183,FRA,27.907,67,778,144719,,,Jaume Munar,R,183,ESP,27.652,62,832,4-6 7-6(5) 6-4,3,SF,145,4,3,94,62,47,20,16,2,4,6,2,99,73,54,16,16,2,4
2025-336,Hong Kong,Hard,28,A,20241229,26,105453,,,Kei Nishikori,R,178,JPN,35.001,106,578,209992,,,Juncheng Shang,L,180,CHN,19.904,50,1115,4-3 RET,3,SF,20,3,0,22,13,10,7,4,0,0,3,0,15,12,9,3,3,0,0
2025-336,Hong Kong,Hard,28,A,20241229,27,124186,,,Alexandre Muller,R,183,FRA,27.907,67,778,105453,,,Kei Nishikori,R,178,JPN,35.001,106,578,2-6 6-1 6-3,3,F,103,2,1,77,60,44,7,12,4,6,4,1,75,48,28,14,12,4,8
2025-8998,Adelaide,Hard,28,A,20250106,1,133430,,,Denis Shapovalov,L,185,CAN,25.73,58,981,111190,,,Zhizhen Zhang,R,193,CHN,28.225,47,1140,6-3 6-4,3,R32,67,9,4,54,32,31,12,10,0,0,4,2,53,30,21,14,9,3,5
2025-8998,Adelaide,Hard,28,A,20250106,2,200221,,,Alejandro Davidovich Fokina,R,180,ESP,25.591,68,775,105138,,,Roberto Bautista Agut,R,183,ESP,36.731,51,1067,7-5 6-2,3,R32,103,5,3,74,44,32,15,10,1,2,1,5,70,44,28,11,10,5,9
2025-8998,Adelaide,Hard,28,A,20250106,3,106331,,,Christopher O'Connell,R,183,AUS,30.595,64,795,126239,,,Arthur Rinderknech,R,196,FRA,29.459,60,927,7-5 7-6(5),3,R32,99,9,1,66,40,35,18,12,1,1,7,1,71,48,37,16,12,5,6
2025-8998,Adelaide,Hard,28,A,20250106,4,106423,,,Thanasi Kokkinakis,R,193,AUS,28.742,77,716,106415,,,Yoshihito Nishioka,L,170,JPN,29.279,63,807,6-3 3-6 6-3,3,R32,130,15,3,88,60,44,14,14,3,5,4,2,89,54,36,18,13,9,12
2025-8998,Adelaide,Hard,28,A,20250106,5,111454,,,Li Tu,R,183,AUS,28.613,179,323,105902,,,James Duckworth,R,183,AUS,32.961,94,624,6-1 7-5,3,R32,73,6,2,59,35,29,13,9,5,5,1,3,53,35,24,8,10,2,6
2025-8998,Adelaide,Hard,28,A,20250106,6,131905,,,Manuel Guinard,R,198,FRA,29.144,261,209,126128,,,Roman Safiullin,R,185,RUS,27.417,62,823,7-6(4) 2-6 6-1,3,R32,127,7,11,98,48,33,26,14,7,11,13,5,83,53,37,13,13,5,9
2025-8998,Adelaide,Hard,28,A,20250106,7,106218,,,Marcos Giron,R,180,USA,31.455,45,1150,126846,,,Aleksandar Vukic,R,188,AUS,28.753,67,778,6-2 3-6 6-3,3,R32,103,4,0,72,41,29,22,13,2,4,8,3,89,58,40,12,13,4,8
2025-8998,Adelaide,Hard,28,A,20250106,8,200175,,,Miomir Kecmanovic,R,183,SRB,25.352,55,1021,122330,,,Alexander Bublik,R,196,KAZ,27.556,33,1420,6-4 6-2,3,R32,62,2,4,49,36,28,7,9,0,1,8,12,64,33,24,10,9,8,12
2025-8998,Adelaide,Hard,28,A,20250106,9,209070,,,Arthur Cazaux,R,183,FRA,22.374,80,707,200443,,,Adam Walton,R,183,AUS,25.725,91,636,7-5 6-1,3,R32,102,9,8,73,38,28,19,10,9,10,4,1,58,37,20,9,9,5,9
2025-8998,Adelaide,Hard,28,A,20250106,10,206909,,,Brandon Nakashima,R,188,USA,23.428,37,1335,105870,,,Yannick Hanfmann,R,193,GER,33.15,98,615,6-1 2-6 6-3,3,R32,100,14,3,69,39,31,14,12,2,4,2,5,74,48,33,9,12,3,7
2025-8998,Adelaide,Hard,28,A,20250106,11,208014,,,Rinky Hijikata,R,178,AUS,23.869,79,712,105676,,,David Goffin,R,180,BEL,34.084,53,1029,6-1 6-2,3,R32,72,4,3,57,29,21,16,8,4,5,3,0,44,20,11,9,7,4,9
2025-8998,Adelaide,Hard,28,A,20250106,12,144869,,,Tomas Martin Etcheverry,R,196,ARG,25.473,39,1315,209262,,,Tristan Schoolkate,R,183,AUS,23.86,173,336,7-6(8) 6-3,3,R32,111,4,1,71,42,33,19,11,3,3,14,1,65,36,31,13,10,1,2
2025-8998,Adelaide,Hard,28,A,20250106,13,200000,,,Felix Auger-Aliassime,R,193,CAN,24.413,29,1680,209070,,,Arthur Cazaux,R,183,FRA,22.374,80,707,1-6 6-4 7-5,3,R16,153,12,5,83,54,39,14,14,4,6,8,3,100,54,38,24,15,7,9
2025-8998,Adelaide,Hard,28,A,20250106,14,106218,,,Marcos Giron,R,180,USA,31.455,45,1150,133430,,,Denis Shapovalov,L,185,CAN,25.73,58,981,7-5 6-2,3,R16,78,2,0,50,26,19,16,10,1,3,9,13,63,31,24,7,10,8,13
2025-8998,Adelaide,Hard,28,A,20250106,15,200175,,,Miomir Kecmanovic,R,183,SRB,25.352,55,1021,106331,,,Christopher O'Connell,R,183,AUS,30.595,64,795,7-6(1) 6-2,3,R16,91,3,1,64,34,31,14,10,2,3,13,4,68,37,28,10,10,6,9
2025-8998,Adelaide,Hard,28,A,20250106,16,208014,,,Rinky Hijikata,R,178,AUS,23.869,79,712,206909,,,Brandon Nakashima,R,188,USA,23.428,37,1335,6-2 3-6 7-6(5),3,R16,121,6,5,86,49,38,24,14,3,4,17,2,84,62,48,12,15,3,5
2025-8998,Adelaide,Hard,28,A,20250106,17,126127,,,Benjamin Bonzi,R,183,FRA,28.578,70,762,111454,,,Li Tu,R,183,AUS,28.613,179,323,6-3 6-3,3,R16,85,3,3,63,33,23,15,9,8,10,4,1,58,32,15,11,9,3,8
2025-8998,Adelaide,Hard,28,A,20250106,18,200624,,,Sebastian Korda,R,196,USA,24.507,22,1985,200221,,,Alejandro Davidovich Fokina,R,180,ESP,25.591,68,775,6-3 6-3,3,R16,91,8,2,69,43,37,9,9,5,5,2,3,63,40,25,10,9,4,7
2025-8998,Adelaide,Hard,28,A,20250106,19,126205,,,Tommy Paul,R,185,USA,27.641,12,3145,131905,,,Manuel Guinard,R,198,FRA,29.144,261,209,6-4 3-6 6-3,3,R16,111,9,4,93,60,43,18,14,10,11,8,3,84,58,43,14,14,0,2
2025-8998,Adelaide,Hard,28,A,20250106,20,106423,,,Thanasi Kokkinakis,R,193,AUS,28.742,77,716,144869,,,Tomas Martin Etcheverry,R,196,ARG,25.473,39,1315,7-5 4-6 7-6(4),3,R16,182,23,4,115,82,61,18,17,5,6,13,0,103,72,60,16,17,4,5
2025-8998,Adelaide,Hard,28,A,20250106,21,126205,,,Tommy Paul,R,185,USA,27.641,12,3145,208014,,,Rinky Hijikata,R,178,AUS,23.869,79,712,6-3 6-4,3,QF,78,8,0,65,42,32,13,10,4,4,4,2,52,36,23,9,9,5,7
2025-8998,Adelaide,Hard,28,A,20250106,22,200000,,,Felix Auger-Aliassime,R,193,CAN,24.413,29,1680,106218,,,Marcos Giron,R,180,USA,31.455,45,1150,7-6(3) 6-3,3,QF,100,11,3,76,54,43,10,10,9,9,2,1,72,37,24,20,11,6,8
2025-8998,Adelaide,Hard,28,A,20250106,23,200175,,,Miomir Kecmanovic,R,183,SRB,25.352,55,1021,126127,,,Benjamin Bonzi,R,183,FRA,28.578,70,762,6-2 6-3,3,QF,64,12,0,48,33,29,8,9,1,1,2,1,54,31,19,12,8,2,5
2025-8998,Adelaide,Hard,28,A,20250106,24,200624,,,Sebastian Korda,R,196,USA,24.507,22,1985,106423,,,Thanasi Kokkinakis,R,193,AUS,28.742,77,716,W/O,3,QF,,,,,,,,,,,,,,,,,,,
2025-8998,Adelaide,Hard,28,A,20250106,25,200000,,,Felix Auger-Aliassime,R,193,CAN,24.413,29,1680,126205,,,Tommy Paul,R,185,USA,27.641,12,3145,7-6(3) 3-6 6-4,3,SF,164,8,4,110,70,52,14,16,8,12,7,3,94,52,36,25,15,5,8
2025-8998,Adelaide,Hard,28,A,20250106,26,200624,,,Sebastian Korda,R,196,USA,24.507,22,1985,200175,,,Miomir Kecmanovic,R,183,SRB,25.352,55,1021,6-3 7-6(4),3,SF,79,13,3,68,44,37,14,11,0,0,2,2,61,46,34,9,10,0,1
2025-8998,Adelaide,Hard,28,A,20250106,27,200000,,,Felix Auger-Aliassime,R,193,CAN,24.413,29,1680,200624,,,Sebastian Korda,R,196,USA,24.507,22,1985,6-3 3-6 6-1,3,F,109,10,4,72,41,34,20,13,4,5,7,4,81,50,35,11,12,7,10
2025-301,Auckland,Hard,28,A,20250106,1,132686,,,Nuno Borges,R,185,POR,27.88,36,1370,209260,,,Luciano Darderi,R,183,ITA,22.894,44,1198,5-7 6-3 7-5,3,R32,122,1,1,86,59,41,18,16,2,5,8,5,97,55,36,24,17,2,7
2025-301,Auckland,Hard,28,A,20250106,2,106148,,,Roberto Carballes Baena,R,183,ESP,31.792,59,981,127157,,,Daniel Altmaier,R,188,GER,26.319,93,625,6-3 3-6 7-5,3,R32,158,4,2,86,55,39,19,15,4,7,7,2,111,70,49,13,15,13,17
2025-301,Auckland,Hard,28,A,20250106,3,200267,,,Zizou Bergs,R,185,BEL,25.596,66,783,208653,,,Isaac Becroft,R,180,NZL,24.189,980,15,6-3 7-5,3,R32,88,9,2,70,38,32,16,11,3,4,1,2,53,35,22,10,10,1,4
2025-301,Auckland,Hard,28,A,20250106,4,210506,,,Alex Michelsen,R,193,USA,20.367,41,1245,111576,,,Sumit Nagal,R,178,IND,27.392,96,622,6-7(8) 6-4 6-2,3,R32,160,6,2,104,73,53,13,15,7,10,0,3,111,78,48,11,15,7,13
2025-301,Auckland,Hard,28,A,20250106,5,208363,,,Mariano Navone,R,178,ARG,23.858,46,1148,105173,,,Adrian Mannarino,L,180,FRA,36.523,73,744,7-6(6) 6-7(5) 6-1,3,R32,187,5,7,116,72,51,21,16,3,7,3,4,112,58,35,29,15,10,16
2025-301,Auckland,Hard,28,A,20250106,6,208134,,,Luca Nardi,R,185,ITA,21.421,90,637,207925,,,Flavio Cobolli,R,183,ITA,22.672,32,1512,6-2 1-1 RET,3,R32,45,4,2,36,22,19,5,5,2,2,1,2,29,14,7,8,5,1,3
2025-301,Auckland,Hard,28,A,20250106,7,132283,,,Lorenzo Sonego,R,191,ITA,29.659,54,1026,209113,,,Gabriel Diallo,R,203,CAN,23.285,87,646,7-6(5) 2-6 7-6(7),3,R32,178,4,2,116,85,58,22,16,10,13,8,3,108,77,60,18,16,3,4
2025-301,Auckland,Hard,28,A,20250106,8,207680,,,Facundo Diaz Acosta,L,183,ARG,24.06,78,714,111815,,,Cameron Norrie,L,188,GBR,29.374,48,1124,6-2 6-3,3,R32,82,1,5,54,40,28,5,9,3,5,1,1,50,33,19,4,8,5,10
2025-301,Auckland,Hard,28,A,20250106,9,104792,,,Gael Monfils,R,193,FRA,38.349,52,1030,124079,,,Pedro Martinez,R,185,ESP,27.699,43,1220,1-6 7-6(5) 6-3,3,R32,144,8,3,86,51,38,17,15,1,5,1,3,83,58,41,15,13,3,5
2025-301,Auckland,Hard,28,A,20250106,10,105526,,,Jan-Lennard Struff,R,193,GER,34.702,42,1225,207352,,,Yunchaokete Bu,R,185,CHN,22.965,65,784,6-3 6-4,3,R32,81,13,1,50,31,26,12,10,0,1,6,1,73,45,29,11,9,8,11
2025-301,Auckland,Hard,28,A,20250106,11,210460,,,Nishesh Basavareddy,R,180,USA,19.682,133,453,207681,,,Francisco Comesana,R,178,ARG,24.252,85,661,6-2 6-2,3,R32,69,6,0,51,36,25,11,8,2,2,6,2,52,34,19,7,8,5,9
2025-301,Auckland,Hard,28,A,20250106,12,210150,,,Jakub Mensik,R,196,CZE,19.348,49,1122,105807,,,Pablo Carreno Busta,R,188,ESP,33.489,184,317,6-2 4-6 7-5,3,R32,131,18,2,88,55,45,18,15,1,2,3,3,100,63,45,17,15,4,7
2025-301,Auckland,Hard,28,A,20250106,13,210460,,,Nishesh Basavareddy,R,180,USA,19.682,133,453,126214,,,Alejandro Tabilo,L,188,CHI,27.598,23,1943,6-4 5-7 6-4,3,R16,145,9,2,99,66,48,19,16,6,7,12,2,108,73,53,18,16,11,13
2025-301,Auckland,Hard,28,A,20250106,14,200267,,,Zizou Bergs,R,185,BEL,25.596,66,783,208134,,,Luca Nardi,R,185,ITA,21.421,90,637,6-1 6-4,3,R16,81,7,2,47,26,21,12,9,3,5,3,6,69,34,19,13,8,7,12
2025-301,Auckland,Hard,28,A,20250106,15,210506,,,Alex Michelsen,R,193,USA,20.367,41,1245,132283,,,Lorenzo Sonego,R,191,ITA,29.659,54,1026,7-6(3) 6-2,3,R16,117,1,2,70,50,39,11,10,3,3,6,1,89,71,45,8,10,8,10
2025-301,Auckland,Hard,28,A,20250106,16,207680,,,Facundo Diaz Acosta,L,183,ARG,24.06,78,714,202104,,,Sebastian Baez,R,170,ARG,24.025,28,1690,6-4 7-6(1),3,R16,128,4,5,79,44,32,18,11,4,7,1,1,75,50,31,12,11,5,9
2025-301,Auckland,Hard,28,A,20250106,17,106148,,,Roberto Carballes Baena,R,183,ESP,31.792,59,981,202103,,,Francisco Cerundolo,R,185,ARG,26.401,31,1620,6-2 7-5,3,R16,91,3,0,69,51,37,11,10,2,2,6,3,59,35,24,12,10,2,5
2025-301,Auckland,Hard,28,A,20250106,18,104792,,,Gael Monfils,R,193,FRA,38.349,52,1030,105526,,,Jan-Lennard Struff,R,193,GER,34.702,42,1225,6-1 7-6(5),3,R16,88,14,4,62,41,37,10,10,1,1,5,2,56,28,20,16,9,0,2
2025-301,Auckland,Hard,28,A,20250106,19,132686,,,Nuno Borges,R,185,POR,27.88,36,1370,208363,,,Mariano Navone,R,178,ARG,23.858,46,1148,4-6 7-5 6-4,3,R16,151,6,0,111,75,47,19,16,4,8,4,3,102,63,41,20,16,5,10
2025-301,Auckland,Hard,28,A,20250106,20,210150,,,Jakub Mensik,R,196,CZE,19.348,49,1122,210097,,,Ben Shelton,L,193,USA,22.245,21,2330,7-6(2) 4-6 7-5,3,R16,158,10,7,119,71,57,25,17,5,6,7,2,127,84,54,27,17,11,12
2025-301,Auckland,Hard,28,A,20250106,21,210460,,,Nishesh Basavareddy,R,180,USA,19.682,133,453,210506,,,Alex Michelsen,R,193,USA,20.367,41,1245,2-6 6-2 6-4,3,QF,102,4,2,79,46,37,17,13,5,7,5,2,73,46,36,9,13,3,6
2025-301,Auckland,Hard,28,A,20250106,22,104792,,,Gael Monfils,R,193,FRA,38.349,52,1030,207680,,,Facundo Diaz Acosta,L,183,ARG,24.06,78,714,6-3 6-1,3,QF,77,4,1,52,33,28,7,8,3,3,0,1,60,40,25,7,8,3,7
2025-301,Auckland,Hard,28,A,20250106,23,200267,,,Zizou Bergs,R,185,BEL,25.596,66,783,106148,,,Roberto Carballes Baena,R,183,ESP,31.792,59,981,1-6 6-2 6-3,3,QF,112,2,2,65,37,26,13,12,1,5,2,4,74,45,32,8,12,6,11
2025-301,Auckland,Hard,28,A,20250106,24,132686,,,Nuno Borges,R,185,POR,27.88,36,1370,210150,,,Jakub Mensik,R,196,CZE,19.348,49,1122,6-7(4) 6-2 7-6(4),3,QF,147,5,0,104,75,53,16,16,3,5,17,9,118,70,53,20,16,4,8
2025-301,Auckland,Hard,28,A,20250106,25,104792,,,Gael Monfils,R,193,FRA,38.349,52,1030,210460,,,Nishesh Basavareddy,R,180,USA,19.682,133,453,7-6(5) 6-4,3,SF,106,7,2,88,48,36,22,11,5,5,3,0,59,38,27,17,11,1,2
2025-301,Auckland,Hard,28,A,20250106,26,200267,,,Zizou Bergs,R,185,BEL,25.596,66,783,132686,,,Nuno Borges,R,185,POR,27.88,36,1370,6-2 3-6 7-5,3,SF,136,6,1,87,48,31,20,14,3,7,0,2,94,58,34,19,15,7,13
2025-301,Auckland,Hard,28,A,20250106,27,104792,,,Gael Monfils,R,193,FRA,38.349,52,1030,200267,,,Zizou Bergs,R,185,BEL,25.596,66,783,6-3 6-4,3,F,97,4,4,60,33,29,15,10,6,6,2,3,64,42,30,10,9,3,5
2025-580,Australian Open,Hard,128,G,20250113,1,126203,4,,Taylor Fritz,R,196,USA,27.211,4,5350,202385,,,Jenson Brooksby,R,193,USA,24.216,,,6-2 6-0 6-3,5,R128,106,7,1,70,47,39,14,12,2,2,1,4,80,47,31,7,11,1,7
2025-580,Australian Open,Hard,128,G,20250113,2,106421,5,,Daniil Medvedev,R,198,RUS,28.923,5,5030,208937,,WC,Kasidit Samrej,R,191,THA,23.981,418,109,6-2 4-6 3-6 6-1 6-2,5,R128,188,24,8,104,58,53,28,21,4,6,4,6,155,91,59,29,21,7,13
2025-580,Australian Open,Hard,128,G,20250113,3,200282,8,,Alex de Minaur,R,183,AUS,25.906,8,3535,122298,,,Botic van de Zandschulp,R,191,NED,29.279,84,672,6-1 7-5 6-4,5,R128,142,13,4,93,59,48,17,15,4,5,5,7,90,45,29,21,14,5,10
2025-580,Australian Open,Hard,128,G,20250113,4,211663,,Q,Joao Fonseca,R,188,BRA,18.398,112,520,126094,9,,Andrey Rublev,R,188,RUS,27.233,9,3520,7-6(1) 6-3 7-6(5),5,R128,147,14,1,120,84,66,19,17,5,6,13,5,105,73,50,18,16,8,10
2025-580,Australian Open,Hard,128,G,20250113,5,208029,13,,Holger Rune,R,188,DEN,21.711,13,2910,111190,,,Zhizhen Zhang,R,193,CHN,28.244,49,1140,4-6 6-3 6-4 3-6 6-4,5,R128,190,10,4,131,86,62,31,24,3,6,21,2,142,92,71,22,24,6,10
2025-580,Australian Open,Hard,128,G,20250113,6,207518,16,,Lorenzo Musetti,R,185,ITA,22.867,15,2600,208286,,,Matteo Arnaldi,R,185,ITA,23.89,39,1305,7-6(4) 4-6 7-6(5) 6-3,5,R128,246,6,5,147,89,56,30,22,8,16,7,13,183,96,60,40,21,19,28
2025-580,Australian Open,Hard,128,G,20250113,7,128034,18,,Hubert Hurkacz,R,196,POL,27.921,17,2555,134868,,,Tallon Griekspoor,R,188,NED,28.534,40,1280,7-5 6-4 6-4,5,R128,143,14,1,83,63,49,13,16,0,1,10,5,120,71,50,22,16,14,18
2025-580,Australian Open,Hard,128,G,20250113,8,111575,19,,Karen Khachanov,R,198,RUS,28.649,19,2410,105173,,,Adrian Mannarino,L,180,FRA,36.542,75,751,7-6(5) 6-3 6-3,5,R128,140,6,4,81,53,44,14,15,1,4,4,7,106,47,30,26,15,4,10
2025-580,Australian Open,Hard,128,G,20250113,9,210097,21,,Ben Shelton,L,193,USA,22.264,20,2280,206909,,,Brandon Nakashima,R,188,USA,23.447,35,1355,7-6(3) 7-5 7-5,5,R128,160,12,3,113,67,49,30,18,2,3,9,2,111,73,52,22,18,5,8
2025-580,Australian Open,Hard,128,G,20250113,10,144895,,,Corentin Moutet,L,180,FRA,25.739,69,772,200615,25,,Alexei Popyrin,R,196,AUS,25.443,24,1840,4-6 6-3 6-4 6-4,5,R128,214,6,2,124,72,54,30,20,9,12,1,7,144,93,62,20,19,14,19
2025-580,Australian Open,Hard,128,G,20250113,11,104792,,,Gael Monfils,R,193,FRA,38.368,41,1280,208659,30,,Giovanni Mpetshi Perricard,R,203,FRA,21.52,30,1651,7-6(7) 6-3 6-7(6) 6-7(5) 6-4,5,R128,226,18,16,174,102,86,42,28,0,0,19,9,181,113,84,42,27,10,12
2025-580,Australian Open,Hard,128,G,20250113,12,202103,31,,Francisco Cerundolo,R,185,ARG,26.42,31,1620,122330,,,Alexander Bublik,R,196,KAZ,27.576,37,1330,7-6(1) 6-3 6-2,5,R128,109,6,3,83,50,42,19,15,1,3,10,15,106,57,41,14,14,8,13
2025-580,Australian Open,Hard,128,G,20250113,13,144869,,,Tomas Martin Etcheverry,R,196,ARG,25.492,38,1315,207925,32,,Flavio Cobolli,R,183,ITA,22.691,32,1512,6-7(8) 6-3 7-5 6-1,5,R128,215,16,3,136,84,64,30,20,7,8,10,3,150,86,52,37,20,9,15
2025-580,Australian Open,Hard,128,G,20250113,14,127157,,,Daniel Altmaier,R,188,GER,26.338,101,582,207681,,,Francisco Comesana,R,178,ARG,24.271,85,662,6-2 3-6 7-6(4) 4-6 6-4,5,R128,202,13,5,132,84,74,26,25,2,4,18,5,146,92,78,24,24,3,6
2025-580,Australian Open,Hard,128,G,20250113,15,126610,,,Matteo Berrettini,R,196,ITA,28.756,34,1380,111815,,,Cameron Norrie,L,188,GBR,29.394,52,1082,6-7(4) 6-4 6-1 6-3,5,R128,176,32,7,114,80,68,16,19,5,5,13,2,138,91,61,22,19,9,14
2025-580,Australian Open,Hard,128,G,20250113,16,B0EJ,,Q,Tristan Boyer,R,188,USA,23.732,136,448,105948,,,Federico Coria,R,180,ARG,32.849,96,617,6-3 6-7(3) 4-6 7-5 6-1,5,R128,231,10,1,139,97,78,24,25,2,5,10,8,163,104,72,28,25,6,12
2025-580,Australian Open,Hard,128,G,20250113,17,105807,,,Pablo Carreno Busta,R,188,ESP,33.509,182,317,111794,,Q,Kamil Majchrzak,R,183,POL,29.002,122,491,6-4 6-4 6-3,5,R128,123,6,1,86,62,46,14,15,5,5,4,2,88,62,43,12,14,5,9
2025-580,Australian Open,Hard,128,G,20250113,18,209113,,,Gabriel Diallo,R,203,CAN,23.305,86,646,208134,,,Luca Nardi,R,185,ITA,21.44,83,675,6-7(1) 7-6(3) 5-7 6-1 6-2,5,R128,249,21,8,167,104,78,32,26,11,15,9,13,167,94,63,38,25,9,16
2025-580,Australian Open,Hard,128,G,20250113,19,207680,,,Facundo Diaz Acosta,L,183,ARG,24.079,73,758,200267,,,Zizou Bergs,R,185,BEL,25.615,60,948,6-7(5) 6-4 1-6 6-3 6-4,5,R128,246,8,9,154,93,72,31,24,8,11,12,9,161,86,64,40,24,12,16
2025-580,Australian Open,Hard,128,G,20250113,20,106426,,Q,Cristian Garin,R,185,CHI,28.624,150,382,106432,,,Borna Coric,R,188,CRO,28.164,87,639,7-5 6-1 6-2,5,R128,123,7,2,62,34,30,20,14,0,1,3,4,85,44,27,18,13,6,13
2025-580,Australian Open,Hard,128,G,20250113,21,106218,,,Marcos Giron,R,180,USA,31.474,46,1175,105870,,,Yannick Hanfmann,R,193,GER,33.169,95,618,2-6 7-5 6-1 7-5,5,R128,182,9,3,116,70,48,25,20,3,8,11,2,138,87,57,21,19,16,23
2025-580,Australian Open,Hard,128,G,20250113,22,200175,,,Miomir Kecmanovic,R,183,SRB,25.372,51,1096,105583,,,Dusan Lajovic,R,183,SRB,34.541,80,717,7-5 3-6 6-3 3-6 6-3,5,R128,206,10,5,172,102,71,36,24,16,20,17,3,158,101,69,29,24,7,12
2025-580,Australian Open,Hard,128,G,20250113,23,106283,,Q,Mitchell Krueger,R,188,USA,31.003,146,396,208014,,,Rinky Hijikata,R,178,AUS,23.888,72,759,6-4 6-4 6-3,5,R128,131,6,1,79,62,42,11,15,5,8,8,8,103,57,37,18,14,8,15
2025-580,Australian Open,Hard,128,G,20250113,24,133430,,,Denis Shapovalov,L,185,CAN,25.749,56,1006,105138,,,Roberto Bautista Agut,R,183,ESP,36.75,53,1067,3-6 6-4 6-4 7-6(8),5,R128,191,24,15,131,63,55,26,21,6,10,2,5,136,99,59,22,20,13,17
2025-580,Australian Open,Hard,128,G,20250113,25,132283,,,Lorenzo Sonego,R,191,ITA,29.678,55,1026,104527,,WC,Stan Wawrinka,R,183,SUI,39.797,156,371,6-4 5-7 7-5 7-5,5,R128,191,12,6,132,82,69,27,23,9,11,6,3,112,56,41,40,23,1,5
2025-580,Australian Open,Hard,128,G,20250113,26,210530,,Q,Learner Tien,L,180,USA,19.116,121,493,200116,,,Camilo Ugo Carabelli,R,185,ARG,25.577,94,624,4-6 7-6(3) 6-3 5-7 6-4,5,R128,236,7,16,168,102,74,29,27,7,14,10,9,178,112,81,26,26,13,20
2025-580,Australian Open,Hard,128,G,20250113,27,206173,1,,Jannik Sinner,R,191,ITA,23.411,1,11830,111797,,,Nicolas Jarry,R,201,CHI,29.259,36,1340,7-6(2) 7-6(5) 6-1,5,R128,160,7,1,101,58,48,30,16,2,2,13,4,98,71,52,13,15,3,5
2025-580,Australian Open,Hard,128,G,20250113,28,207989,3,,Carlos Alcaraz,R,183,ESP,21.695,3,7010,207686,,,Alexander Shevchenko,R,188,KAZ,24.123,77,743,6-1 7-5 6-1,5,R128,114,6,4,81,48,33,22,13,2,4,0,0,89,53,28,14,13,11,19
2025-580,Australian Open,Hard,128,G,20250113,29,104925,7,,Novak Djokovic,R,188,SRB,37.648,7,3900,210460,,WC,Nishesh Basavareddy,R,180,USA,19.702,107,566,4-6 6-3 6-4 6-2,5,R128,179,23,4,106,72,56,21,19,2,3,4,8,129,71,51,26,18,7,11
2025-580,Australian Open,Hard,128,G,20250113,30,208859,,LL,Francesco Passaro,R,180,ITA,24.016,104,571,105777,10,,Grigor Dimitrov,R,191,BUL,33.665,10,3200,7-5 2-1 RET,5,R128,65,5,0,39,22,16,12,8,0,0,6,4,54,38,25,7,7,2,4
2025-580,Australian Open,Hard,128,G,20250113,31,210506,,,Alex Michelsen,R,193,USA,20.386,42,1270,126774,11,,Stefanos Tsitsipas,R,193,GRE,26.423,12,3195,7-5 6-3 2-6 6-4,5,R128,163,8,8,124,85,59,20,20,3,7,13,2,116,72,50,23,19,7,12
2025-580,Australian Open,Hard,128,G,20250113,32,126205,12,,Tommy Paul,R,185,USA,27.661,11,3195,106331,,,Christopher O'Connell,R,183,AUS,30.615,70,770,6-2 3-6 6-1 6-7(5) 7-5,5,R128,240,15,3,149,91,73,29,24,6,8,11,1,178,114,76,29,24,14,20
2025-580,Australian Open,Hard,128,G,20250113,33,207733,15,,Jack Draper,L,193,GBR,23.061,18,2530,208363,,,Mariano Navone,R,178,ARG,23.877,47,1173,4-6 6-3 3-6 6-3 6-2,5,R128,241,13,3,160,93,62,32,23,12,17,5,4,160,108,64,27,22,10,17
2025-580,Australian Open,Hard,128,G,20250113,34,126207,17,,Frances Tiafoe,R,188,USA,26.982,16,2560,126239,,,Arthur Rinderknech,R,196,FRA,29.478,61,927,7-6(2) 6-3 4-6 6-7(4) 6-3,5,R128,248,14,8,169,98,77,40,26,8,10,33,10,161,94,79,30,26,5,10
2025-580,Australian Open,Hard,128,G,20250113,35,200624,22,,Sebastian Korda,R,196,USA,24.526,22,2065,127760,,Q,Lukas Klein,R,193,SVK,26.815,144,405,6-3 0-6 6-3 7-6(6),5,R128,147,7,3,113,68,44,25,18,6,10,11,4,108,64,45,24,18,4,8
2025-580,Australian Open,Hard,128,G,20250113,36,106148,,,Roberto Carballes Baena,R,183,ESP,31.811,57,981,126214,23,,Alejandro Tabilo,L,188,CHI,27.617,26,1705,1-6 6-2 6-3 7-6(1),5,R128,171,7,2,113,75,49,23,18,8,12,9,2,110,66,46,17,18,5,10
2025-580,Australian Open,Hard,128,G,20250113,37,111442,27,,Jordan Thompson,R,183,AUS,30.735,27,1695,136440,,Q,Dominik Koepfer,L,180,GER,30.71,124,485,7-6(3) 6-4 4-6 6-3,5,R128,195,18,3,128,67,52,36,21,8,12,5,6,116,69,51,24,20,3,8
2025-580,Australian Open,Hard,128,G,20250113,38,209070,,,Arthur Cazaux,R,183,FRA,22.393,78,732,202104,28,,Sebastian Baez,R,170,ARG,24.044,28,1690,6-3 5-7 3-6 6-0 6-3,5,R128,224,10,1,143,84,60,33,23,7,11,1,3,129,97,65,15,22,6,13
2025-580,Australian Open,Hard,128,G,20250113,39,200000,29,,Felix Auger-Aliassime,R,193,CAN,24.433,23,1905,105526,,,Jan-Lennard Struff,R,193,GER,34.721,43,1240,6-3 6-0 4-6 6-1,5,R128,144,19,3,93,65,52,14,16,2,4,15,4,114,67,35,22,16,12,20
2025-580,Australian Open,Hard,128,G,20250113,40,126127,,,Benjamin Bonzi,R,183,FRA,28.597,64,819,105676,,,David Goffin,R,180,BEL,34.103,54,1029,6-1 6-2 7-6(7),5,R128,133,12,3,105,62,43,23,14,5,8,8,3,85,43,27,16,13,7,14
2025-580,Australian Open,Hard,128,G,20250113,41,132686,,,Nuno Borges,R,185,POR,27.899,33,1445,124186,,,Alexandre Muller,R,183,FRA,27.948,58,965,6-7(2) 6-3 6-2 7-5,5,R128,175,20,5,123,85,66,21,21,4,5,7,2,125,83,58,19,20,5,10
2025-580,Australian Open,Hard,128,G,20250113,42,200221,,,Alejandro Davidovich Fokina,R,180,ESP,25.61,66,790,209992,,,Juncheng Shang,L,180,CHN,19.945,50,1115,7-6(1) 5-2 RET,5,R128,111,0,4,58,30,21,15,10,1,4,3,4,89,51,29,14,9,7,12
2025-580,Australian Open,Hard,128,G,20250113,43,105902,,,James Duckworth,R,183,AUS,32.98,89,637,208502,,,Dominic Stricker,L,183,SUI,22.412,304,173,6-2 6-4 6-2,5,R128,96,10,1,69,40,34,19,13,1,1,7,3,78,45,30,15,13,1,6
2025-580,Australian Open,Hard,128,G,20250113,44,210262,,Q,Jaime Faria,R,188,POR,21.44,125,481,200303,,,Pavel Kotov,R,191,RUS,26.155,97,612,6-1 6-1 7-5,5,R128,105,10,3,70,44,34,20,13,2,2,9,7,84,42,29,15,13,4,10
2025-580,Australian Open,Hard,128,G,20250113,45,207985,,,Jacob Fearnley,R,183,GBR,23.499,92,632,106401,,,Nick Kyrgios,R,193,AUS,29.717,,,7-6(3) 6-3 7-6(2),5,R128,139,17,8,110,68,55,27,17,2,3,13,8,119,87,60,14,16,9,11
2025-580,Australian Open,Hard,128,G,20250113,46,106423,,,Thanasi Kokkinakis,R,193,AUS,28.761,71,766,126128,,,Roman Safiullin,R,185,RUS,27.436,63,823,3-6 6-3 6-3 7-6(5),5,R128,245,23,1,158,106,76,18,20,18,22,14,2,130,91,59,18,19,2,8
2025-580,Australian Open,Hard,128,G,20250113,47,206681,,,Fabian Marozsan,R,193,HUN,25.268,59,960,205734,,,Thiago Seyboth Wild,R,185,BRA,24.846,79,732,6-3 6-7(5) 7-5 5-7 7-5,5,R128,236,20,1,165,118,88,32,29,2,4,23,6,190,132,102,24,28,12,16
2025-580,Australian Open,Hard,128,G,20250113,48,210317,,WC,James McCabe,R,188,AUS,21.528,258,216,212021,,Q,Martin Landaluce,R,193,ESP,19.014,142,414,6-4 6-3 6-4,5,R128,127,14,2,82,63,52,12,15,1,1,9,8,92,54,41,15,14,6,9
2025-580,Australian Open,Hard,128,G,20250113,49,210150,,,Jakub Mensik,R,196,CZE,19.368,48,1162,105932,,Q,Nikoloz Basilashvili,R,185,GEO,32.89,206,273,6-1 6-7(3) 6-3 6-3,5,R128,153,31,8,125,68,56,29,19,11,12,10,9,116,58,45,24,18,5,11
2025-580,Australian Open,Hard,128,G,20250113,50,106415,,,Yoshihito Nishioka,L,170,JPN,29.298,65,807,144826,,Q,Aziz Dougaz,L,188,TUN,27.803,231,254,3-6 6-4 7-6(3) 6-3,5,R128,179,3,1,117,70,50,31,20,5,8,18,7,135,85,63,16,20,6,11
2025-580,Australian Open,Hard,128,G,20250113,51,209262,,WC,Tristan Schoolkate,R,183,AUS,23.88,173,336,106121,,,Taro Daniel,R,191,JPN,31.962,113,519,6-7(6) 7-6(4) 6-1 6-4,5,R128,194,23,4,133,72,61,35,21,8,10,8,1,128,86,63,20,20,7,12
2025-580,Australian Open,Hard,128,G,20250113,52,126846,,,Aleksandar Vukic,R,188,AUS,28.772,68,778,106000,,,Damir Dzumhur,R,175,BIH,32.652,82,679,6-7(3) 6-0 3-6 6-3 6-4,5,R128,199,24,3,131,76,57,30,23,6,10,3,4,149,94,52,34,23,7,15
2025-580,Australian Open,Hard,128,G,20250113,53,100644,2,,Alexander Zverev,R,198,GER,27.734,2,7635,106298,,WC,Lucas Pouille,R,185,FRA,30.888,103,575,6-4 6-4 6-4,5,R128,141,18,2,88,64,50,15,15,2,2,3,7,113,62,45,21,15,15,18
2025-580,Australian Open,Hard,128,G,20250113,54,134770,6,,Casper Ruud,R,183,NOR,26.062,6,4210,144719,,,Jaume Munar,R,183,ESP,27.693,62,922,6-3 1-6 7-5 2-6 6-1,5,R128,201,7,2,123,83,57,23,22,3,8,10,3,138,90,66,18,21,7,12
2025-580,Australian Open,Hard,128,G,20250113,55,200005,14,,Ugo Humbert,L,188,FRA,26.552,14,2765,209263,,Q,Matteo Gigante,L,180,ITA,23.025,145,403,7-6(5) 7-5 6-4,5,R128,169,9,4,107,67,50,25,17,2,3,16,7,119,75,58,21,17,6,9
2025-580,Australian Open,Hard,128,G,20250113,56,209950,20,,Arthur Fils,R,185,FRA,20.589,21,2280,202261,,,Otto Virtanen,R,193,FIN,23.565,93,627,3-6 7-6(4) 6-4 6-4,5,R128,165,15,2,116,74,60,23,21,2,4,11,12,146,80,59,32,20,7,10
2025-580,Australian Open,Hard,128,G,20250113,57,208103,24,,Jiri Lehecka,R,185,CZE,23.181,29,1660,111454,,WC,Li Tu,R,183,AUS,28.632,168,342,6-1 3-6 6-3 7-6(1),5,R128,140,13,2,103,67,54,26,19,3,4,8,4,107,66,50,21,18,3,6
2025-580,Australian Open,Hard,128,G,20250113,58,207830,26,,Tomas Machac,R,183,CZE,24.252,25,1805,111576,,,Sumit Nagal,R,178,IND,27.411,91,635,6-3 6-1 7-5,5,R128,125,7,4,82,40,31,25,14,5,7,0,5,85,58,31,10,14,8,15
2025-580,Australian Open,Hard,128,G,20250113,59,200384,,,Hugo Gaston,L,173,FRA,24.298,81,703,117357,,WC,Omar Jasika,L,183,AUS,27.658,179,323,6-2 3-6 6-2 6-2,5,R128,150,12,2,101,61,46,22,17,7,9,2,3,109,85,51,9,16,4,11
2025-580,Australian Open,Hard,128,G,20250113,60,200273,,Q,Hady Habib,R,188,LBN,26.398,219,264,207352,,,Yunchaokete Bu,R,185,CHN,22.984,67,784,7-6(4) 6-4 7-6(6),5,R128,151,18,2,89,59,52,23,17,0,1,13,3,112,64,44,30,17,3,5
2025-580,Australian Open,Hard,128,G,20250113,61,111460,,,Quentin Halys,R,191,FRA,28.216,74,756,200443,,,Adam Walton,R,183,AUS,25.744,90,636,4-6 4-6 6-4 7-6(4) 7-5,5,R128,218,31,6,164,99,83,32,27,4,6,11,1,157,105,78,35,27,3,5
2025-580,Australian Open,Hard,128,G,20250113,62,124079,,,Pedro Martinez,R,185,ESP,27.718,44,1220,209260,,,Luciano Darderi,R,183,ITA,22.913,45,1198,6-3 4-1 RET,5,R128,72,1,2,42,32,23,6,7,4,5,3,4,57,36,20,6,7,3,7
2025-580,Australian Open,Hard,128,G,20250113,63,105453,,,Kei Nishikori,R,178,JPN,35.042,76,743,106329,,Q,Thiago Monteiro,L,183,BRA,30.623,105,566,4-6 6-7(4) 7-5 6-2 6-3,5,R128,246,17,3,140,101,82,22,26,6,7,21,5,169,108,80,31,25,14,19
2025-580,Australian Open,Hard,128,G,20250113,64,124187,,,Reilly Opelka,R,211,USA,27.379,170,341,O0A2,,Q,Gauthier Onclin,R,180,BEL,23.88,239,242,3-6 7-6(4) 6-3 6-2,5,R128,191,38,5,160,115,85,15,19,10,13,2,4,121,83,54,20,19,3,7
2025-580,Australian Open,Hard,128,G,20250113,65,206173,1,,Jannik Sinner,R,191,ITA,23.411,1,11830,209262,,WC,Tristan Schoolkate,R,183,AUS,23.88,173,336,4-6 6-4 6-1 6-3,5,R64,166,14,5,100,62,48,21,18,0,1,13,10,138,83,59,19,18,8,13
2025-580,Australian Open,Hard,128,G,20250113,66,126203,4,,Taylor Fritz,R,196,USA,27.211,4,5350,106426,,Q,Cristian Garin,R,185,CHI,28.624,150,382,6-2 6-1 6-0,5,R64,82,8,1,60,40,32,12,11,0,0,2,3,62,40,20,7,10,2,9
2025-580,Australian Open,Hard,128,G,20250113,67,210530,,Q,Learner Tien,L,180,USA,19.116,121,493,106421,5,,Daniil Medvedev,R,198,RUS,28.923,5,5030,6-3 7-6(4) 6-7(8) 1-6 7-6(7),5,R64,288,7,4,201,142,86,26,26,14,24,20,9,169,95,67,32,26,6,15
2025-580,Australian Open,Hard,128,G,20250113,68,200282,8,,Alex de Minaur,R,183,AUS,25.906,8,3535,B0EJ,,Q,Tristan Boyer,R,188,USA,23.732,136,448,6-2 6-4 6-3,5,R64,119,6,3,64,34,30,21,14,1,2,3,2,96,63,40,11,13,8,14
2025-580,Australian Open,Hard,128,G,20250113,69,208029,13,,Holger Rune,R,188,DEN,21.711,13,2910,126610,,,Matteo Berrettini,R,196,ITA,28.756,34,1380,7-6(3) 2-6 6-3 7-6(6),5,R64,207,8,6,127,81,59,28,21,6,10,16,2,149,108,70,23,20,7,10
2025-580,Australian Open,Hard,128,G,20250113,70,207518,16,,Lorenzo Musetti,R,185,ITA,22.867,15,2600,133430,,,Denis Shapovalov,L,185,CAN,25.749,56,1006,7-6(3) 7-6(6) 6-2,5,R64,162,3,4,111,76,58,19,16,4,5,5,15,112,65,46,20,16,8,11
2025-580,Australian Open,Hard,128,G,20250113,71,206681,,,Fabian Marozsan,R,193,HUN,25.268,59,960,126207,17,,Frances Tiafoe,R,188,USA,26.982,16,2560,6-7(3) 6-4 3-6 6-4 6-1,5,R64,197,14,6,172,101,74,39,24,17,20,19,10,150,85,67,28,24,11,17
2025-580,Australian Open,Hard,128,G,20250113,72,200175,,,Miomir Kecmanovic,R,183,SRB,25.372,51,1096,128034,18,,Hubert Hurkacz,R,196,POL,27.921,17,2555,6-4 6-4 6-2,5,R64,111,6,0,84,49,38,24,14,3,3,14,6,82,53,41,11,14,7,11
2025-580,Australian Open,Hard,128,G,20250113,73,111575,19,,Karen Khachanov,R,198,RUS,28.649,19,2410,209113,,,Gabriel Diallo,R,203,CAN,23.305,86,646,7-6(4) 4-6 6-3 6-3,5,R64,194,10,1,122,71,56,32,20,4,5,15,4,135,87,66,22,20,7,10
2025-580,Australian Open,Hard,128,G,20250113,74,210097,21,,Ben Shelton,L,193,USA,22.264,20,2280,105807,,,Pablo Carreno Busta,R,188,ESP,33.509,182,317,6-3 6-3 6-7(4) 6-4,5,R64,156,17,4,111,68,58,30,20,6,6,3,1,109,74,59,19,20,1,5
2025-580,Australian Open,Hard,128,G,20250113,75,202103,31,,Francisco Cerundolo,R,185,ARG,26.42,31,1620,207680,,,Facundo Diaz Acosta,L,183,ARG,24.079,73,758,6-2 1-0 RET,5,R64,40,2,0,26,17,12,5,5,1,2,0,2,27,18,7,3,4,2,6
2025-580,Australian Open,Hard,128,G,20250113,76,106218,,,Marcos Giron,R,180,USA,31.474,46,1175,144869,,,Tomas Martin Etcheverry,R,196,ARG,25.492,38,1315,7-5 3-6 7-5 3-6 6-4,5,R64,246,8,1,163,98,64,34,26,11,19,14,1,153,94,60,30,26,6,14
2025-580,Australian Open,Hard,128,G,20250113,77,210506,,,Alex Michelsen,R,193,USA,20.386,42,1270,210317,,WC,James McCabe,R,188,AUS,21.528,258,216,7-5 6-3 7-6(4),5,R64,135,8,2,96,76,61,14,17,0,0,10,4,110,65,48,19,16,12,14
2025-580,Australian Open,Hard,128,G,20250113,78,104792,,,Gael Monfils,R,193,FRA,38.368,41,1280,127157,,,Daniel Altmaier,R,188,GER,26.338,101,582,7-5 6-3 7-6(3),5,R64,139,12,8,99,57,47,21,17,2,5,4,2,99,55,36,22,16,5,10
2025-580,Australian Open,Hard,128,G,20250113,79,144895,,,Corentin Moutet,L,180,FRA,25.739,69,772,106283,,Q,Mitchell Krueger,R,188,USA,31.003,146,396,4-6 6-4 7-6(3) 6-4,5,R64,217,7,5,147,97,66,24,21,5,9,4,5,137,82,55,30,21,6,11
2025-580,Australian Open,Hard,128,G,20250113,80,132283,,,Lorenzo Sonego,R,191,ITA,29.678,55,1026,211663,,Q,Joao Fonseca,R,188,BRA,18.398,112,520,6-7(6) 6-3 6-1 3-6 6-3,5,R64,217,12,3,140,93,72,27,23,5,6,11,6,146,88,62,29,23,7,12
2025-580,Australian Open,Hard,128,G,20250113,81,100644,2,,Alexander Zverev,R,198,GER,27.734,2,7635,124079,,,Pedro Martinez,R,185,ESP,27.718,44,1220,6-1 6-4 6-1,5,R64,114,8,2,73,54,41,12,12,6,6,0,4,72,49,26,8,12,7,13
2025-580,Australian Open,Hard,128,G,20250113,82,207989,3,,Carlos Alcaraz,R,183,ESP,21.695,3,7010,106415,,,Yoshihito Nishioka,L,170,JPN,29.298,65,807,6-0 6-1 6-4,5,R64,81,14,3,60,36,32,17,12,0,0,1,3,61,33,19,11,11,4,10
2025-580,Australian Open,Hard,128,G,20250113,83,210150,,,Jakub Mensik,R,196,CZE,19.368,48,1162,134770,6,,Casper Ruud,R,183,NOR,26.062,6,4210,6-2 3-6 6-1 6-4,5,R64,164,22,1,108,65,46,28,17,7,8,7,6,121,75,47,22,17,11,16
2025-580,Australian Open,Hard,128,G,20250113,84,104925,7,,Novak Djokovic,R,188,SRB,37.648,7,3900,210262,,Q,Jaime Faria,R,188,POR,21.44,125,481,6-1 6-7(4) 6-3 6-2,5,R64,180,14,2,113,74,56,22,18,5,7,14,6,107,63,40,17,18,5,12
2025-580,Australian Open,Hard,128,G,20250113,85,126205,12,,Tommy Paul,R,185,USA,27.661,11,3195,105453,,,Kei Nishikori,R,178,JPN,35.042,76,743,6-7(3) 6-0 6-3 6-1,5,R64,161,8,2,104,74,55,11,17,1,5,0,5,129,86,41,18,17,7,18
2025-580,Australian Open,Hard,128,G,20250113,86,200005,14,,Ugo Humbert,L,188,FRA,26.552,14,2765,200273,,Q,Hady Habib,R,188,LBN,26.398,219,264,6-3 6-4 6-4,5,R64,101,17,1,75,50,43,18,15,0,0,11,4,89,58,42,14,14,7,10
2025-580,Australian Open,Hard,128,G,20250113,87,207733,15,,Jack Draper,L,193,GBR,23.061,18,2530,106423,,,Thanasi Kokkinakis,R,193,AUS,28.761,71,766,6-7(3) 6-3 3-6 7-5 6-3,5,R64,275,12,4,157,97,69,40,26,4,7,11,4,164,115,86,19,25,6,11
2025-580,Australian Open,Hard,128,G,20250113,88,209950,20,,Arthur Fils,R,185,FRA,20.589,21,2280,111460,,,Quentin Halys,R,191,FRA,28.216,74,756,6-2 4-6 7-6(2) 7-5,5,R64,172,12,5,120,79,64,24,21,5,6,24,4,125,81,59,23,21,4,7
2025-580,Australian Open,Hard,128,G,20250113,89,126846,,,Aleksandar Vukic,R,188,AUS,28.772,68,778,200624,22,,Sebastian Korda,R,196,USA,24.526,22,2065,6-4 3-6 2-6 6-3 7-5,5,R64,197,17,5,150,94,66,33,24,10,14,21,4,131,81,61,29,24,2,6
2025-580,Australian Open,Hard,128,G,20250113,90,208103,24,,Jiri Lehecka,R,185,CZE,23.181,29,1660,200384,,,Hugo Gaston,L,173,FRA,24.298,81,703,6-3 3-1 RET,5,R64,57,6,2,44,19,19,11,7,3,4,1,1,57,39,23,5,6,5,8
2025-580,Australian Open,Hard,128,G,20250113,91,207830,26,,Tomas Machac,R,183,CZE,24.252,25,1805,124187,,,Reilly Opelka,R,211,USA,27.379,170,341,3-6 7-6(1) 6-7(5) 7-6(4) 6-4,5,R64,205,16,7,167,105,88,36,28,7,8,40,16,173,115,102,24,27,4,5
2025-580,Australian Open,Hard,128,G,20250113,92,132686,,,Nuno Borges,R,185,POR,27.899,33,1445,111442,27,,Jordan Thompson,R,183,AUS,30.735,27,1695,6-3 6-2 6-4,5,R64,107,6,0,81,62,46,15,14,2,2,6,2,81,51,32,14,13,5,9
2025-580,Australian Open,Hard,128,G,20250113,93,200221,,,Alejandro Davidovich Fokina,R,180,ESP,25.61,66,790,200000,29,,Felix Auger-Aliassime,R,193,CAN,24.433,23,1905,6-7(7) 6-7(5) 6-4 6-1 6-3,5,R64,291,7,3,176,112,78,36,25,6,10,11,6,152,108,69,22,25,9,18
2025-580,Australian Open,Hard,128,G,20250113,94,126127,,,Benjamin Bonzi,R,183,FRA,28.597,64,819,208859,,LL,Francesco Passaro,R,180,ITA,24.016,104,571,6-2 6-4 3-6 6-4,5,R64,130,2,1,104,75,54,19,19,7,9,8,3,100,71,50,18,18,4,9
2025-580,Australian Open,Hard,128,G,20250113,95,106148,,,Roberto Carballes Baena,R,183,ESP,31.811,57,981,105902,,,James Duckworth,R,183,AUS,32.98,89,637,6-4 6-2 7-5,5,R64,171,10,1,77,51,42,19,15,0,0,6,3,111,67,41,22,15,11,15
2025-580,Australian Open,Hard,128,G,20250113,96,207985,,,Jacob Fearnley,R,183,GBR,23.499,92,632,209070,,,Arthur Cazaux,R,183,FRA,22.393,78,732,3-6 7-5 6-2 6-3,5,R64,177,9,9,111,69,51,21,19,4,8,5,2,106,62,41,21,19,6,13
2025-580,Australian Open,Hard,128,G,20250113,97,206173,1,,Jannik Sinner,R,191,ITA,23.411,1,11830,106218,,,Marcos Giron,R,180,USA,31.474,46,1175,6-3 6-4 6-2,5,R32,121,8,2,83,50,41,17,14,6,7,2,2,82,48,32,12,13,5,10
2025-580,Australian Open,Hard,128,G,20250113,98,104792,,,Gael Monfils,R,193,FRA,38.368,41,1280,126203,4,,Taylor Fritz,R,196,USA,27.211,4,5350,3-6 7-5 7-6(1) 6-4,5,R32,188,24,4,121,74,61,32,22,3,4,12,0,130,87,65,25,21,4,6
2025-580,Australian Open,Hard,128,G,20250113,99,200282,8,,Alex de Minaur,R,183,AUS,25.906,8,3535,202103,31,,Francisco Cerundolo,R,185,ARG,26.42,31,1620,5-7 7-6(3) 6-3 6-3,5,R32,233,7,9,137,67,47,39,21,4,9,5,6,152,79,50,34,21,9,16
2025-580,Australian Open,Hard,128,G,20250113,100,208029,13,,Holger Rune,R,188,DEN,21.711,13,2910,200175,,,Miomir Kecmanovic,R,183,SRB,25.372,51,1096,6-7(5) 6-3 4-6 6-4 6-4,5,R32,207,16,5,158,95,73,28,26,3,8,4,6,149,95,66,27,25,8,15
2025-580,Australian Open,Hard,128,G,20250113,101,210097,21,,Ben Shelton,L,193,USA,22.264,20,2280,207518,16,,Lorenzo Musetti,R,185,ITA,22.867,15,2600,6-3 3-6 6-4 7-6(5),5,R32,172,11,3,119,83,67,17,20,4,6,2,3,116,69,51,28,20,3,6
2025-580,Australian Open,Hard,128,G,20250113,102,210506,,,Alex Michelsen,R,193,USA,20.386,42,1270,111575,19,,Karen Khachanov,R,198,RUS,28.649,19,2410,6-3 7-6(5) 6-2,5,R32,134,8,4,99,62,45,22,15,2,3,14,1,83,52,38,15,14,0,4
2025-580,Australian Open,Hard,128,G,20250113,103,132283,,,Lorenzo Sonego,R,191,ITA,29.678,55,1026,206681,,,Fabian Marozsan,R,193,HUN,25.268,59,960,6-7(3) 7-6(6) 6-1 6-2,5,R32,196,15,3,130,81,69,26,20,5,5,9,7,134,86,63,23,19,11,15
2025-580,Australian Open,Hard,128,G,20250113,104,210530,,Q,Learner Tien,L,180,USA,19.116,121,493,144895,,,Corentin Moutet,L,180,FRA,25.739,69,772,7-6(10) 6-3 6-3,5,R32,169,1,5,107,56,41,28,15,10,13,3,2,107,75,45,15,15,9,15
2025-580,Australian Open,Hard,128,G,20250113,105,100644,2,,Alexander Zverev,R,198,GER,27.734,2,7635,207985,,,Jacob Fearnley,R,183,GBR,23.499,92,632,6-3 6-4 6-4,5,R32,122,7,1,81,58,46,12,15,4,6,6,6,79,52,32,13,14,7,12
2025-580,Australian Open,Hard,128,G,20250113,106,207989,3,,Carlos Alcaraz,R,183,ESP,21.695,3,7010,132686,,,Nuno Borges,R,185,POR,27.899,33,1445,6-2 6-4 6-7(3) 6-2,5,R32,175,9,3,109,67,56,24,19,3,3,3,1,137,94,60,23,19,8,13
2025-580,Australian Open,Hard,128,G,20250113,107,104925,7,,Novak Djokovic,R,188,SRB,37.648,7,3900,207830,26,,Tomas Machac,R,183,CZE,24.252,25,1805,6-1 6-4 6-4,5,R32,142,9,4,79,51,41,15,14,2,3,4,5,87,55,35,12,13,10,15
2025-580,Australian Open,Hard,128,G,20250113,108,126205,12,,Tommy Paul,R,185,USA,27.661,11,3195,106148,,,Roberto Carballes Baena,R,183,ESP,31.811,57,981,7-6(0) 6-2 6-0,5,R32,143,7,2,86,47,37,20,13,3,5,3,10,98,54,37,9,13,9,16
2025-580,Australian Open,Hard,128,G,20250113,109,200005,14,,Ugo Humbert,L,188,FRA,26.552,14,2765,209950,20,,Arthur Fils,R,185,FRA,20.589,21,2280,4-6 7-5 6-4 1-0 RET,5,R32,157,3,6,102,65,50,14,17,4,7,6,3,101,62,42,18,16,5,10
2025-580,Australian Open,Hard,128,G,20250113,110,207733,15,,Jack Draper,L,193,GBR,23.061,18,2530,126846,,,Aleksandar Vukic,R,188,AUS,28.772,68,778,6-4 2-6 5-7 7-6(5) 7-6(8),5,R32,238,29,4,164,112,84,27,27,8,14,22,6,188,119,93,28,27,14,18
2025-580,Australian Open,Hard,128,G,20250113,111,208103,24,,Jiri Lehecka,R,185,CZE,23.181,29,1660,126127,,,Benjamin Bonzi,R,183,FRA,28.597,64,819,6-2 6-3 6-3,5,R32,107,9,1,76,52,42,14,13,2,2,1,2,85,51,29,19,13,3,8
2025-580,Australian Open,Hard,128,G,20250113,112,200221,,,Alejandro Davidovich Fokina,R,180,ESP,25.61,66,790,210150,,,Jakub Mensik,R,196,CZE,19.368,48,1162,3-6 4-6 7-6(7) 6-4 6-2,5,R32,210,4,3,156,108,74,25,25,17,22,16,7,142,81,67,24,24,3,9
2025-580,Australian Open,Hard,128,G,20250113,113,206173,1,,Jannik Sinner,R,191,ITA,23.411,1,11830,208029,13,,Holger Rune,R,188,DEN,21.711,13,2910,6-3 3-6 6-3 6-2,5,R16,193,14,6,105,59,49,27,18,4,5,5,4,110,68,45,21,17,4,8
2025-580,Australian Open,Hard,128,G,20250113,114,200282,8,,Alex de Minaur,R,183,AUS,25.906,8,3535,210506,,,Alex Michelsen,R,193,USA,20.386,42,1270,6-0 7-6(5) 6-3,5,R16,129,5,1,90,38,30,33,14,3,4,3,1,87,58,35,14,13,6,11
2025-580,Australian Open,Hard,128,G,20250113,115,210097,21,,Ben Shelton,L,193,USA,22.264,20,2280,104792,,,Gael Monfils,R,193,FRA,38.368,41,1280,7-6(3) 6-7(3) 7-6(2) 1-0 RET,5,R16,177,7,3,120,83,67,20,19,5,6,12,9,124,74,61,23,18,2,4
2025-580,Australian Open,Hard,128,G,20250113,116,132283,,,Lorenzo Sonego,R,191,ITA,29.678,55,1026,210530,,Q,Learner Tien,L,180,USA,19.116,121,493,6-3 6-2 3-6 6-1,5,R16,145,20,2,95,63,57,14,17,3,4,4,7,102,58,43,14,16,6,11
2025-580,Australian Open,Hard,128,G,20250113,117,100644,2,,Alexander Zverev,R,198,GER,27.734,2,7635,200005,14,,Ugo Humbert,L,188,FRA,26.552,14,2765,6-1 2-6 6-3 6-2,5,R16,136,19,3,86,61,51,12,16,5,7,12,3,104,74,51,7,16,10,16
2025-580,Australian Open,Hard,128,G,20250113,118,207989,3,,Carlos Alcaraz,R,183,ESP,21.695,3,7010,207733,15,,Jack Draper,L,193,GBR,23.061,18,2530,7-5 6-1 RET,5,R16,95,6,5,59,40,33,7,10,2,3,5,2,68,40,22,12,9,8,12
2025-580,Australian Open,Hard,128,G,20250113,119,104925,7,,Novak Djokovic,R,188,SRB,37.648,7,3900,208103,24,,Jiri Lehecka,R,185,CZE,23.181,29,1660,6-3 6-4 7-6(4),5,R16,159,9,3,92,54,44,24,16,2,3,11,4,106,60,47,19,15,8,11
2025-580,Australian Open,Hard,128,G,20250113,120,126205,12,,Tommy Paul,R,185,USA,27.661,11,3195,200221,,,Alejandro Davidovich Fokina,R,180,ESP,25.61,66,790,6-1 6-1 6-1,5,R16,87,8,0,67,45,38,12,11,3,3,2,0,61,36,18,8,10,6,13
2025-580,Australian Open,Hard,128,G,20250113,121,206173,1,,Jannik Sinner,R,191,ITA,23.411,1,11830,200282,8,,Alex de Minaur,R,183,AUS,25.906,8,3535,6-3 6-2 6-1,5,QF,108,2,0,59,38,32,17,12,1,1,2,1,78,40,26,15,12,4,10
2025-580,Australian Open,Hard,128,G,20250113,122,210097,21,,Ben Shelton,L,193,USA,22.264,20,2280,132283,,,Lorenzo Sonego,R,191,ITA,29.678,55,1026,6-4 7-5 4-6 7-6(4),5,QF,230,9,4,141,100,75,24,22,6,8,3,1,153,101,72,27,22,8,11
2025-580,Australian Open,Hard,128,G,20250113,123,100644,2,,Alexander Zverev,R,198,GER,27.734,2,7635,126205,12,,Tommy Paul,R,185,USA,27.661,11,3195,7-6(1) 7-6(0) 2-6 6-1,5,QF,208,7,5,135,93,67,22,20,7,11,9,2,118,76,51,21,19,3,7
2025-580,Australian Open,Hard,128,G,20250113,124,104925,7,,Novak Djokovic,R,188,SRB,37.648,7,3900,207989,3,,Carlos Alcaraz,R,183,ESP,21.695,3,7010,4-6 6-4 6-3 6-4,5,QF,217,5,3,136,86,54,29,20,7,11,10,5,125,92,62,11,19,7,13
2025-580,Australian Open,Hard,128,G,20250113,125,206173,1,,Jannik Sinner,R,191,ITA,23.411,1,11830,210097,21,,Ben Shelton,L,193,USA,22.264,20,2280,7-6(2) 6-2 6-2,5,SF,156,8,0,89,51,38,24,14,5,7,7,6,118,70,40,22,14,7,13
2025-580,Australian Open,Hard,128,G,20250113,126,100644,2,,Alexander Zverev,R,198,GER,27.734,2,7635,104925,7,,Novak Djokovic,R,188,SRB,37.648,7,3900,7-6(5) RET,5,SF,81,8,1,38,29,24,7,6,3,3,5,0,54,29,21,15,6,5,5
2025-580,Australian Open,Hard,128,G,20250113,127,206173,1,,Jannik Sinner,R,191,ITA,23.411,1,11830,100644,2,,Alexander Zverev,R,198,GER,27.734,2,7635,6-3 7-6(4) 6-3,5,F,162,6,2,95,57,48,24,15,0,0,12,2,95,65,45,15,15,8,10
2025-375,Montpellier,Hard,28,A,20250127,1,206499,,Q,Aleksandar Kovacevic,R,183,USA,26.415,102,577,105676,6,,David Goffin,R,180,BEL,34.141,56,994,6-2 3-6 6-4,3,R32,114,9,5,83,46,38,16,14,4,6,8,1,75,45,34,16,13,3,6
2025-375,Montpellier,Hard,28,A,20250127,2,105932,,Q,Nikoloz Basilashvili,R,185,GEO,32.928,178,323,105062,,,Mikhail Kukushkin,R,183,KAZ,37.09,112,541,6-3 3-6 5-0 RET,3,R32,104,8,1,71,38,30,17,12,2,4,8,0,69,38,22,16,11,4,8
2025-375,Montpellier,Hard,28,A,20250127,3,207411,,,Jesper de Jong,R,180,NED,24.66,131,466,111460,,WC,Quentin Halys,R,191,FRA,28.255,74,756,7-6(7) 2-0 RET,3,R32,72,6,3,46,25,21,15,7,0,0,11,4,51,30,25,8,7,1,2
2025-375,Montpellier,Hard,28,A,20250127,4,134868,5,,Tallon Griekspoor,R,188,NED,28.572,46,1190,122298,,,Botic van de Zandschulp,R,191,NED,29.317,84,672,7-5 6-3,3,R32,95,8,2,77,47,34,13,11,5,7,4,10,57,28,21,10,10,0,4
2025-375,Montpellier,Hard,28,A,20250127,5,126239,7,,Arthur Rinderknech,R,196,FRA,29.517,61,924,208004,,,Harold Mayot,R,180,FRA,22.979,130,472,7-6(2) 2-6 6-1,3,R32,130,16,7,106,61,48,21,14,14,16,5,1,75,51,41,11,13,1,3
2025-375,Montpellier,Hard,28,A,20250127,6,208233,,,Mattia Bellucci,L,175,ITA,23.658,98,605,106298,,,Lucas Pouille,R,185,FRA,30.927,104,575,6-4 6-4,3,R32,100,8,1,70,40,34,14,10,10,10,6,5,69,34,31,11,10,7,9
2025-375,Montpellier,Hard,28,A,20250127,7,111153,,,Christopher Eubanks,R,201,USA,28.731,111,548,208230,,Q,Alibek Kachmazov,R,185,RUS,22.448,199,299,7-5 6-4,3,R32,80,8,1,62,47,38,6,11,3,4,4,1,61,38,26,11,11,1,4
2025-375,Montpellier,Hard,28,A,20250127,8,104755,,,Richard Gasquet,R,183,FRA,38.612,132,460,105173,,,Adrian Mannarino,L,180,FRA,36.58,108,561,6-3 6-2,3,R32,75,4,3,48,28,26,11,9,0,0,1,2,56,36,22,9,8,3,6
2025-375,Montpellier,Hard,28,A,20250127,9,106005,,Q,Constant Lestienne,R,180,FRA,32.682,177,323,106432,,,Borna Coric,R,188,CRO,28.203,103,575,6-3 7-5,3,R32,98,2,2,62,42,33,10,11,1,2,7,0,61,41,29,8,10,2,5
2025-375,Montpellier,Hard,28,A,20250127,10,207352,8,,Yunchaokete Bu,R,185,CHN,23.023,71,787,127157,,,Daniel Altmaier,R,188,GER,26.376,91,622,7-6(1) 6-3,3,R32,103,4,0,61,38,31,16,10,2,2,6,1,79,56,35,12,11,2,4
2025-375,Montpellier,Hard,28,A,20250127,11,209070,,,Arthur Cazaux,R,183,FRA,22.431,101,582,104527,,WC,Stan Wawrinka,R,183,SUI,39.836,154,361,6-4 6-3,3,R32,88,0,0,56,34,29,11,9,2,2,8,1,64,33,24,14,10,5,8
2025-375,Montpellier,Hard,28,A,20250127,12,136440,,,Dominik Koepfer,L,180,GER,30.749,118,515,106296,,WC,Gregoire Barrere,R,183,FRA,30.946,144,406,6-4 7-6(5),3,R32,95,6,2,81,52,42,10,11,7,9,2,4,64,37,25,15,11,0,3
2025-375,Montpellier,Hard,28,A,20250127,13,207411,,,Jesper de Jong,R,180,NED,24.66,131,466,207925,3,,Flavio Cobolli,R,183,ITA,22.73,34,1392,6-3 7-6(2),3,R16,116,9,1,64,30,27,20,11,3,4,2,0,72,43,26,16,10,4,6
2025-375,Montpellier,Hard,28,A,20250127,14,134868,5,,Tallon Griekspoor,R,188,NED,28.572,46,1190,104755,,,Richard Gasquet,R,183,FRA,38.612,132,460,6-3 3-6 7-5,3,R16,123,18,2,97,68,51,15,15,8,9,11,3,85,49,40,19,15,3,5
2025-375,Montpellier,Hard,28,A,20250127,15,105932,,Q,Nikoloz Basilashvili,R,185,GEO,32.928,178,323,126239,7,,Arthur Rinderknech,R,196,FRA,29.517,61,924,6-0 7-6(4),3,R16,97,7,1,66,42,29,14,9,3,4,7,3,72,47,28,8,9,4,8
2025-375,Montpellier,Hard,28,A,20250127,16,206499,,Q,Aleksandar Kovacevic,R,183,USA,26.415,102,577,208233,,,Mattia Bellucci,L,175,ITA,23.658,98,605,7-5 7-6(5),3,R16,105,9,1,71,44,39,17,12,1,1,15,0,71,47,37,16,12,0,1
2025-375,Montpellier,Hard,28,A,20250127,17,126094,1,WC,Andrey Rublev,R,188,RUS,27.272,10,3130,111153,,,Christopher Eubanks,R,201,USA,28.731,111,548,6-4 6-3,3,R16,64,4,0,48,28,25,12,9,3,3,8,1,52,42,27,5,10,3,6
2025-375,Montpellier,Hard,28,A,20250127,18,200000,2,,Felix Auger-Aliassime,R,193,CAN,24.471,23,1855,209070,,,Arthur Cazaux,R,183,FRA,22.431,101,582,6-4 7-6(5),3,R16,107,11,2,55,43,36,7,11,0,1,5,3,72,47,31,13,11,4,6
2025-375,Montpellier,Hard,28,A,20250127,19,122330,4,,Alexander Bublik,R,196,KAZ,27.614,39,1330,136440,,,Dominik Koepfer,L,180,GER,30.749,118,515,6-4 6-2,3,R16,70,10,5,59,41,31,9,9,3,4,1,2,53,31,22,8,9,2,6
2025-375,Montpellier,Hard,28,A,20250127,20,207352,8,,Yunchaokete Bu,R,185,CHN,23.023,71,787,106005,,Q,Constant Lestienne,R,180,FRA,32.682,177,323,6-2 6-1,3,R16,63,9,0,39,22,19,11,7,1,1,4,4,61,32,22,7,8,9,14
2025-375,Montpellier,Hard,28,A,20250127,21,126094,1,WC,Andrey Rublev,R,188,RUS,27.272,10,3130,105932,,Q,Nikoloz Basilashvili,R,185,GEO,32.928,178,323,5-2 RET,3,QF,26,7,0,18,10,9,6,3,0,0,4,1,21,8,6,6,4,0,2
2025-375,Montpellier,Hard,28,A,20250127,22,200000,2,,Felix Auger-Aliassime,R,193,CAN,24.471,23,1855,207352,8,,Yunchaokete Bu,R,185,CHN,23.023,71,787,6-3 6-4,3,QF,83,11,0,51,35,30,11,10,0,0,3,0,53,27,22,13,9,3,5
2025-375,Montpellier,Hard,28,A,20250127,23,206499,,Q,Aleksandar Kovacevic,R,183,USA,26.415,102,577,122330,4,,Alexander Bublik,R,196,KAZ,27.614,39,1330,6-3 6-2,3,QF,76,4,0,59,37,31,11,9,8,8,12,7,65,37,28,9,8,6,9
2025-375,Montpellier,Hard,28,A,20250127,24,207411,,,Jesper de Jong,R,180,NED,24.66,131,466,134868,5,,Tallon Griekspoor,R,188,NED,28.572,46,1190,7-6(5) 6-4,3,QF,106,8,1,80,55,44,14,11,6,6,12,3,68,43,35,14,11,2,3
2025-375,Montpellier,Hard,28,A,20250127,25,206499,,Q,Aleksandar Kovacevic,R,183,USA,26.415,102,577,126094,1,WC,Andrey Rublev,R,188,RUS,27.272,10,3130,7-5 6-4,3,SF,95,9,1,77,41,33,18,11,4,5,8,2,55,35,27,10,11,2,5
2025-375,Montpellier,Hard,28,A,20250127,26,200000,2,,Felix Auger-Aliassime,R,193,CAN,24.471,23,1855,207411,,,Jesper de Jong,R,180,NED,24.66,131,466,6-4 7-6(4),3,SF,123,12,6,70,42,31,16,11,2,3,11,2,86,57,40,11,11,11,13
2025-375,Montpellier,Hard,28,A,20250127,27,200000,2,,Felix Auger-Aliassime,R,193,CAN,24.471,23,1855,206499,,Q,Aleksandar Kovacevic,R,183,USA,26.415,102,577,6-2 6-7(7) 7-6(2),3,F,159,19,1,105,78,61,17,16,1,1,7,2,99,60,44,26,16,1,3
2025-M-DC-2025-QLS-M-SWE-ARG-01,Davis Cup QLS R1: SWE vs ARG,Hard,4,D,20250131,1,200282,,,Alex de Minaur,R,183,AUS,25.955,8,3735,144707,,,Mikael Ymer,R,185,SWE,26.396,,,7-5 6-1,3,RR,,,,,,,,,,,,,,,,,,,
2025-M-DC-2025-QLS-M-SWE-ARG-01,Davis Cup QLS R1: SWE vs ARG,Hard,4,D,20250131,2,126846,,,Aleksandar Vukic,R,188,AUS,28.821,66,868,209863,,,Leo Borg,R,183,SWE,21.717,484,82,6-4 6-4,3,RR,,,,,,,,,,,,,,,,,,,
2025-M-DC-2025-QLS-M-SWE-ARG-01,Davis Cup QLS R1: SWE vs ARG,Hard,4,D,20250131,3,209863,,,Leo Borg,R,183,SWE,21.717,484,82,PC96,,,John Peers,R,188,AUS,36.52,,,7-5 6-4,3,RR,,,,,,,,,,,,,,,,,,,
2025-M-DC-2025-QLS-M-CAN-HUN-01,Davis Cup QLS R1: CAN vs HUN,Hard,4,D,20250131,1,206681,,,Fabian Marozsan,R,193,HUN,25.317,58,960,200008,,,Alexis Galarneau,R,180,CAN,25.919,176,326,6-3 3-6 6-3,3,RR,,,,,,,,,,,,,,,,,,,
2025-M-DC-2025-QLS-M-CAN-HUN-01,Davis Cup QLS R1: CAN vs HUN,Hard,4,D,20250131,2,105916,,,Marton Fucsovics,R,188,HUN,32.98,96,616,209113,,,Gabriel Diallo,R,203,CAN,23.354,85,672,3-6 6-2 6-2,3,RR,,,,,,,,,,,,,,,,,,,
2025-M-DC-2025-QLS-M-CAN-HUN-01,Davis Cup QLS R1: CAN vs HUN,Hard,4,D,20250131,3,209113,,,Gabriel Diallo,R,203,CAN,23.354,85,672,206681,,,Fabian Marozsan,R,193,HUN,25.317,58,960,6-1 6-3,3,RR,,,,,,,,,,,,,,,,,,,
2025-M-DC-2025-QLS-M-CAN-HUN-01,Davis Cup QLS R1: CAN vs HUN,Hard,4,D,20250131,4,105916,,,Marton Fucsovics,R,188,HUN,32.98,96,616,200008,,,Alexis Galarneau,R,180,CAN,25.919,176,326,7-6(8) 6-4,3,RR,,,,,,,,,,,,,,,,,,,
2025-M-DC-2025-QLS-M-ISR-GER-01,Davis Cup QLS R1: ISR vs GER,Hard,4,D,20250131,1,109739,,,Maximilian Marterer,L,188,GER,29.632,198,303,200075,,,Yshai Oliel,L,188,ISR,25.073,531,69,6-2 5-7 6-4,3,RR,,,,,,,,,,,,,,,,,,,
2025-M-DC-2025-QLS-M-ISR-GER-01,Davis Cup QLS R1: ISR vs GER,Hard,4,D,20250131,2,105870,,,Yannick Hanfmann,R,193,GER,33.218,92,618,131951,,,Daniel Cukierman,R,,ISR,29.566,556,63,6-4 6-4,3,RR,,,,,,,,,,,,,,,,,,,
2025-M-DC-2025-QLS-M-ISR-GER-01,Davis Cup QLS R1: ISR vs GER,Hard,4,D,20250131,3,S0V8,,,Ofek Shimanov,R,178,ISR,19.581,1226,7,109054,,,Daniel Masur,R,183,GER,30.237,265,202,7-6(2) 3-6 [10-8],3,RR,,,,,,,,,,,,,,,,,,,
2025-M-DC-2025-QLS-M-TPE-USA-01,Davis Cup QLS R1: TPE vs USA,Hard,4,D,20250131,1,106218,,,Marcos Giron,R,180,USA,31.524,43,1265,202358,,,Chun-Hsin Tseng,R,175,TPE,23.483,119,509,6-2 6-2,3,RR,,,,,,,,,,,,,,,,,,,
2025-M-DC-2025-QLS-M-TPE-USA-01,Davis Cup QLS R1: TPE vs USA,Hard,4,D,20250131,2,210506,,,Alex Michelsen,R,193,USA,20.435,36,1370,W857,,,Tung-Lin Wu,R,188,TPE,26.724,240,241,7-6(4) 6-3,3,RR,,,,,,,,,,,,,,,,,,,
2025-M-DC-2025-QLS-M-TPE-USA-01,Davis Cup QLS R1: TPE vs USA,Hard,4,D,20250131,3,111456,,,Mackenzie McDonald,R,178,USA,29.796,125,488,H0B5,,,Tsung-Hao Huang,R,173,TPE,25.194,680,42,6-2 6-3,3,RR,,,,,,,,,,,,,,,,,,,
2025-M-DC-2025-QLS-M-DEN-SRB-01,Davis Cup QLS R1: DEN vs SRB,Hard,4,D,20250131,1,200175,,,Miomir Kecmanovic,R,183,SRB,25.421,55,996,209284,,,Elmer Moller,R,183,DEN,21.566,149,372,3-6 6-2 6-1,3,RR,,,,,,,,,,,,,,,,,,,
2025-M-DC-2025-QLS-M-DEN-SRB-01,Davis Cup QLS R1: DEN vs SRB,Hard,4,D,20250131,2,209098,,,Hamad Medjedovic,R,188,SRB,21.541,94,617,208029,,,Holger Rune,R,188,DEN,21.76,12,3060,2-6 6-3 6-1,3,RR,,,,,,,,,,,,,,,,,,,
2025-M-DC-2025-QLS-M-DEN-SRB-01,Davis Cup QLS R1: DEN vs SRB,Hard,4,D,20250131,3,208029,,,Holger Rune,R,188,DEN,21.76,12,3060,200175,,,Miomir Kecmanovic,R,183,SRB,25.421,55,996,6-2 6-4,3,RR,,,,,,,,,,,,,,,,,,,
2025-M-DC-2025-QLS-M-DEN-SRB-01,Davis Cup QLS R1: DEN vs SRB,Hard,4,D,20250131,4,209284,,,Elmer Moller,R,183,DEN,21.566,149,372,209098,,,Hamad Medjedovic,R,188,SRB,21.541,94,617,1-6 6-4 6-3,3,RR,,,,,,,,,,,,,,,,,,,
2025-M-DC-2025-QLS-M-CRO-SVK-01,Davis Cup QLS R1: CRO vs SVK,Hard,4,D,20250131,1,207213,,,Duje Ajdukovic,R,188,CRO,23.986,158,354,127760,,,Lukas Klein,R,193,SVK,26.864,153,365,7-6(4) 6-3,3,RR,,,,,,,,,,,,,,,,,,,
2025-M-DC-2025-QLS-M-CRO-SVK-01,Davis Cup QLS R1: CRO vs SVK,Hard,4,D,20250131,2,209976,,,Dino Prizmic,R,188,CRO,19.491,368,134,106075,,,Jozef Kovalik,R,183,SVK,32.241,127,484,6-2 6-2,3,RR,,,,,,,,,,,,,,,,,,,
2025-M-DC-2025-QLS-M-CRO-SVK-01,Davis Cup QLS R1: CRO vs SVK,Hard,4,D,20250131,3,105613,,,Norbert Gombos,R,193,SVK,34.47,408,115,212063,,,Matej Dodig,R,188,CRO,19.537,263,204,6-4 6-4,3,RR,,,,,,,,,,,,,,,,,,,
2025-M-DC-2025-QLS-M-FRA-BRA-01,Davis Cup QLS R1: FRA vs BRA,Hard,4,D,20250131,1,200005,,,Ugo Humbert,L,188,FRA,26.601,15,2865,211663,,,Joao Fonseca,R,188,BRA,18.448,99,600,7-5 6-3,3,RR,,,,,,,,,,,,,,,,,,,
2025-M-DC-2025-QLS-M-FRA-BRA-01,Davis Cup QLS R1: FRA vs BRA,Hard,4,D,20250131,2,209950,,,Arthur Fils,R,185,FRA,20.638,19,2330,205734,,,Thiago Seyboth Wild,R,185,BRA,24.895,76,732,6-1 6-4,3,RR,,,,,,,,,,,,,,,,,,,
2025-M-DC-2025-QLS-M-FRA-BRA-01,Davis Cup QLS R1: FRA vs BRA,Hard,4,D,20250131,3,208659,,,Giovanni Mpetshi Perricard,R,203,FRA,21.569,30,1645,207799,,,Matheus Pucinelli De Almeida,R,183,BRA,23.836,302,173,6-4 6-4,3,RR,,,,,,,,,,,,,,,,,,,
2025-M-DC-2025-QLS-M-ESP-SUI-01,Davis Cup QLS R1: ESP vs SUI,Hard,4,D,20250131,1,124079,,,Pedro Martinez,R,185,ESP,27.767,44,1220,208502,,,Dominic Stricker,L,183,SUI,22.461,287,183,6-4 7-6(7),3,RR,,,,,,,,,,,,,,,,,,,
2025-M-DC-2025-QLS-M-ESP-SUI-01,Davis Cup QLS R1: ESP vs SUI,Hard,4,D,20250131,2,106148,,,Roberto Carballes Baena,R,183,ESP,31.86,51,1071,208843,,,Jerome Kym,R,198,SUI,21.969,136,444,6-4 6-4,3,RR,,,,,,,,,,,,,,,,,,,
2025-M-DC-2025-QLS-M-ESP-SUI-01,Davis Cup QLS R1: ESP vs SUI,Hard,4,D,20250131,3,200329,,,Remy Bertola,R,175,SUI,26.42,283,185,212021,,,Martin Landaluce,R,193,ESP,19.064,135,448,6-7(2) 6-3 [16-14],3,RR,,,,,,,,,,,,,,,,,,,
2025-M-DC-2025-QLS-M-CZE-KOR-01,Davis Cup QLS R1: CZE vs KOR,Hard,4,D,20250131,1,208103,,,Jiri Lehecka,R,185,CZE,23.231,24,1810,C0MH,,,Gerard Campana Lee,R,183,KOR,20.334,381,127,6-3 6-3,3,RR,,,,,,,,,,,,,,,,,,,
2025-M-DC-2025-QLS-M-CZE-KOR-01,Davis Cup QLS R1: CZE vs KOR,Hard,4,D,20250131,2,207830,,,Tomas Machac,R,183,CZE,24.301,25,1805,KF17,,,Soonwoo Kwon,R,180,KOR,27.165,363,135,6-2 6-2,3,RR,,,,,,,,,,,,,,,,,,,
2025-M-DC-2025-QLS-M-CZE-KOR-01,Davis Cup QLS R1: CZE vs KOR,Hard,4,D,20250131,3,M0SE,,,Maxim Mrva,R,178,CZE,17.5,881,20,S09P,,,Sanhui Shin,R,178,KOR,27.874,665,44,7-6(4) 7-6(5),3,RR,,,,,,,,,,,,,,,,,,,
2025-M-DC-2025-QLS-M-JPN-GBR-01,Davis Cup QLS R1: JPN vs GBR,Hard,4,D,20250131,1,106415,,,Yoshihito Nishioka,L,170,JPN,29.347,67,847,126129,,,Billy Harris,R,193,GBR,30.018,129,481,7-5 6-1,3,RR,,,,,,,,,,,,,,,,,,,
2025-M-DC-2025-QLS-M-JPN-GBR-01,Davis Cup QLS R1: JPN vs GBR,Hard,4,D,20250131,2,207985,,,Jacob Fearnley,R,183,GBR,23.548,77,731,105453,,,Kei Nishikori,R,178,JPN,35.091,70,793,6-3 6-3,3,RR,,,,,,,,,,,,,,,,,,,
2025-M-DC-2025-QLS-M-JPN-GBR-01,Davis Cup QLS R1: JPN vs GBR,Hard,4,D,20250131,3,106415,,,Yoshihito Nishioka,L,170,JPN,29.347,67,847,207985,,,Jacob Fearnley,R,183,GBR,23.548,77,731,6-3 7-6(0),3,RR,,,,,,,,,,,,,,,,,,,
2025-M-DC-2025-QLS-M-JPN-GBR-01,Davis Cup QLS R1: JPN vs GBR,Hard,4,D,20250131,4,105453,,,Kei Nishikori,R,178,JPN,35.091,70,793,126129,,,Billy Harris,R,193,GBR,30.018,129,481,6-2 6-3,3,RR,,,,,,,,,,,,,,,,,,,
2025-M-DC-2025-QLS-M-AUT-FIN-01,Davis Cup QLS R1: AUT vs FIN,Hard,4,D,20250131,1,209903,,,Lukas Neumayer,R,183,AUT,22.404,219,269,202261,,,Otto Virtanen,R,193,FIN,23.614,97,614,6-4 6-7(4) 6-3,3,RR,,,,,,,,,,,,,,,,,,,
2025-M-DC-2025-QLS-M-AUT-FIN-01,Davis Cup QLS R1: AUT vs FIN,Hard,4,D,20250131,2,200514,,,Jurij Rodionov,L,191,AUT,25.714,155,359,144814,,,Eero Vasa,R,185,FIN,27.997,568,61,2-6 6-3 6-3,3,RR,,,,,,,,,,,,,,,,,,,
2025-M-DC-2025-QLS-M-AUT-FIN-01,Davis Cup QLS R1: AUT vs FIN,Hard,4,D,20250131,3,209209,,,Filip Misolic,R,180,AUT,23.483,314,164,144814,,,Eero Vasa,R,185,FIN,27.997,568,61,6-4 6-0,3,RR,,,,,,,,,,,,,,,,,,,
2025-M-DC-2025-QLS-M-BEL-CHI-01,Davis Cup QLS R1: BEL vs CHI,Hard,4,D,20250131,1,200267,,,Zizou Bergs,R,185,BEL,25.665,60,932,144642,,,Tomas Barrios Vera,R,191,CHI,27.143,137,432,6-4 6-3,3,RR,,,,,,,,,,,,,,,,,,,
2025-M-DC-2025-QLS-M-BEL-CHI-01,Davis Cup QLS R1: BEL vs CHI,Hard,4,D,20250131,2,106426,,,Cristian Garin,R,185,CHI,28.674,133,452,210696,,,Alexander Blockx,R,193,BEL,19.817,146,380,7-6(6) 6-1,3,RR,,,,,,,,,,,,,,,,,,,
2025-M-DC-2025-QLS-M-BEL-CHI-01,Davis Cup QLS R1: BEL vs CHI,Hard,4,D,20250131,3,200267,,,Zizou Bergs,R,185,BEL,25.665,60,932,106426,,,Cristian Garin,R,185,CHI,28.674,133,452,6-3 4-6 7-5,3,RR,,,,,,,,,,,,,,,,,,,
2025-M-DC-2025-QLS-M-NOR-ARG-01,Davis Cup QLS R1: NOR vs ARG,Hard,4,D,20250131,1,144869,,,Tomas Martin Etcheverry,R,196,ARG,25.541,42,1265,149282,,,Nicolai Budkov Kjaer,R,191,NOR,18.418,506,77,7-5 2-6 7-6(5),3,RR,,,,,,,,,,,,,,,,,,,
2025-M-DC-2025-QLS-M-NOR-ARG-01,Davis Cup QLS R1: NOR vs ARG,Hard,4,D,20250131,2,134770,,,Casper Ruud,R,183,NOR,26.111,5,4160,208363,,,Mariano Navone,R,178,ARG,23.926,49,1158,6-3 6-3,3,RR,,,,,,,,,,,,,,,,,,,
2025-M-DC-2025-QLS-M-NOR-ARG-01,Davis Cup QLS R1: NOR vs ARG,Hard,4,D,20250131,3,134770,,,Casper Ruud,R,183,NOR,26.111,5,4160,144869,,,Tomas Martin Etcheverry,R,196,ARG,25.541,42,1265,6-3 6-3,3,RR,,,,,,,,,,,,,,,,,,,
2025-M-DC-2025-QLS-M-NOR-ARG-01,Davis Cup QLS R1: NOR vs ARG,Hard,4,D,20250131,4,208363,,,Mariano Navone,R,178,ARG,23.926,49,1158,149282,,,Nicolai Budkov Kjaer,R,191,NOR,18.418,506,77,4-6 6-3 6-4,3,RR,,,,,,,,,,,,,,,,,,,
2025-M-DC-2025-WG1-PO-ECU-URU-01,Davis Cup WG1 PO: ECU vs URU,Hard,4,D,20250201,1,200748,,,Andres Andrade,R,180,ECU,26.136,241,239,208028,,,Francisco Llanes,R,178,URU,22.798,,,6-4 6-0,3,RR,,,,,,,,,,,,,,,,,,,
2025-M-DC-2025-WG1-PO-ECU-URU-01,Davis Cup WG1 PO: ECU vs URU,Hard,4,D,20250201,2,208364,,,Franco Roncadelli,L,185,URU,24.988,372,134,208223,,,Alvaro Guillen Meza,R,175,ECU,22.084,257,211,7-6(6) 6-0,3,RR,,,,,,,,,,,,,,,,,,,
2025-M-DC-2025-WG1-PO-ECU-URU-01,Davis Cup WG1 PO: ECU vs URU,Hard,4,D,20250201,3,200748,,,Andres Andrade,R,180,ECU,26.136,241,239,208364,,,Franco Roncadelli,L,185,URU,24.988,372,134,6-4 6-1,3,RR,,,,,,,,,,,,,,,,,,,
2025-M-DC-2025-WG1-PO-GRE-EGY-01,Davis Cup WG1 PO: GRE vs EGY,Clay,4,D,20250201,1,105633,,,Mohamed Safwat,R,180,EGY,34.371,460,90,AE56,,,Christos Antonopoulos,R,178,GRE,26.541,1640,2,6-2 6-2,3,RR,,,,,,,,,,,,,,,,,,,
2025-M-DC-2025-WG1-PO-GRE-EGY-01,Davis Cup WG1 PO: GRE vs EGY,Clay,4,D,20250201,2,208852,,,Stefanos Sakellaridis,R,198,GRE,20.386,471,87,MJ70,,,Karim-Mohamed Maamoun,R,175,EGY,33.818,882,20,6-1 6-2,3,RR,,,,,,,,,,,,,,,,,,,
2025-M-DC-2025-WG1-PO-GRE-EGY-01,Davis Cup WG1 PO: GRE vs EGY,Clay,4,D,20250201,3,208852,,,Stefanos Sakellaridis,R,198,GRE,20.386,471,87,105633,,,Mohamed Safwat,R,180,EGY,34.371,460,90,6-4 3-6 6-2,3,RR,,,,,,,,,,,,,,,,,,,
2025-M-DC-2025-WG1-PO-GRE-EGY-01,Davis Cup WG1 PO: GRE vs EGY,Clay,4,D,20250201,4,209362,,,Aristotelis Thanos,R,193,GRE,23.822,592,57,M0L0,,,Amr Elsayed Abdou Ah Mohamed,,,EGY,25.916,,,6-0 6-3,3,RR,,,,,,,,,,,,,,,,,,,
2025-M-DC-2025-WG1-PO-IND-TOG-01,Davis Cup WG1 PO: IND vs TOG,Hard,4,D,20250201,1,MP13,,,Mukund Sasikumar,R,185,IND,28.049,,,A0GB,,,Liova Ajavon,,,TOG,25.629,,,6-2 6-1,3,RR,,,,,,,,,,,,,,,,,,,
2025-M-DC-2025-WG1-PO-IND-TOG-01,Davis Cup WG1 PO: IND vs TOG,Hard,4,D,20250201,2,106368,,,Ramkumar Ramanathan,R,188,IND,30.234,406,116,133933,,,Thomas Yaka Kofi Setodji,,,TOG,,,,6-0 6-2,3,RR,,,,,,,,,,,,,,,,,,,
2025-M-DC-2025-WG1-PO-IND-TOG-01,Davis Cup WG1 PO: IND vs TOG,Hard,4,D,20250201,3,S0RI,,,Karan Singh,R,185,IND,21.593,496,79,P0OR,,,Hod'abalo Padio,,,TOG,20.052,,,6-2 6-3,3,RR,,,,,,,,,,,,,,,,,,,
2025-M-DC-2025-WG1-PO-KAZ-PAK-01,Davis Cup WG1 PO: KAZ vs PAK,Hard,4,D,20250201,1,207686,,,Alexander Shevchenko,R,188,KAZ,24.175,75,743,207836,,,Muzammil Murtaza,,,PAK,25.224,,,6-2 6-1,3,RR,,,,,,,,,,,,,,,,,,,
2025-M-DC-2025-WG1-PO-KAZ-PAK-01,Davis Cup WG1 PO: KAZ vs PAK,Hard,4,D,20250201,2,202320,,,Beibit Zhukayev,R,198,KAZ,24.307,230,260,R0FM,,,Huzaifa Abdul Rehman,,,PAK,22.179,,,7-5 6-0,3,RR,,,,,,,,,,,,,,,,,,,
2025-M-DC-2025-WG1-PO-KAZ-PAK-01,Davis Cup WG1 PO: KAZ vs PAK,Hard,4,D,20250201,3,106187,,,Denis Yevseyev,R,188,KAZ,31.699,264,204,213705,,,Ahmad Nael Qureshi,,,PAK,,,,6-0 6-0,3,RR,,,,,,,,,,,,,,,,,,,
2025-M-DC-2025-WG1-PO-LUX-LTU-01,Davis Cup WG1 PO: LUX vs LTU,Hard,4,D,20250201,1,210220,,,Edas Butvilas,R,191,LTU,20.528,247,229,208210,,,Chris Rodesch,R,198,LUX,23.543,282,185,6-3 6-1,3,RR,,,,,,,,,,,,,,,,,,,
2025-M-DC-2025-WG1-PO-LUX-LTU-01,Davis Cup WG1 PO: LUX vs LTU,Hard,4,D,20250201,2,200270,,,Alex Knaff,R,193,LUX,27.184,718,37,209147,,,Vilius Gaubas,R,178,LTU,20.093,192,311,6-4 3-6 6-2,3,RR,,,,,,,,,,,,,,,,,,,
2025-M-DC-2025-WG1-PO-LUX-LTU-01,Davis Cup WG1 PO: LUX vs LTU,Hard,4,D,20250201,3,208210,,,Chris Rodesch,R,198,LUX,23.543,282,185,209147,,,Vilius Gaubas,R,178,LTU,20.093,192,311,6-4 6-4,3,RR,,,,,,,,,,,,,,,,,,,
2025-M-DC-2025-WG1-PO-MON-POR-01,Davis Cup WG1 PO: MON vs POR,Clay,4,D,20250201,1,200473,,,Valentin Vacherot,R,193,MON,26.212,201,294,210262,,,Jaime Faria,R,188,POR,21.492,109,561,6-4 6-7(5) 6-2,3,RR,,,,,,,,,,,,,,,,,,,
2025-M-DC-2025-WG1-PO-MON-POR-01,Davis Cup WG1 PO: MON vs POR,Clay,4,D,20250201,2,132686,,,Nuno Borges,R,185,POR,27.951,37,1345,104112,,,Benjamin Balleret,R,183,MON,42.048,,,6-3 6-1,3,RR,,,,,,,,,,,,,,,,,,,
2025-M-DC-2025-WG1-PO-MON-POR-01,Davis Cup WG1 PO: MON vs POR,Clay,4,D,20250201,3,200473,,,Valentin Vacherot,R,193,MON,26.212,201,294,132686,,,Nuno Borges,R,185,POR,27.951,37,1345,4-6 6-1 6-2,3,RR,,,,,,,,,,,,,,,,,,,
2025-M-DC-2025-WG1-PO-MON-POR-01,Davis Cup WG1 PO: MON vs POR,Clay,4,D,20250201,4,210012,,,Henrique Rocha,R,180,POR,20.824,161,350,106033,,,Romain Arneodo,R,175,MON,32.496,,,7-5 7-5,3,RR,,,,,,,,,,,,,,,,,,,
2025-M-DC-2025-WG1-PO-TUR-MEX-01,Davis Cup WG1 PO: TUR vs MEX,Hard,4,D,20250201,1,144985,,,Ergi Kirkin,R,180,TUR,26.015,303,172,H0CD,,,Alex Hernandez,R,175,MEX,25.613,658,45,7-5 5-7 7-5,3,RR,,,,,,,,,,,,,,,,,,,
2025-M-DC-2025-WG1-PO-TUR-MEX-01,Davis Cup WG1 PO: TUR vs MEX,Hard,4,D,20250201,2,207129,,,Yanki Erel,L,178,TUR,24.353,596,57,210202,,,Rodrigo Pacheco Mendez,L,191,MEX,19.773,371,134,6-4 1-6 6-1,3,RR,,,,,,,,,,,,,,,,,,,
2025-M-DC-2025-WG1-PO-TUR-MEX-01,Davis Cup WG1 PO: TUR vs MEX,Hard,4,D,20250201,3,K0KX,,,Atakan Karahan,R,,TUR,18.776,1413,4,D0JM,,,Rafael De Alba,R,175,MEX,22.886,1319,5,6-3 6-3,3,RR,,,,,,,,,,,,,,,,,,,
2025-M-DC-2025-WG1-PO-TUR-MEX-01,Davis Cup WG1 PO: TUR vs MEX,Hard,4,D,20250201,4,TD49,,,Mert Naci Turker,,,,26.464,890,20,G0J7,,,Eugenio Gonzalez Fitzmaurice,,,MEX,21.826,,,6-1 6-2,3,RR,,,,,,,,,,,,,,,,,,,
2025-M-DC-2025-WG1-PO-COL-BAR-01,Davis Cup WG1 PO: COL vs BRB,Clay,4,D,20250131,1,200711,,,Nicolas Mejia,R,183,COL,24.972,214,274,L0CR,,,Xavier Lawrence,,,BAR,26.111,,,6-2 6-0,3,RR,,,,,,,,,,,,,,,,,,,
2025-M-DC-2025-WG1-PO-COL-BAR-01,Davis Cup WG1 PO: COL vs BRB,Clay,4,D,20250131,2,105985,,,Darian King,R,188,BAR,32.767,1869,1,202075,,,Adria Soriano Barrera,R,191,COL,25.667,345,143,6-2 6-4,3,RR,,,,,,,,,,,,,,,,,,,
2025-M-DC-2025-WG1-PO-COL-BAR-01,Davis Cup WG1 PO: COL vs BRB,Clay,4,D,20250131,3,105985,,,Darian King,R,188,BAR,32.767,1869,1,200711,,,Nicolas Mejia,R,183,COL,24.972,214,274,6-3 6-4,3,RR,,,,,,,,,,,,,,,,,,,
2025-M-DC-2025-WG1-PO-COL-BAR-01,Davis Cup WG1 PO: COL vs BRB,Clay,4,D,20250131,4,202075,,,Adria Soriano Barrera,R,191,COL,25.667,345,143,M0GR,,,Kaipo Marshall,,,BAR,22.867,,,6-2 6-2,3,RR,,,,,,,,,,,,,,,,,,,
2025-M-DC-2025-WG1-PO-GEO-POL-01,Davis Cup WG1 PO: GEO vs POL,Hard,4,D,20250131,1,111794,,,Kamil Majchrzak,R,183,POL,29.051,115,521,126762,,,Aleksandre Bakshi,L,180,GEO,27.548,489,81,6-3 7-6(4),3,RR,,,,,,,,,,,,,,,,,,,
2025-M-DC-2025-WG1-PO-GEO-POL-01,Davis Cup WG1 PO: GEO vs POL,Hard,4,D,20250131,2,209874,,,Maks Kasnikowski,R,180,POL,21.574,217,270,208182,,,Saba Purtseladze,R,191,GEO,23.45,450,93,6-3 5-7 6-4,3,RR,,,,,,,,,,,,,,,,,,,
2025-M-DC-2025-WG1-PO-GEO-POL-01,Davis Cup WG1 PO: GEO vs POL,Hard,4,D,20250131,3,206600,,,Zura Tkemaladze,R,188,GEO,24.66,716,37,P0IG,,,Martyn Pawelski,R,196,POL,20.233,775,31,5-7 7-6(5) [10-8],3,RR,,,,,,,,,,,,,,,,,,,
2025-M-DC-2025-WG1-PO-LBN-PER-01,Davis Cup WG1 PO: LBN vs PER,Clay,4,D,20250131,1,209860,,,Ignacio Buse,R,183,PER,20.854,237,245,133975,,,Benjamin Hassan,R,183,LBN,29.99,231,260,6-3 6-2,3,RR,,,,,,,,,,,,,,,,,,,
2025-M-DC-2025-WG1-PO-LBN-PER-01,Davis Cup WG1 PO: LBN vs PER,Clay,4,D,20250131,2,208293,,,Gonzalo Bueno,R,173,PER,20.83,256,213,200273,,,Hady Habib,R,188,LBN,26.448,166,341,6-3 2-6 6-4,3,RR,,,,,,,,,,,,,,,,,,,
2025-M-DC-2025-WG1-PO-LBN-PER-01,Davis Cup WG1 PO: LBN vs PER,Clay,4,D,20250131,3,HG90,,,Conner Huertas del Pino,R,188,PER,29.117,,,B0U0,,,Fadi Bidan,,,LBN,19.083,1233,7,7-6(4) 7-6(3),3,RR,,,,,,,,,,,,,,,,,,,
2025-M-DC-2025-WG1-PO-ROU-BUL-01,Davis Cup WG1 PO: ROU vs BUL,Hard,4,D,20250131,1,206470,,,Cezar Cretu,R,188,ROU,23.773,315,164,209318,,,Petr Nesterov,R,,BUL,21.906,437,100,6-7(6) 6-3 7-6(3),3,RR,,,,,,,,,,,,,,,,,,,
2025-M-DC-2025-WG1-PO-ROU-BUL-01,Davis Cup WG1 PO: ROU vs BUL,Hard,4,D,20250131,2,R0IL,,,Iliyan Radulov,R,187,BUL,19.641,533,69,202262,,,Filip Cristian Jianu,R,180,ROU,23.37,234,254,6-3 7-6(3),3,RR,,,,,,,,,,,,,,,,,,,
2025-M-DC-2025-WG1-PO-ROU-BUL-01,Davis Cup WG1 PO: ROU vs BUL,Hard,4,D,20250131,3,202090,,,Adrian Andreev,R,175,BUL,23.723,233,255,202262,,,Filip Cristian Jianu,R,180,ROU,23.37,234,254,6-3 3-6 6-3,3,RR,,,,,,,,,,,,,,,,,,,
2025-M-DC-2025-WG1-PO-TUN-UKR-01,Davis Cup WG1 PO: TUN vs UKR,Hard,4,D,20250131,1,126964,,,Vitaliy Sachko,R,188,UKR,27.551,392,122,144826,,,Aziz Dougaz,L,188,TUN,27.852,227,265,6-3 6-7(6) 6-3,3,RR,,,,,,,,,,,,,,,,,,,
2025-M-DC-2025-WG1-PO-TUN-UKR-01,Davis Cup WG1 PO: TUN vs UKR,Hard,4,D,20250131,2,121411,,,Moez Echargui,R,178,TUN,32.057,511,76,209191,,,Oleksandr Ovcharenko,R,185,UKR,23.291,311,166,7-6(1) 6-2,3,RR,,,,,,,,,,,,,,,,,,,
2025-M-DC-2025-WG1-PO-TUN-UKR-01,Davis Cup WG1 PO: TUN vs UKR,Hard,4,D,20250131,3,209191,,,Oleksandr Ovcharenko,R,185,UKR,23.291,311,166,144826,,,Aziz Dougaz,L,188,TUN,27.852,227,265,6-2 6-2,3,RR,,,,,,,,,,,,,,,,,,,
2025-M-DC-2025-WG1-PO-TUN-UKR-01,Davis Cup WG1 PO: TUN vs UKR,Hard,4,D,20250131,4,121411,,,Moez Echargui,R,178,TUN,32.057,511,76,126964,,,Vitaliy Sachko,R,188,UKR,27.551,392,122,7-5 6-1,3,RR,,,,,,,,,,,,,,,,,,,
2025-M-DC-2025-WG1-PO-UZB-BIH-01,Davis Cup WG1 PO: UZB vs BIH,Hard,4,D,20250131,1,SR81,,,Khumoyun Sultanov,R,180,UZB,26.264,236,245,105806,,,Mirza Basic,R,188,BIH,33.558,563,62,6-4 3-6 7-6(4),3,RR,,,,,,,,,,,,,,,,,,,
2025-M-DC-2025-WG1-PO-UZB-BIH-01,Davis Cup WG1 PO: UZB vs BIH,Hard,4,D,20250131,2,106000,,,Damir Dzumhur,R,175,BIH,32.701,88,646,200672,,,Sergey Fomin,R,180,UZB,23.997,561,63,7-6(7) 6-3,3,RR,,,,,,,,,,,,,,,,,,,
2025-M-DC-2025-WG1-PO-UZB-BIH-01,Davis Cup WG1 PO: UZB vs BIH,Hard,4,D,20250131,3,106000,,,Damir Dzumhur,R,175,BIH,32.701,88,646,SR81,,,Khumoyun Sultanov,R,180,UZB,26.264,236,245,6-4 1-6 6-3,3,RR,,,,,,,,,,,,,,,,,,,
2025-M-DC-2025-WG2-PO-BEN-LAT-01,Davis Cup WG2 PO: BEN vs LAT,Hard,4,D,20250201,1,207669,,,Robert Strombachs,R,191,LAT,25.383,407,116,105278,,,Alexis Klegou,R,,BEN,36.019,,,7-5 4-6 6-3,3,RR,,,,,,,,,,,,,,,,,,,
2025-M-DC-2025-WG2-PO-BEN-LAT-02,Davis Cup WG2 PO: BEN vs LAT,Hard,4,D,20250201,1,A0N6,,,Patrick Agbo-Panzo,,,BEN,22.089,,,T0HY,,,Daniels Tens,,,LAT,19.409,,,6-3 6-2,3,RR,,,,,,,,,,,,,,,,,,,
2025-M-DC-2025-WG2-PO-BEN-LAT-03,Davis Cup WG2 PO: BEN vs LAT,Hard,4,D,20250201,1,207669,,,Robert Strombachs,R,191,LAT,25.383,407,116,A0N6,,,Patrick Agbo-Panzo,,,BEN,22.089,,,6-1 6-1,3,RR,,,,,,,,,,,,,,,,,,,
2025-M-DC-2025-WG2-PO-BEN-LAT-04,Davis Cup WG2 PO: BEN vs LAT,Hard,4,D,20250201,1,M0I3,,,Sylvestre Monnou,,,BEN,22.196,,,T0HY,,,Daniels Tens,,,LAT,19.409,,,6-3 6-3,3,RR,,,,,,,,,,,,,,,,,,,
2025-M-DC-2025-WG2-PO-DOM-BOL-01,Davis Cup WG2 PO: DOM vs BOL,Hard,4,D,20250201,1,126209,,,Peter Bertran,R,183,DOM,28.912,461,90,105156,,,Federico Zeballos,R,185,BOL,36.676,1573,2,2-6 7-6(4) 6-4,3,RR,,,,,,,,,,,,,,,,,,,
2025-M-DC-2025-WG2-PO-DOM-BOL-02,Davis Cup WG2 PO: DOM vs BOL,Hard,4,D,20250201,1,CF88,,,Roberto Cid Subervi,R,193,DOM,31.425,,,G0DB,,,Raul Garcia,,,BOL,22.913,1599,2,6-3 6-3,3,RR,,,,,,,,,,,,,,,,,,,
2025-M-DC-2025-WG2-PO-DOM-BOL-03,Davis Cup WG2 PO: DOM vs BOL,Hard,4,D,20250201,1,CF88,,,Roberto Cid Subervi,R,193,DOM,31.425,,,105156,,,Federico Zeballos,R,185,BOL,36.676,1573,2,7-6(2) 6-4,3,RR,,,,,,,,,,,,,,,,,,,
2025-M-DC-2025-WG2-PO-ESA-MDA-01,Davis Cup WG2 PO: ESA vs MDA,Hard,4,D,20250201,1,209943,,,Ilya Snitari,R,188,MDA,22.872,587,58,105656,,,Marcelo Arevalo,R,191,ESA,34.294,,,1-6 6-1 6-4,3,RR,,,,,,,,,,,,,,,,,,,
2025-M-DC-2025-WG2-PO-ESA-MDA-02,Davis Cup WG2 PO: ESA vs MDA,Hard,4,D,20250201,1,C0NU,,,Cesar Cruz,,,ESA,18.393,,,G642,,,Andrei Gorban,,,MDA,41.541,,,6-4 6-1,3,RR,,,,,,,,,,,,,,,,,,,
2025-M-DC-2025-WG2-PO-ESA-MDA-03,Davis Cup WG2 PO: ESA vs MDA,Hard,4,D,20250201,1,209943,,,Ilya Snitari,R,188,MDA,22.872,587,58,C0NU,,,Cesar Cruz,,,ESA,18.393,,,6-1 6-4,3,RR,,,,,,,,,,,,,,,,,,,
2025-M-DC-2025-WG2-PO-ESA-MDA-04,Davis Cup WG2 PO: ESA vs MDA,Hard,4,D,20250201,1,105656,,,Marcelo Arevalo,R,191,ESA,34.294,,,C0RS,,,Ilie Cazac,,,MDA,18.513,,,6-1 6-0,3,RR,,,,,,,,,,,,,,,,,,,
2025-M-DC-2025-WG2-PO-JAM-NZL-01,Davis Cup WG2 PO: JAM vs NZL,Hard,4,D,20250201,1,211638,,,Jack Loutit,L,,NZL,20.611,919,18,209080,,,Blaise Bicknell,R,191,JAM,23.184,1078,11,3-6 6-2 6-1,3,RR,,,,,,,,,,,,,,,,,,,
2025-M-DC-2025-WG2-PO-JAM-NZL-02,Davis Cup WG2 PO: JAM vs NZL,Hard,4,D,20250201,1,202120,,,Rowland Phillips,,,JAM,31.025,,,208485,,,Kiranpal Pannu,R,185,NZL,28.068,494,80,6-3 3-6 6-3,3,RR,,,,,,,,,,,,,,,,,,,
2025-M-DC-2025-WG2-PO-JAM-NZL-03,Davis Cup WG2 PO: JAM vs NZL,Hard,4,D,20250201,1,209080,,,Blaise Bicknell,R,191,JAM,23.184,1078,11,208055,,,Ajeet Rai,R,188,NZL,26.04,485,82,6-3 6-4,3,RR,,,,,,,,,,,,,,,,,,,
2025-M-DC-2025-WG2-PO-JAM-NZL-04,Davis Cup WG2 PO: JAM vs NZL,Hard,4,D,20250201,1,211638,,,Jack Loutit,L,,NZL,20.611,919,18,202120,,,Rowland Phillips,,,JAM,31.025,,,3-6 6-3 6-3,3,RR,,,,,,,,,,,,,,,,,,,
2025-M-DC-2025-WG2-PO-NAM-HKG-01,Davis Cup WG2 PO: NAM vs HKG,Hard,4,D,20250201,1,V0F7,,,Connor Henry Van Schalkwyk,R,,NAM,20.181,1124,9,124022,,,Chun Hun Wong,R,170,HKG,29.259,,,4-6 6-4 6-1,3,RR,,,,,,,,,,,,,,,,,,,
2025-M-DC-2025-WG2-PO-NAM-HKG-02,Davis Cup WG2 PO: NAM vs HKG,Hard,4,D,20250201,1,209409,,,Coleman Wong,R,191,HKG,20.657,165,342,V0IL,,,Codie Schalk Van Schalkwyk,,,NAM,22.782,,,7-5 7-5,3,RR,,,,,,,,,,,,,,,,,,,
2025-M-DC-2025-WG2-PO-NAM-HKG-03,Davis Cup WG2 PO: NAM vs HKG,Hard,4,D,20250201,1,209409,,,Coleman Wong,R,191,HKG,20.657,165,342,V0F7,,,Connor Henry Van Schalkwyk,R,,NAM,20.181,1124,9,7-6(2) 7-6(8),3,RR,,,,,,,,,,,,,,,,,,,
2025-M-DC-2025-WG2-PO-NAM-HKG-04,Davis Cup WG2 PO: NAM vs HKG,Hard,4,D,20250201,1,V0IL,,,Codie Schalk Van Schalkwyk,,,NAM,22.782,,,W0F3,,,Tsz Fu Wong,R,175,HKG,19.357,,,7-6(2) 6-4,3,RR,,,,,,,,,,,,,,,,,,,
2025-M-DC-2025-WG2-PO-RSA-NGR-01,Davis Cup WG2 PO: RSA vs NGR,Hard,4,D,20250201,1,202475,,,Philip Henning,R,180,RSA,24.227,329,154,E0EH,,,David Ekpenyong,R,,NGR,19.091,,,6-1 6-1,3,RR,,,,,,,,,,,,,,,,,,,
2025-M-DC-2025-WG2-PO-RSA-NGR-02,Davis Cup WG2 PO: RSA vs NGR,Hard,4,D,20250201,1,B0CI,,,Christopher Bulus,R,183,NGR,24.189,1018,13,144748,,,Kris Van Wyk,R,185,RSA,28.342,358,138,3-6 6-3 7-6(4),3,RR,,,,,,,,,,,,,,,,,,,
2025-M-DC-2025-WG2-PO-RSA-NGR-03,Davis Cup WG2 PO: RSA vs NGR,Hard,4,D,20250201,1,202475,,,Philip Henning,R,180,RSA,24.227,329,154,B0CI,,,Christopher Bulus,R,183,NGR,24.189,1018,13,6-7(4) 6-4 6-4,3,RR,,,,,,,,,,,,,,,,,,,
2025-M-DC-2025-WG2-PO-SLO-INA-01,Davis Cup WG2 PO: SLO vs INA,Clay,4,D,20250201,1,P0FV,,,Filip Jeff Planinsek,R,188,SLO,23.595,746,33,M0D4,,,M Rifki Fitriadi,R,175,INA,26.026,943,17,6-1 6-3,3,RR,,,,,,,,,,,,,,,,,,,
2025-M-DC-2025-WG2-PO-SLO-INA-02,Davis Cup WG2 PO: SLO vs INA,Clay,4,D,20250201,1,210107,,,Bor Artnak,R,193,SLO,20.663,447,94,T0EN,,,Gunawan Trismuwantara,,,INA,22.064,,,6-2 6-1,3,RR,,,,,,,,,,,,,,,,,,,
2025-M-DC-2025-WG2-PO-SLO-INA-03,Davis Cup WG2 PO: SLO vs INA,Clay,4,D,20250201,1,210107,,,Bor Artnak,R,193,SLO,20.663,447,94,K0KN,,,Lucky Candra Kurniawan,,,INA,21.12,,,6-1 6-4,3,RR,,,,,,,,,,,,,,,,,,,
2025-M-DC-2025-WG2-PO-CYP-THA-01,Davis Cup WG2 PO: CYP vs THA,Hard,,D,20250131,1,144949,,,Menelaos Efstathiou,R,183,CYP,25.919,1115,10,210382,,,Maximus Jones,R,185,THA,20.405,714,37,2-6 6-3 6-2,3,RR,,,,,,,,,,,,,,,,,,,
2025-M-DC-2025-WG2-PO-CYP-THA-02,Davis Cup WG2 PO: CYP vs THA,Hard,,D,20250131,1,210308,,,Stylianos Christodoulou,,,CYP,20.241,2068,1,208937,,,Kasidit Samrej,R,191,THA,24.03,423,109,1-6 6-0 6-4,3,RR,,,,,,,,,,,,,,,,,,,
2025-M-DC-2025-WG2-PO-CYP-THA-03,Davis Cup WG2 PO: CYP vs THA,Hard,,D,20250131,1,T0I0,,,Andreas Timini,,,CYP,18.601,2068,1,C0DS,,,Thanapet Chanta,R,168,THA,25.396,706,38,6-3 6-3,3,RR,,,,,,,,,,,,,,,,,,,
2025-M-DC-2025-WG2-PO-EST-VEN-01,Davis Cup WG2 PO: EST vs VEN,Hard,,D,20250131,1,210312,,,Oliver Ojakaar,R,191,EST,19.973,942,17,P0I5,,,Ignacio Parisca Romera,,,VEN,19.45,,,6-7(6) 6-4 6-4,3,RR,,,,,,,,,,,,,,,,,,,
2025-M-DC-2025-WG2-PO-EST-VEN-02,Davis Cup WG2 PO: EST vs VEN,Hard,,D,20250131,1,210136,,,Mark Lajal,R,191,EST,21.725,204,291,RB00,,,Ricardo Rodriguez - Pace,,,VEN,31.762,1114,10,6-1 6-0,3,RR,,,,,,,,,,,,,,,,,,,
2025-M-DC-2025-WG2-PO-EST-VEN-03,Davis Cup WG2 PO: EST vs VEN,Hard,,D,20250131,1,M0W0,,,Markus Molder,R,183,EST,19.729,1116,10,P0I5,,,Ignacio Parisca Romera,,,VEN,19.45,,,6-3 6-2,3,RR,,,,,,,,,,,,,,,,,,,
2025-M-DC-2025-WG2-PO-IRL-KSA-01,Davis Cup WG2 PO: IRL vs KSA,Hard,,D,20250131,1,210686,,,Michael Agwi,R,193,IRL,21.41,429,105,A0I3,,,Saud Alhogbani,,,KSA,22.045,,,6-4 6-0,3,RR,,,,,,,,,,,,,,,,,,,
2025-M-DC-2025-WG2-PO-IRL-KSA-02,Davis Cup WG2 PO: IRL vs KSA,Hard,,D,20250131,1,O684,,,Osgar O'Hoisin,R,193,IRL,28.411,1288,6,AG30,,,Ammar Alhogbani,,,KSA,26.13,1698,2,6-4 6-4,3,RR,,,,,,,,,,,,,,,,,,,
2025-M-DC-2025-WG2-PO-IRL-KSA-03,Davis Cup WG2 PO: IRL vs KSA,Hard,,D,20250131,1,E0AY,,,Ammar Elamin,R,185,IRL,22.62,1367,5,B0U3,,,Abdulmajeed Bukhari,,,KSA,25.99,,,6-1 6-4,3,RR,,,,,,,,,,,,,,,,,,,
2025-M-DC-2025-WG2-PO-IRL-KSA-04,Davis Cup WG2 PO: IRL vs KSA,Hard,,D,20250131,1,M0X8,,,Freddy Murray,,,IRL,21.533,1869,1,BL48,,,Abdulmalek Burasais,,,KSA,33.251,,,6-0 6-2,3,RR,,,,,,,,,,,,,,,,,,,
2025-M-DC-2025-WG2-PO-CHN-MNE-01,Davis Cup WG2 PO: CHN vs MNE,Hard,,D,20250131,1,200666,,,Jie Cui,R,183,CHN,27.02,280,188,J0CS,,,Petar Jovanovic,,,MNE,21.528,938,17,6-4 7-6(4),3,RR,,,,,,,,,,,,,,,,,,,
2025-M-DC-2025-WG2-PO-CHN-MNE-02,Davis Cup WG2 PO: CHN vs MNE,Hard,,D,20250131,1,111190,,,Zhizhen Zhang,R,193,CHN,28.293,50,1100,K0JI,,,Aleksa Krivokapic,,,MNE,21.717,,,6-4 6-4,3,RR,,,,,,,,,,,,,,,,,,,
2025-M-DC-2025-WG2-PO-CHN-MNE-03,Davis Cup WG2 PO: CHN vs MNE,Hard,,D,20250131,1,111806,,,Fajing Sun,R,178,CHN,28.329,277,192,J0CS,,,Petar Jovanovic,,,MNE,21.528,938,17,6-3 7-5,3,RR,,,,,,,,,,,,,,,,,,,
2025-M-DC-2025-WG2-PO-MAR-ZIM-01,Davis Cup WG2 PO: MAR vs ZIM,Hard,,D,20250131,1,B0D6,,,Taha Baadi,R,183,MAR,23.537,749,33,144747,,,Courtney John Lock,R,193,ZIM,28.287,2068,1,6-2 6-4,3,RR,,,,,,,,,,,,,,,,,,,
2025-M-DC-2025-WG2-PO-MAR-ZIM-02,Davis Cup WG2 PO: MAR vs ZIM,Hard,,D,20250131,1,200611,,,Elliot Benchetrit,R,193,MAR,26.333,608,54,S0M2,,,Ethan Denzel Sibanda,,,ZIM,20.641,,,6-2 6-3,3,RR,,,,,,,,,,,,,,,,,,,
2025-M-DC-2025-WG2-PO-MAR-ZIM-03,Davis Cup WG2 PO: MAR vs ZIM,Hard,,D,20250131,1,B0QQ,,,Karim Bennani,,,MAR,17.413,1170,8,T0KN,,,Ronan Tashinga Mtisi,,,ZIM,17.128,,,6-4 6-3,3,RR,,,,,,,,,,,,,,,,,,,
2025-424,Dallas,Hard,32,A,20250203,1,126203,1,,Taylor Fritz,R,196,USA,27.269,4,5050,126239,,,Arthur Rinderknech,R,196,FRA,29.536,60,936,6-4 6-2,3,R32,66,11,0,43,29,27,9,9,0,0,5,1,58,37,27,6,9,6,9
2025-424,Dallas,Hard,32,A,20250203,2,207830,6,,Tomas Machac,R,183,CZE,24.309,25,1805,105453,,,Kei Nishikori,R,178,JPN,35.099,71,793,6-2 6-2,3,R32,62,7,1,48,29,24,11,8,4,4,2,0,48,31,19,7,8,3,7
2025-424,Dallas,Hard,32,A,20250203,3,111581,,Q,Michael Mmoh,R,188,USA,27.066,422,106,106148,,,Roberto Carballes Baena,R,183,ESP,31.869,51,1071,6-1 3-6 6-4,3,R32,166,9,0,89,57,32,15,13,5,10,3,0,85,60,28,13,13,4,11
2025-424,Dallas,Hard,32,A,20250203,4,144719,,,Jaume Munar,R,183,ESP,27.751,64,882,207352,,,Yunchaokete Bu,R,185,CHN,23.042,68,830,7-5 6-2,3,R32,114,3,2,58,40,29,10,10,3,4,8,0,69,44,28,10,10,8,12
2025-424,Dallas,Hard,32,A,20250203,5,106415,,,Yoshihito Nishioka,L,170,JPN,29.355,67,847,206909,,,Brandon Nakashima,R,188,USA,23.504,42,1250,6-4 7-6(6),3,R32,101,3,2,65,38,31,19,11,0,0,8,1,69,49,35,14,11,4,5
2025-424,Dallas,Hard,32,A,20250203,6,124187,,WC,Reilly Opelka,R,211,USA,27.436,145,391,207686,,,Alexander Shevchenko,R,188,KAZ,24.181,82,693,7-6(3) 6-4,3,R32,76,18,0,63,41,34,15,11,0,0,8,2,61,44,36,7,11,0,1
2025-424,Dallas,Hard,32,A,20250203,7,133430,,,Denis Shapovalov,L,185,CAN,25.807,54,1021,200175,,,Miomir Kecmanovic,R,183,SRB,25.429,55,996,6-3 6-7(5) 6-3,3,R32,120,20,4,98,59,52,19,16,4,5,4,4,93,64,47,14,14,3,6
2025-424,Dallas,Hard,32,A,20250203,8,134770,2,,Casper Ruud,R,183,NOR,26.119,5,4160,105902,,LL,James Duckworth,R,183,AUS,33.038,86,665,7-5 4-6 6-2,3,R32,130,8,4,91,62,48,17,15,10,11,12,2,92,65,45,14,15,3,6
2025-424,Dallas,Hard,32,A,20250203,9,126205,3,,Tommy Paul,R,185,USA,27.718,9,3495,202385,,WC,Jenson Brooksby,R,193,USA,24.274,1093,10,6-7(6) 6-3 6-4,3,R32,159,7,4,98,62,45,18,15,6,9,3,1,108,81,49,12,16,4,10
2025-424,Dallas,Hard,32,A,20250203,10,210097,4,,Ben Shelton,L,193,USA,22.322,13,2980,126846,,,Aleksandar Vukic,R,188,AUS,28.83,66,868,6-3 6-3,3,R32,63,6,4,49,29,26,11,9,0,0,4,1,50,35,24,6,9,1,4
2025-424,Dallas,Hard,32,A,20250203,11,111815,,,Cameron Norrie,L,188,GBR,29.451,63,892,210506,7,,Alex Michelsen,R,193,USA,20.444,36,1370,2-6 7-6(1) 6-1,3,R32,122,7,2,107,77,52,13,14,11,14,7,2,77,57,44,8,13,5,8
2025-424,Dallas,Hard,32,A,20250203,12,126207,5,,Frances Tiafoe,R,188,USA,27.039,18,2560,106121,,,Taro Daniel,R,191,JPN,32.019,117,519,6-1 3-6 6-4,3,R32,104,8,3,77,43,32,19,13,3,5,4,3,75,47,36,9,13,4,8
2025-424,Dallas,Hard,32,A,20250203,13,208286,8,,Matteo Arnaldi,R,185,ITA,23.948,39,1265,111153,,Q,Christopher Eubanks,R,201,USA,28.75,104,567,6-3 6-4,3,R32,79,5,4,62,38,29,15,10,2,2,7,1,55,42,32,4,9,2,4
2025-424,Dallas,Hard,32,A,20250203,14,200221,,,Alejandro Davidovich Fokina,R,180,ESP,25.667,59,940,200587,,Q,Brandon Holt,R,185,USA,26.831,179,324,6-1 7-5,3,R32,81,6,0,61,43,32,12,10,3,3,4,1,58,40,25,7,9,3,6
2025-424,Dallas,Hard,32,A,20250203,15,208014,,,Rinky Hijikata,R,178,AUS,23.945,73,759,105173,,,Adrian Mannarino,L,180,FRA,36.6,107,561,7-5 6-3,3,R32,86,5,0,61,42,33,12,11,0,0,8,1,61,40,29,10,10,1,3
2025-424,Dallas,Hard,32,A,20250203,16,210319,,Q,Ethan Quinn,R,191,USA,20.898,199,307,S0VM,,WC,Trevor Svajda,R,175,USA,18.793,669,43,6-4 6-2,3,R32,85,9,1,55,43,33,7,9,2,2,0,1,74,52,30,10,9,6,9
2025-424,Dallas,Hard,32,A,20250203,17,133430,,,Denis Shapovalov,L,185,CAN,25.807,54,1021,126203,1,,Taylor Fritz,R,196,USA,27.269,4,5050,2-6 6-3 7-6(2),3,R16,123,15,7,102,60,45,23,15,7,9,9,3,82,58,45,12,14,1,2
2025-424,Dallas,Hard,32,A,20250203,18,134770,2,,Casper Ruud,R,183,NOR,26.119,5,4160,111581,,Q,Michael Mmoh,R,188,USA,27.066,422,106,6-1 6-4,3,R16,70,7,0,49,37,26,9,9,1,2,5,3,43,28,16,6,8,4,8
2025-424,Dallas,Hard,32,A,20250203,19,126205,3,,Tommy Paul,R,185,USA,27.718,9,3495,210319,,Q,Ethan Quinn,R,191,USA,20.898,199,307,6-4 5-7 6-4,3,R16,133,9,1,89,54,41,20,16,0,2,9,2,94,67,48,14,16,3,6
2025-424,Dallas,Hard,32,A,20250203,20,144719,,,Jaume Munar,R,183,ESP,27.751,64,882,210097,4,,Ben Shelton,L,193,USA,22.322,13,2980,6-2 7-6(3),3,R16,94,2,3,63,47,39,8,10,2,2,7,2,61,36,27,12,10,0,2
2025-424,Dallas,Hard,32,A,20250203,21,106415,,,Yoshihito Nishioka,L,170,JPN,29.355,67,847,126207,5,,Frances Tiafoe,R,188,USA,27.039,18,2560,3-6 6-4 6-3,3,R16,125,7,2,92,64,45,16,14,6,8,12,4,83,50,38,16,14,2,5
2025-424,Dallas,Hard,32,A,20250203,22,207830,6,,Tomas Machac,R,183,CZE,24.309,25,1805,208014,,,Rinky Hijikata,R,178,AUS,23.945,73,759,6-4 7-6(0),3,R16,87,10,2,60,38,28,14,11,0,2,1,2,70,42,26,15,11,5,8
2025-424,Dallas,Hard,32,A,20250203,23,208286,8,,Matteo Arnaldi,R,185,ITA,23.948,39,1265,200221,,,Alejandro Davidovich Fokina,R,180,ESP,25.667,59,940,6-1 6-3,3,R16,67,2,0,50,31,25,10,8,2,2,2,0,49,35,19,6,8,6,10
2025-424,Dallas,Hard,32,A,20250203,24,124187,,WC,Reilly Opelka,R,211,USA,27.436,145,391,111815,,,Cameron Norrie,L,188,GBR,29.451,63,892,4-6 7-6(5) 6-4,3,R16,150,18,2,103,58,47,25,16,5,6,7,2,100,66,52,19,16,3,4
2025-424,Dallas,Hard,32,A,20250203,25,134770,2,,Casper Ruud,R,183,NOR,26.119,5,4160,106415,,,Yoshihito Nishioka,L,170,JPN,29.355,67,847,7-5 3-2 RET,3,QF,80,4,1,49,39,29,6,9,0,1,1,0,60,46,30,5,8,5,7
2025-424,Dallas,Hard,32,A,20250203,26,126205,3,,Tommy Paul,R,185,USA,27.718,9,3495,124187,,WC,Reilly Opelka,R,211,USA,27.436,145,391,7-6(3) 6-2,3,QF,90,3,6,65,41,34,15,10,0,0,9,2,78,50,33,15,10,5,7
2025-424,Dallas,Hard,32,A,20250203,27,133430,,,Denis Shapovalov,L,185,CAN,25.807,54,1021,207830,6,,Tomas Machac,R,183,CZE,24.309,25,1805,7-6(5) 6-0,3,QF,74,6,5,54,30,22,16,9,1,2,3,0,56,40,21,9,9,2,6
2025-424,Dallas,Hard,32,A,20250203,28,144719,,,Jaume Munar,R,183,ESP,27.751,64,882,208286,8,,Matteo Arnaldi,R,185,ITA,23.948,39,1265,6-4 3-6 6-3,3,QF,136,4,5,89,57,43,20,14,4,5,4,4,90,58,45,16,14,3,5
2025-424,Dallas,Hard,32,A,20250203,29,134770,2,,Casper Ruud,R,183,NOR,26.119,5,4160,144719,,,Jaume Munar,R,183,ESP,27.751,64,882,6-2 2-6 7-6(4),3,SF,149,4,2,90,65,44,10,14,3,6,6,1,91,61,40,16,14,3,6
2025-424,Dallas,Hard,32,A,20250203,30,133430,,,Denis Shapovalov,L,185,CAN,25.807,54,1021,126205,3,,Tommy Paul,R,185,USA,27.718,9,3495,7-5 6-3,3,SF,94,6,4,78,50,39,13,11,3,3,2,0,57,34,24,12,10,1,3
2025-424,Dallas,Hard,32,A,20250203,31,133430,,,Denis Shapovalov,L,185,CAN,25.807,54,1021,134770,2,,Casper Ruud,R,183,NOR,26.119,5,4160,7-6(5) 6-3,3,F,100,13,2,73,50,36,15,11,1,1,5,1,73,55,35,12,10,4,5
2025-407,Rotterdam,Hard,32,A,20250203,1,209950,7,,Arthur Fils,R,185,FRA,20.646,19,2330,106005,,Q,Constant Lestienne,R,180,FRA,32.701,169,336,6-7(4) 6-2 6-1,3,R32,128,14,0,90,49,36,24,13,3,4,1,3,87,47,28,21,14,7,13
2025-407,Rotterdam,Hard,32,A,20250203,2,127157,,LL,Daniel Altmaier,R,188,GER,26.396,93,622,206499,,SE,Aleksandar Kovacevic,R,183,USA,26.434,75,748,1-6 6-4 6-3,3,R32,108,9,1,72,37,31,18,13,1,3,3,2,75,43,33,15,13,2,4
2025-407,Rotterdam,Hard,32,A,20250203,3,134868,,,Tallon Griekspoor,R,188,NED,28.591,43,1230,126610,,,Matteo Berrettini,R,196,ITA,28.813,33,1430,6-3 6-7(2) 7-6(4),3,R32,142,8,3,103,61,51,26,17,1,1,13,3,86,56,48,23,16,0,1
2025-407,Rotterdam,Hard,32,A,20250203,4,206681,,,Fabian Marozsan,R,193,HUN,25.325,57,960,105526,,,Jan-Lennard Struff,R,193,GER,34.779,45,1200,6-3 4-6 7-6(3),3,R32,115,7,1,102,69,53,19,16,1,2,13,4,93,47,39,27,15,3,4
2025-407,Rotterdam,Hard,32,A,20250203,5,131934,,Q,Andrea Vavassori,R,193,ITA,29.752,317,163,200000,,,Felix Auger-Aliassime,R,193,CAN,24.49,23,2005,6-7(3) 6-4 RET,3,R32,100,5,5,70,43,36,13,11,3,4,5,3,64,43,33,12,11,1,3
2025-407,Rotterdam,Hard,32,A,20250203,6,207989,1,,Carlos Alcaraz,R,183,ESP,21.752,3,7010,122298,,WC,Botic van de Zandschulp,R,191,NED,29.336,84,672,7-6(3) 3-6 6-1,3,R32,154,3,5,95,53,36,22,14,4,7,4,8,100,63,41,16,14,5,9
2025-407,Rotterdam,Hard,32,A,20250203,7,200282,3,,Alex de Minaur,R,183,AUS,25.963,8,3735,105676,,,David Goffin,R,180,BEL,34.16,56,994,6-2 6-4,3,R32,96,4,1,60,28,20,22,9,3,3,2,0,72,37,27,14,9,7,10
2025-407,Rotterdam,Hard,32,A,20250203,8,126094,4,,Andrey Rublev,R,188,RUS,27.291,10,3220,111190,,,Zhizhen Zhang,R,193,CHN,28.301,50,1100,6-3 6-4,3,R32,82,7,1,61,37,29,15,10,1,1,8,4,70,38,27,16,9,6,8
2025-407,Rotterdam,Hard,32,A,20250203,9,208029,5,,Holger Rune,R,188,DEN,21.769,14,2970,132283,,,Lorenzo Sonego,R,191,ITA,29.736,34,1376,7-6(4) 6-4,3,R32,131,5,0,72,41,32,18,11,1,2,3,2,98,58,38,18,11,11,13
2025-407,Rotterdam,Hard,32,A,20250203,10,208103,,,Jiri Lehecka,R,185,CZE,23.239,24,1810,200615,,,Alexei Popyrin,R,196,AUS,25.5,26,1800,7-5 6-2,3,R32,87,5,3,66,45,33,12,10,2,2,3,2,54,32,25,8,10,1,4
2025-407,Rotterdam,Hard,32,A,20250203,11,124079,,,Pedro Martinez,R,185,ESP,27.775,44,1205,105138,,,Roberto Bautista Agut,R,183,ESP,36.808,52,1067,6-3 6-2,3,R32,101,0,2,52,30,18,16,8,5,6,1,2,66,38,21,11,9,8,13
2025-407,Rotterdam,Hard,32,A,20250203,12,210150,,,Jakub Mensik,R,196,CZE,19.425,47,1182,122330,,,Alexander Bublik,R,196,KAZ,27.633,49,1130,6-4 6-4,3,R32,59,10,3,50,33,29,10,10,0,1,5,2,58,32,27,10,10,4,7
2025-407,Rotterdam,Hard,32,A,20250203,13,106421,2,,Daniil Medvedev,R,198,RUS,28.98,7,3780,104527,,WC,Stan Wawrinka,R,183,SUI,39.855,155,361,6-7(8) 6-4 6-1,3,R32,147,7,6,88,57,42,15,14,5,7,4,4,106,55,39,17,15,5,11
2025-407,Rotterdam,Hard,32,A,20250203,14,126774,6,WC,Stefanos Tsitsipas,R,193,GRE,26.48,12,3005,208004,,Q,Harold Mayot,R,180,FRA,22.998,138,428,6-1 7-5,3,R32,83,4,2,55,31,27,16,10,0,0,1,1,65,39,22,15,9,10,13
2025-407,Rotterdam,Hard,32,A,20250203,15,128034,8,,Hubert Hurkacz,R,196,POL,27.978,21,2205,207925,,,Flavio Cobolli,R,183,ITA,22.749,35,1372,6-3 6-2,3,R32,77,7,1,48,27,23,14,9,1,1,4,3,55,33,21,10,8,3,6
2025-407,Rotterdam,Hard,32,A,20250203,16,208233,,Q,Mattia Bellucci,L,175,ITA,23.677,92,624,R0KD,,WC,Mees Rottgering,L,180,NED,17.58,839,24,6-3 6-2,3,R32,102,10,4,59,39,31,9,9,5,6,0,2,70,40,23,13,8,5,9
2025-407,Rotterdam,Hard,32,A,20250203,17,207989,1,,Carlos Alcaraz,R,183,ESP,21.752,3,7010,131934,,Q,Andrea Vavassori,R,193,ITA,29.752,317,163,6-2 6-1,3,R16,63,1,0,36,26,22,7,7,1,1,4,4,59,36,19,8,8,3,8
2025-407,Rotterdam,Hard,32,A,20250203,18,200282,3,,Alex de Minaur,R,183,AUS,25.963,8,3735,210150,,,Jakub Mensik,R,196,CZE,19.425,47,1182,6-4 6-4,3,R16,88,2,2,52,35,29,13,10,0,0,12,5,76,43,34,10,10,6,8
2025-407,Rotterdam,Hard,32,A,20250203,19,126094,4,,Andrey Rublev,R,188,RUS,27.291,10,3220,206681,,,Fabian Marozsan,R,193,HUN,25.325,57,960,7-6(2) 7-6(7),3,R16,105,10,0,78,46,34,20,12,2,4,7,3,79,54,36,15,12,1,3
2025-407,Rotterdam,Hard,32,A,20250203,20,124079,,,Pedro Martinez,R,185,ESP,27.775,44,1205,208029,5,,Holger Rune,R,188,DEN,21.769,14,2970,6-4 6-1,3,R16,83,0,2,49,34,25,11,9,1,2,2,1,58,33,17,13,8,4,8
2025-407,Rotterdam,Hard,32,A,20250203,21,126774,6,WC,Stefanos Tsitsipas,R,193,GRE,26.48,12,3005,134868,,,Tallon Griekspoor,R,188,NED,28.591,43,1230,6-7(5) 7-6(6) 7-5,3,R16,179,12,5,116,71,57,26,18,3,5,10,2,131,89,65,21,18,6,9
2025-407,Rotterdam,Hard,32,A,20250203,22,127157,,LL,Daniel Altmaier,R,188,GER,26.396,93,622,209950,7,,Arthur Fils,R,185,FRA,20.646,19,2330,6-4 3-6 7-5,3,R16,146,11,1,86,53,39,16,15,1,4,6,4,116,68,45,24,16,9,13
2025-407,Rotterdam,Hard,32,A,20250203,23,208233,,Q,Mattia Bellucci,L,175,ITA,23.677,92,624,106421,2,,Daniil Medvedev,R,198,RUS,28.98,7,3780,6-3 6-7(6) 6-3,3,R16,174,2,1,131,85,56,25,16,11,12,9,8,93,53,44,17,14,5,8
2025-407,Rotterdam,Hard,32,A,20250203,24,128034,8,,Hubert Hurkacz,R,196,POL,27.978,21,2205,208103,,,Jiri Lehecka,R,185,CZE,23.239,24,1810,7-5 2-0 RET,3,R16,55,6,0,43,29,24,8,7,4,4,3,0,38,26,16,8,7,0,2
2025-407,Rotterdam,Hard,32,A,20250203,25,207989,1,,Carlos Alcaraz,R,183,ESP,21.752,3,7010,124079,,,Pedro Martinez,R,185,ESP,27.775,44,1205,6-2 6-1,3,QF,70,7,2,36,23,21,8,7,0,0,0,4,57,39,20,6,8,5,10
2025-407,Rotterdam,Hard,32,A,20250203,26,200282,3,,Alex de Minaur,R,183,AUS,25.963,8,3735,127157,,LL,Daniel Altmaier,R,188,GER,26.396,93,622,6-1 6-4,3,QF,87,0,2,54,26,20,18,9,4,5,3,1,60,30,21,10,8,4,8
2025-407,Rotterdam,Hard,32,A,20250203,27,128034,8,,Hubert Hurkacz,R,196,POL,27.978,21,2205,126094,4,,Andrey Rublev,R,188,RUS,27.291,10,3220,6-7(5) 6-3 6-4,3,QF,144,17,1,94,60,48,19,16,4,5,5,6,114,71,51,17,15,7,10
2025-407,Rotterdam,Hard,32,A,20250203,28,208233,,Q,Mattia Bellucci,L,175,ITA,23.677,92,624,126774,6,WC,Stefanos Tsitsipas,R,193,GRE,26.48,12,3005,6-4 6-2,3,QF,85,5,2,57,33,25,16,9,4,4,4,1,58,35,25,9,9,7,10
2025-407,Rotterdam,Hard,32,A,20250203,29,207989,1,,Carlos Alcaraz,R,183,ESP,21.752,3,7010,128034,8,,Hubert Hurkacz,R,196,POL,27.978,21,2205,6-4 6-7(5) 6-3,3,SF,140,5,4,96,59,47,20,16,5,6,10,1,99,62,45,19,15,6,9
2025-407,Rotterdam,Hard,32,A,20250203,30,200282,3,,Alex de Minaur,R,183,AUS,25.963,8,3735,208233,,Q,Mattia Bellucci,L,175,ITA,23.677,92,624,6-1 6-2,3,SF,67,1,1,44,18,14,18,8,0,0,0,2,45,24,17,5,7,0,4
2025-407,Rotterdam,Hard,32,A,20250203,31,207989,1,,Carlos Alcaraz,R,183,ESP,21.752,3,7010,200282,3,,Alex de Minaur,R,183,AUS,25.963,8,3735,6-4 3-6 6-2,3,F,114,2,1,76,51,34,16,13,3,5,1,4,78,48,35,14,14,4,8
2025-496,Marseille,Hard,28,A,20250210,1,126409,,Q,Hugo Grenier,R,196,FRA,28.887,202,306,G0IX,,Q,Arthur Gea,R,180,FRA,20.107,306,171,7-5 6-4,3,R32,102,8,3,62,43,37,11,11,6,6,5,1,71,43,31,14,11,7,9
2025-496,Marseille,Hard,28,A,20250210,2,105732,,Q,Pierre-Hugues Herbert,R,188,FRA,33.903,192,315,208004,,,Harold Mayot,R,180,FRA,23.017,136,447,2-6 7-5 6-3,3,R32,154,16,13,119,55,45,25,15,10,13,6,2,99,58,40,19,14,9,12
2025-496,Marseille,Hard,28,A,20250210,3,132686,8,,Nuno Borges,R,185,POR,27.975,39,1345,104527,,WC,Stan Wawrinka,R,183,SUI,39.874,158,361,6-7(4) 7-6(1) 6-3,3,R32,151,5,3,99,66,47,25,17,1,3,12,3,116,59,41,31,16,5,8
2025-496,Marseille,Hard,28,A,20250210,4,127157,,,Daniel Altmaier,R,188,GER,26.415,80,728,208134,,,Luca Nardi,R,185,ITA,21.517,83,681,6-2 6-2,3,R32,82,10,1,53,30,25,12,8,4,4,0,1,67,36,26,7,8,7,11
2025-496,Marseille,Hard,28,A,20250210,5,200267,,,Zizou Bergs,R,185,BEL,25.692,62,932,206889,,Q,Clement Chidekh,R,180,FRA,23.663,189,317,6-4 6-4,3,R32,82,10,2,58,33,27,14,10,1,2,0,3,55,30,22,11,10,1,4
2025-496,Marseille,Hard,28,A,20250210,6,122330,,,Alexander Bublik,R,196,KAZ,27.652,48,1130,104755,,WC,Richard Gasquet,R,183,FRA,38.65,128,478,6-4 6-4,3,R32,81,13,1,55,32,27,14,10,2,3,2,5,62,28,21,16,10,2,5
2025-496,Marseille,Hard,28,A,20250210,7,105526,,,Jan-Lennard Struff,R,193,GER,34.798,46,1200,131905,,LL,Manuel Guinard,R,198,FRA,29.24,280,191,7-5 7-6(4),3,R32,117,18,5,86,54,38,16,12,2,5,7,10,97,47,34,20,12,8,12
2025-496,Marseille,Hard,28,A,20250210,8,209414,,LL,Luca Van Assche,R,178,FRA,20.753,164,346,126127,,,Benjamin Bonzi,R,183,FRA,28.674,64,911,3-6 6-3 7-6(7),3,R32,131,10,6,100,65,51,14,15,5,8,9,4,86,53,43,14,15,3,6
2025-496,Marseille,Hard,28,A,20250210,9,111190,,,Zhizhen Zhang,R,193,CHN,28.32,52,1050,111460,,,Quentin Halys,R,191,FRA,28.293,74,756,6-3 6-7(2) 7-6(3),3,R32,139,10,4,102,66,51,25,16,2,2,22,7,110,58,50,24,17,2,4
2025-496,Marseille,Hard,28,A,20250210,10,202261,,,Otto Virtanen,R,193,FIN,23.641,98,614,200624,5,,Sebastian Korda,R,196,USA,24.602,23,2000,6-7(3) 7-6(4) 6-4,3,R32,152,19,4,120,72,55,23,17,6,8,11,4,105,69,50,20,17,2,5
2025-496,Marseille,Hard,28,A,20250210,11,132283,7,,Lorenzo Sonego,R,191,ITA,29.755,35,1376,122298,,,Botic van de Zandschulp,R,191,NED,29.355,85,672,6-1 3-6 6-3,3,R32,119,7,0,79,55,40,13,13,0,1,6,3,72,45,33,13,12,4,7
2025-496,Marseille,Hard,28,A,20250210,12,209098,,,Hamad Medjedovic,R,188,SRB,21.569,96,617,209920,,ALT,Raphael Collignon,R,191,BEL,23.077,122,491,6-3 6-4,3,R32,87,5,1,59,42,34,11,10,5,5,6,6,76,54,36,8,9,8,10
2025-496,Marseille,Hard,28,A,20250210,13,106421,1,WC,Daniil Medvedev,R,198,RUS,28.999,8,3830,105732,,Q,Pierre-Hugues Herbert,R,188,FRA,33.903,192,315,6-2 6-4,3,R16,69,6,3,49,29,26,13,9,1,1,3,6,52,29,20,8,9,1,4
2025-496,Marseille,Hard,28,A,20250210,14,111190,,,Zhizhen Zhang,R,193,CHN,28.32,52,1050,128034,4,,Hubert Hurkacz,R,196,POL,27.997,20,2305,6-4 6-7(1) 6-3,3,R16,128,10,5,95,59,45,24,16,3,3,14,3,95,52,44,21,15,8,10
2025-496,Marseille,Hard,28,A,20250210,15,200267,,,Zizou Bergs,R,185,BEL,25.692,62,932,132686,8,,Nuno Borges,R,185,POR,27.975,39,1345,6-2 6-7(5) 6-2,3,R16,130,13,4,87,57,48,17,14,2,2,2,4,94,58,39,20,14,6,10
2025-496,Marseille,Hard,28,A,20250210,16,105526,,,Jan-Lennard Struff,R,193,GER,34.798,46,1200,126409,,Q,Hugo Grenier,R,196,FRA,28.887,202,306,6-4 5-7 6-4,3,R16,134,16,4,96,59,44,16,16,3,7,14,5,115,77,51,14,16,8,13
2025-496,Marseille,Hard,28,A,20250210,17,200005,2,,Ugo Humbert,L,188,FRA,26.628,17,2625,122330,,,Alexander Bublik,R,196,KAZ,27.652,48,1130,7-6(7) 6-4,3,R16,93,9,1,67,40,31,17,11,1,2,10,4,71,39,30,16,11,2,4
2025-496,Marseille,Hard,28,A,20250210,18,209098,,,Hamad Medjedovic,R,188,SRB,21.569,96,617,111575,3,,Karen Khachanov,R,198,RUS,28.726,21,2210,6-2 6-3,3,R16,72,3,2,55,36,26,11,9,4,5,5,3,48,22,14,10,8,5,9
2025-496,Marseille,Hard,28,A,20250210,19,132283,7,,Lorenzo Sonego,R,191,ITA,29.755,35,1376,209414,,LL,Luca Van Assche,R,178,FRA,20.753,164,346,W/O,3,R16,,,,,,,,,,,,,,,,,,,
2025-496,Marseille,Hard,28,A,20250210,20,127157,,,Daniel Altmaier,R,188,GER,26.415,80,728,202261,,,Otto Virtanen,R,193,FIN,23.641,98,614,6-4 6-3,3,R16,87,9,0,73,40,29,17,9,10,11,5,3,62,34,20,14,10,6,10
2025-496,Marseille,Hard,28,A,20250210,21,106421,1,WC,Daniil Medvedev,R,198,RUS,28.999,8,3830,105526,,,Jan-Lennard Struff,R,193,GER,34.798,46,1200,6-3 6-2,3,QF,78,6,3,54,34,26,11,8,5,5,4,4,65,41,24,10,9,8,12
2025-496,Marseille,Hard,28,A,20250210,22,200005,2,,Ugo Humbert,L,188,FRA,26.628,17,2625,132283,7,,Lorenzo Sonego,R,191,ITA,29.755,35,1376,6-4 6-4,3,QF,98,5,2,63,34,29,17,10,3,3,8,1,64,40,27,14,10,4,6
2025-496,Marseille,Hard,28,A,20250210,23,200267,,,Zizou Bergs,R,185,BEL,25.692,62,932,111190,,,Zhizhen Zhang,R,193,CHN,28.32,52,1050,7-5 RET,3,QF,38,11,0,28,20,16,6,6,2,3,4,3,37,26,16,5,6,2,4
2025-496,Marseille,Hard,28,A,20250210,24,209098,,,Hamad Medjedovic,R,188,SRB,21.569,96,617,127157,,,Daniel Altmaier,R,188,GER,26.415,80,728,7-5 6-7(7) 6-4,3,QF,162,8,2,102,74,58,15,17,3,4,10,2,111,69,51,20,17,7,10
2025-496,Marseille,Hard,28,A,20250210,25,209098,,,Hamad Medjedovic,R,188,SRB,21.569,96,617,106421,1,WC,Daniil Medvedev,R,198,RUS,28.999,8,3830,6-3 6-2,3,SF,72,7,3,60,38,29,8,9,3,5,2,3,46,29,17,4,8,5,10
2025-496,Marseille,Hard,28,A,20250210,26,200005,2,,Ugo Humbert,L,188,FRA,26.628,17,2625,200267,,,Zizou Bergs,R,185,BEL,25.692,62,932,6-4 6-4,3,SF,90,5,2,60,35,29,16,10,1,1,5,2,58,31,23,14,10,4,6
2025-496,Marseille,Hard,28,A,20250210,27,200005,2,,Ugo Humbert,L,188,FRA,26.628,17,2625,209098,,,Hamad Medjedovic,R,188,SRB,21.569,96,617,7-6(4) 6-4,3,F,100,13,0,66,33,27,22,11,1,2,4,5,72,44,35,11,11,5,7
2025-499,Delray Beach,Hard,28,A,20250210,1,210530,,WC,Learner Tien,L,180,USA,19.192,82,707,200443,,,Adam Walton,R,183,AUS,25.821,89,655,6-4 6-3,3,R32,86,5,5,65,40,27,12,10,5,7,4,1,56,34,23,8,9,5,9
2025-499,Delray Beach,Hard,28,A,20250210,2,200221,8,,Alejandro Davidovich Fokina,R,180,ESP,25.687,60,940,106121,,LL,Taro Daniel,R,191,JPN,32.038,119,494,6-2 7-6(2),3,R32,86,8,2,66,46,34,10,10,2,3,2,3,58,41,28,4,10,0,3
2025-499,Delray Beach,Hard,28,A,20250210,3,126239,9,,Arthur Rinderknech,R,196,FRA,29.555,65,899,122078,,LL,Dmitry Popko,R,191,KAZ,28.298,208,289,6-2 6-4,3,R32,83,3,0,54,38,29,10,9,0,0,2,1,64,30,20,16,9,4,7
2025-499,Delray Beach,Hard,28,A,20250210,4,207352,,,Yunchaokete Bu,R,185,CHN,23.061,69,830,208014,,,Rinky Hijikata,R,178,AUS,23.964,72,784,6-2 6-0,3,R32,59,4,1,36,19,16,12,7,0,0,2,1,48,29,13,7,7,3,8
2025-499,Delray Beach,Hard,28,A,20250210,5,111456,,WC,Mackenzie McDonald,R,178,USA,29.823,123,488,105453,,,Kei Nishikori,R,178,JPN,35.118,71,793,7-6(4) 4-6 7-5,3,R32,152,4,1,111,79,56,13,17,3,8,4,2,102,61,41,19,17,2,7
2025-499,Delray Beach,Hard,28,A,20250210,6,106415,,,Yoshihito Nishioka,L,170,JPN,29.374,63,922,126846,,,Aleksandar Vukic,R,188,AUS,28.849,67,868,6-3 6-4,3,R32,79,5,0,63,34,27,18,10,4,4,9,2,49,26,19,14,9,1,3
2025-499,Delray Beach,Hard,28,A,20250210,7,124187,,WC,Reilly Opelka,R,211,USA,27.455,121,491,111153,,,Christopher Eubanks,R,201,USA,28.769,104,567,6-3 7-6(7),3,R32,86,13,2,67,43,35,16,11,1,1,3,0,59,40,29,13,10,0,1
2025-499,Delray Beach,Hard,28,A,20250210,8,206909,6,,Brandon Nakashima,R,188,USA,23.524,43,1250,T0BW,,Q,James Trotter,R,183,JPN,25.539,182,321,7-6(2) 6-1,3,R32,98,5,0,57,38,33,13,10,0,0,4,1,79,48,28,18,9,6,8
2025-499,Delray Beach,Hard,28,A,20250210,9,200175,7,,Miomir Kecmanovic,R,183,SRB,25.448,56,996,127339,,,Borna Gojo,R,196,CRO,26.954,414,111,6-4 6-4,3,R32,70,3,0,51,37,32,5,10,0,1,11,2,58,39,27,9,10,2,5
2025-499,Delray Beach,Hard,28,A,20250210,10,111581,,Q,Michael Mmoh,R,188,USA,27.086,328,156,207686,,,Alexander Shevchenko,R,188,KAZ,24.2,88,668,7-5 7-6(5),3,R32,119,5,1,80,55,37,13,12,6,9,3,3,79,42,33,13,12,3,7
2025-499,Delray Beach,Hard,28,A,20250210,11,111815,,,Cameron Norrie,L,188,GBR,29.47,61,934,208260,,Q,Zachary Svajda,R,175,USA,22.201,169,339,7-5 6-4,3,R32,88,5,0,59,38,27,11,11,3,6,3,0,65,46,29,8,11,7,12
2025-499,Delray Beach,Hard,28,A,20250210,12,210319,,LL,Ethan Quinn,R,191,USA,20.917,150,382,B0EJ,,Q,Tristan Boyer,R,188,USA,23.808,113,524,6-2 6-7(5) 7-6(2),3,R32,192,6,3,128,81,63,21,16,12,14,4,3,120,81,51,22,16,4,8
2025-499,Delray Beach,Hard,28,A,20250210,13,126203,1,,Taylor Fritz,R,196,USA,27.288,4,5100,207352,,,Yunchaokete Bu,R,185,CHN,23.061,69,830,7-6(4) 6-2,3,R16,97,18,1,61,40,34,15,10,1,1,6,1,72,52,37,9,10,5,7
2025-499,Delray Beach,Hard,28,A,20250210,14,208286,4,,Matteo Arnaldi,R,185,ITA,23.967,38,1355,210530,,WC,Learner Tien,L,180,USA,19.192,82,707,7-6(4) 4-6 7-6(1),3,R16,169,24,2,119,77,60,17,17,10,14,3,4,109,78,52,18,17,5,8
2025-499,Delray Beach,Hard,28,A,20250210,15,206909,6,,Brandon Nakashima,R,188,USA,23.524,43,1250,124187,,WC,Reilly Opelka,R,211,USA,27.455,121,491,3-6 7-5 6-2,3,R16,112,14,1,66,45,38,16,14,0,1,17,6,105,58,42,21,15,5,8
2025-499,Delray Beach,Hard,28,A,20250210,16,200221,8,,Alejandro Davidovich Fokina,R,180,ESP,25.687,60,940,111456,,WC,Mackenzie McDonald,R,178,USA,29.823,123,488,6-2 5-7 6-0,3,R16,136,8,3,102,78,49,9,13,8,11,3,4,89,57,31,13,13,9,16
2025-499,Delray Beach,Hard,28,A,20250210,17,210506,3,,Alex Michelsen,R,193,USA,20.463,37,1370,111581,,Q,Michael Mmoh,R,188,USA,27.086,328,156,6-7(8) 3-0 RET,3,R16,111,6,1,61,39,30,9,7,2,2,7,5,69,51,30,9,8,6,8
2025-499,Delray Beach,Hard,28,A,20250210,18,106218,5,,Marcos Giron,R,180,USA,31.551,49,1125,210319,,LL,Ethan Quinn,R,191,USA,20.917,150,382,6-3 6-4,3,R16,79,2,1,44,24,23,13,9,0,0,8,3,66,43,32,8,10,4,7
2025-499,Delray Beach,Hard,28,A,20250210,19,200175,7,,Miomir Kecmanovic,R,183,SRB,25.448,56,996,106415,,,Yoshihito Nishioka,L,170,JPN,29.374,63,922,W/O,3,R16,,,,,,,,,,,,,,,,,,,
2025-499,Delray Beach,Hard,28,A,20250210,20,111815,,,Cameron Norrie,L,188,GBR,29.47,61,934,126239,9,,Arthur Rinderknech,R,196,FRA,29.555,65,899,7-6(9) 6-2,3,R16,119,6,2,62,37,29,15,10,1,2,14,10,95,51,41,12,10,7,10
2025-499,Delray Beach,Hard,28,A,20250210,21,200221,8,,Alejandro Davidovich Fokina,R,180,ESP,25.687,60,940,126203,1,,Taylor Fritz,R,196,USA,27.288,4,5100,7-6(4) 7-6(5),3,QF,145,2,0,91,70,47,9,12,5,8,13,3,77,49,34,14,12,0,3
2025-499,Delray Beach,Hard,28,A,20250210,22,210506,3,,Alex Michelsen,R,193,USA,20.463,37,1370,111815,,,Cameron Norrie,L,188,GBR,29.47,61,934,7-6(3) 7-5,3,QF,98,9,1,69,46,37,15,12,3,3,4,0,69,37,29,19,12,0,1
2025-499,Delray Beach,Hard,28,A,20250210,23,208286,4,,Matteo Arnaldi,R,185,ITA,23.967,38,1355,206909,6,,Brandon Nakashima,R,188,USA,23.524,43,1250,7-6(2) 6-4,3,QF,102,8,0,60,34,27,21,11,1,1,5,2,68,47,33,11,11,1,2
2025-499,Delray Beach,Hard,28,A,20250210,24,200175,7,,Miomir Kecmanovic,R,183,SRB,25.448,56,996,106218,5,,Marcos Giron,R,180,USA,31.551,49,1125,2-6 6-4 6-2,3,QF,100,12,0,68,44,36,13,13,2,4,12,3,77,56,40,11,13,2,5
2025-499,Delray Beach,Hard,28,A,20250210,25,200175,7,,Miomir Kecmanovic,R,183,SRB,25.448,56,996,210506,3,,Alex Michelsen,R,193,USA,20.463,37,1370,7-6(3) 6-3,3,SF,92,6,3,75,47,34,14,11,2,4,1,6,62,39,25,12,10,1,4
2025-499,Delray Beach,Hard,28,A,20250210,26,200221,8,,Alejandro Davidovich Fokina,R,180,ESP,25.687,60,940,208286,4,,Matteo Arnaldi,R,185,ITA,23.967,38,1355,6-4 6-4,3,SF,102,1,1,66,41,28,12,10,6,8,4,2,63,31,20,15,10,2,6
2025-499,Delray Beach,Hard,28,A,20250210,27,200175,7,,Miomir Kecmanovic,R,183,SRB,25.448,56,996,200221,8,,Alejandro Davidovich Fokina,R,180,ESP,25.687,60,940,3-6 6-1 7-5,3,F,130,8,0,88,59,40,17,14,5,7,1,2,85,55,34,15,14,2,6
2025-506,Buenos Aires,Clay,28,A,20250210,1,106043,,WC,Diego Schwartzman,R,170,ARG,32.487,386,124,111797,7,,Nicolas Jarry,R,201,CHI,29.336,40,1340,7-6(10) 4-6 6-3,3,R32,173,1,4,114,76,53,23,16,5,7,10,3,98,61,47,22,15,10,12
2025-506,Buenos Aires,Clay,28,A,20250210,2,211663,,,Joao Fonseca,R,188,BRA,18.475,99,600,144869,8,,Tomas Martin Etcheverry,R,196,ARG,25.569,44,1240,6-3 6-3,3,R32,85,3,2,52,36,24,10,9,1,2,5,1,61,37,27,6,9,5,9
2025-506,Buenos Aires,Clay,28,A,20250210,3,105948,,LL,Federico Coria,R,180,ARG,32.925,115,501,200384,,,Hugo Gaston,L,173,FRA,24.375,91,649,6-3 6-2,3,R32,68,3,0,42,28,23,6,8,1,3,0,3,61,37,18,9,9,5,11
2025-506,Buenos Aires,Clay,28,A,20250210,4,144895,,,Corentin Moutet,L,180,FRA,25.815,66,872,111576,,LL,Sumit Nagal,R,178,IND,27.488,129,473,7-5 6-2,3,R32,112,4,1,69,52,33,9,10,4,6,1,3,80,51,33,8,10,4,9
2025-506,Buenos Aires,Clay,28,A,20250210,5,202103,5,,Francisco Cerundolo,R,185,ARG,26.497,28,1670,209260,,,Luciano Darderi,R,183,ITA,22.99,59,945,6-4 6-4,3,R32,101,1,0,69,49,32,13,10,7,8,1,0,71,47,28,14,10,6,9
2025-506,Buenos Aires,Clay,28,A,20250210,6,202104,6,,Sebastian Baez,R,170,ARG,24.12,31,1535,200116,,WC,Camilo Ugo Carabelli,R,185,ARG,25.654,87,672,6-4 6-4,3,R32,113,3,2,77,52,34,13,10,6,7,1,5,64,44,30,7,10,2,5
2025-506,Buenos Aires,Clay,28,A,20250210,7,207678,,Q,Juan Manuel Cerundolo,L,183,ARG,23.239,139,432,208882,,Q,Roman Andres Burruchaga,R,183,ARG,23.05,141,428,7-6(4) 5-7 7-5,3,R32,210,1,0,113,69,45,26,18,2,7,0,3,124,75,49,25,18,10,15
2025-506,Buenos Aires,Clay,28,A,20250210,8,124079,,,Pedro Martinez,R,185,ESP,27.795,41,1295,106000,,,Damir Dzumhur,R,175,BIH,32.728,90,654,0-6 6-2 7-6(3),3,R32,180,1,3,112,84,47,12,13,12,18,2,1,104,77,44,11,13,9,14
2025-506,Buenos Aires,Clay,28,A,20250210,9,111513,,Q,Laslo Djere,R,188,SRB,29.695,112,525,124186,,,Alexandre Muller,R,183,FRA,28.025,58,953,6-3 6-3,3,R32,75,8,1,46,28,27,10,9,1,1,2,0,53,34,23,8,9,2,5
2025-506,Buenos Aires,Clay,28,A,20250210,10,105583,,,Dusan Lajovic,R,183,SRB,34.617,81,717,106148,,,Roberto Carballes Baena,R,183,ESP,31.888,50,1071,7-6(8) 7-5,3,R32,141,7,1,81,44,30,19,12,1,5,6,2,86,48,29,15,12,4,9
2025-506,Buenos Aires,Clay,28,A,20250210,11,208363,,,Mariano Navone,R,178,ARG,23.953,47,1158,207681,,WC,Francisco Comesana,R,178,ARG,24.348,84,674,6-4 6-4,3,R32,99,2,3,61,38,27,13,10,1,2,1,4,57,33,22,10,10,2,5
2025-506,Buenos Aires,Clay,28,A,20250210,12,205734,,,Thiago Seyboth Wild,R,185,BRA,24.923,77,732,207680,,,Facundo Diaz Acosta,L,183,ARG,24.156,75,748,3-6 6-2 6-3,3,R32,128,4,2,77,49,35,16,13,2,4,10,5,80,51,33,15,13,7,11
2025-506,Buenos Aires,Clay,28,A,20250210,13,208363,,,Mariano Navone,R,178,ARG,23.953,47,1158,208029,2,,Holger Rune,R,188,DEN,21.788,12,3010,6-1 7-6(2),3,R16,102,4,0,65,42,32,15,10,5,5,0,1,67,45,26,12,9,1,3
2025-506,Buenos Aires,Clay,28,A,20250210,14,207518,3,,Lorenzo Musetti,R,185,ITA,22.943,16,2650,144895,,,Corentin Moutet,L,180,FRA,25.815,66,872,6-2 6-3,3,R16,89,2,2,57,39,29,12,9,4,4,0,2,46,32,19,6,8,1,4
2025-506,Buenos Aires,Clay,28,A,20250210,15,211663,,,Joao Fonseca,R,188,BRA,18.475,99,600,105948,,LL,Federico Coria,R,180,ARG,32.925,115,501,2-6 6-4 6-2,3,R16,132,1,2,80,48,33,15,13,3,6,8,2,87,54,38,13,13,3,7
2025-506,Buenos Aires,Clay,28,A,20250210,16,124079,,,Pedro Martinez,R,185,ESP,27.795,41,1295,106043,,WC,Diego Schwartzman,R,170,ARG,32.487,386,124,6-2 6-2,3,R16,77,0,2,49,38,27,5,8,3,4,4,4,42,27,12,5,8,4,9
2025-506,Buenos Aires,Clay,28,A,20250210,17,100644,1,,Alexander Zverev,R,198,GER,27.811,2,8135,105583,,,Dusan Lajovic,R,183,SRB,34.617,81,717,6-4 6-4,3,R16,97,6,4,63,45,36,7,10,3,4,4,2,81,61,39,7,10,4,7
2025-506,Buenos Aires,Clay,28,A,20250210,18,111513,,Q,Laslo Djere,R,188,SRB,29.695,112,525,126214,4,,Alejandro Tabilo,L,188,CHI,27.693,27,1705,2-6 6-1 7-6(2),3,R16,133,7,3,78,48,36,18,13,3,5,4,3,104,65,44,17,14,6,9
2025-506,Buenos Aires,Clay,28,A,20250210,19,202103,5,,Francisco Cerundolo,R,185,ARG,26.497,28,1670,207678,,Q,Juan Manuel Cerundolo,L,183,ARG,23.239,139,432,6-2 6-3,3,R16,77,2,1,54,35,26,14,9,4,4,1,3,55,31,17,11,8,4,7
2025-506,Buenos Aires,Clay,28,A,20250210,20,205734,,,Thiago Seyboth Wild,R,185,BRA,24.923,77,732,202104,6,,Sebastian Baez,R,170,ARG,24.12,31,1535,6-3 6-4,3,R16,89,4,4,63,38,27,16,10,6,7,1,1,52,39,27,3,9,1,4
2025-506,Buenos Aires,Clay,28,A,20250210,21,202103,5,,Francisco Cerundolo,R,185,ARG,26.497,28,1670,100644,1,,Alexander Zverev,R,198,GER,27.811,2,8135,3-6 6-3 6-2,3,QF,132,2,4,87,62,40,15,13,5,7,5,3,82,59,40,8,13,1,5
2025-506,Buenos Aires,Clay,28,A,20250210,22,111513,,Q,Laslo Djere,R,188,SRB,29.695,112,525,205734,,,Thiago Seyboth Wild,R,185,BRA,24.923,77,732,7-6(3) 6-3,3,QF,98,7,0,63,43,37,13,11,2,2,3,0,68,42,26,18,10,3,4
2025-506,Buenos Aires,Clay,28,A,20250210,23,211663,,,Joao Fonseca,R,188,BRA,18.475,99,600,208363,,,Mariano Navone,R,178,ARG,23.953,47,1158,3-6 6-4 7-5,3,QF,174,10,3,110,73,44,18,15,9,14,2,0,102,61,30,29,16,6,12
2025-506,Buenos Aires,Clay,28,A,20250210,24,124079,,,Pedro Martinez,R,185,ESP,27.795,41,1295,207518,,,Lorenzo Musetti,R,185,ITA,22.943,16,2650,W/O,3,QF,,,,,,,,,,,,,,,,,,,
2025-506,Buenos Aires,Clay,28,A,20250210,25,202103,5,,Francisco Cerundolo,R,185,ARG,26.497,28,1670,124079,,,Pedro Martinez,R,185,ESP,27.795,41,1295,6-2 6-4,3,SF,93,8,0,65,46,33,11,9,7,7,0,0,60,44,25,10,9,2,5
2025-506,Buenos Aires,Clay,28,A,20250210,26,211663,,,Joao Fonseca,R,188,BRA,18.475,99,600,111513,,Q,Laslo Djere,R,188,SRB,29.695,112,525,7-6(3) 5-7 6-1,3,SF,156,8,2,93,66,51,15,16,4,6,2,3,107,61,44,23,15,8,11
2025-506,Buenos Aires,Clay,28,A,20250210,27,211663,,,Joao Fonseca,R,188,BRA,18.475,99,600,202103,5,,Francisco Cerundolo,R,185,ARG,26.497,28,1670,6-4 7-6(1),3,F,105,4,2,75,48,35,12,11,1,4,3,1,68,43,23,16,11,5,9
2025-451,Doha,Hard,32,A,20250217,1,200282,2,,Alex de Minaur,R,183,AUS,26.001,8,3735,126128,,,Roman Safiullin,R,185,RUS,27.532,71,823,6-1 7-5,3,R32,98,3,2,68,38,29,15,10,4,5,6,0,63,43,24,11,9,4,8
2025-451,Doha,Hard,32,A,20250217,2,126610,,,Matteo Berrettini,R,196,ITA,28.851,35,1430,104925,3,,Novak Djokovic,R,188,SRB,37.744,7,3900,7-6(4) 6-2,3,R32,93,13,1,63,47,40,8,10,3,3,9,1,65,45,38,6,10,4,6
2025-451,Doha,Hard,32,A,20250217,3,106421,4,,Daniil Medvedev,R,198,RUS,29.018,6,3930,111575,,,Karen Khachanov,R,198,RUS,28.745,21,2210,4-6 7-5 6-3,3,R32,151,10,0,103,72,56,15,16,6,7,6,1,92,56,40,20,15,3,5
2025-451,Doha,Hard,32,A,20250217,4,126094,5,,Andrey Rublev,R,188,RUS,27.329,10,3220,122330,,,Alexander Bublik,R,196,KAZ,27.671,48,1105,6-3 6-4,3,R32,70,6,3,62,46,33,9,10,2,3,11,4,55,35,25,7,9,2,5
2025-451,Doha,Hard,32,A,20250217,5,209098,,SE,Hamad Medjedovic,R,188,SRB,21.588,73,782,126774,6,,Stefanos Tsitsipas,R,193,GRE,26.519,11,3095,7-6(6) 5-7 7-6(5),3,R32,164,9,3,112,74,59,20,18,0,2,12,2,106,69,56,24,18,1,2
2025-451,Doha,Hard,32,A,20250217,6,200000,,,Felix Auger-Aliassime,R,193,CAN,24.528,23,1965,111460,,Q,Quentin Halys,R,191,FRA,28.312,79,734,4-6 6-4 7-6(2),3,R32,154,13,3,94,62,49,19,16,4,6,12,4,128,87,58,21,16,9,11
2025-451,Doha,Hard,32,A,20250217,7,200267,,,Zizou Bergs,R,185,BEL,25.711,58,1007,105138,,,Roberto Bautista Agut,R,183,ESP,36.846,54,1052,6-4 7-6(4),3,R32,114,7,0,61,34,25,17,11,0,2,1,2,77,43,31,15,11,5,8
2025-451,Doha,Hard,32,A,20250217,8,132686,,,Nuno Borges,R,185,POR,27.995,39,1345,202261,,LL,Otto Virtanen,R,193,FIN,23.661,92,639,7-6(6) 6-3,3,R32,82,3,0,69,55,40,5,11,1,3,6,2,71,53,36,7,10,4,7
2025-451,Doha,Hard,32,A,20250217,9,134868,,,Tallon Griekspoor,R,188,NED,28.63,51,1080,105526,,,Jan-Lennard Struff,R,193,GER,34.817,44,1200,7-6(5) 7-6(7),3,R32,126,8,5,92,65,50,14,12,5,6,10,1,98,71,52,12,12,6,7
2025-451,Doha,Hard,32,A,20250217,10,208134,,Q,Luca Nardi,R,185,ITA,21.536,85,674,111190,,,Zhizhen Zhang,R,193,CHN,28.339,49,1100,6-4 6-3,3,R32,76,5,2,59,38,29,11,10,1,2,5,1,53,37,23,8,9,2,5
2025-451,Doha,Hard,32,A,20250217,11,122298,,Q,Botic van de Zandschulp,R,191,NED,29.374,87,672,S0NV,,WC,Abdullah Shelbayh,L,180,JOR,21.257,267,201,7-5 6-3,3,R32,97,3,2,60,43,32,9,11,2,4,1,4,64,34,20,14,10,6,10
2025-451,Doha,Hard,32,A,20250217,12,207989,1,,Carlos Alcaraz,R,183,ESP,21.791,3,7410,105227,,PR,Marin Cilic,R,198,CRO,36.389,192,313,6-4 6-4,3,R32,99,4,2,59,37,26,15,10,5,6,3,5,75,49,34,9,10,7,10
2025-451,Doha,Hard,32,A,20250217,13,208103,,,Jiri Lehecka,R,185,CZE,23.277,25,1835,105777,7,,Grigor Dimitrov,R,191,BUL,33.76,15,2745,6-4 6-4,3,R32,75,8,0,54,40,35,6,10,2,2,11,1,55,30,23,12,10,1,3
2025-451,Doha,Hard,32,A,20250217,14,207733,8,,Jack Draper,L,193,GBR,23.157,16,2680,200615,,,Alexei Popyrin,R,196,AUS,25.539,27,1800,6-2 7-6(4),3,R32,84,8,0,63,45,34,12,10,1,1,4,1,60,41,27,13,10,2,4
2025-451,Doha,Hard,32,A,20250217,15,206681,,,Fabian Marozsan,R,193,HUN,25.363,57,1010,144826,,WC,Aziz Dougaz,L,188,TUN,27.899,216,265,7-5 6-3,3,R32,88,7,0,63,38,29,18,11,1,1,6,2,73,54,37,8,10,11,13
2025-451,Doha,Hard,32,A,20250217,16,106331,,Q,Christopher O'Connell,R,183,AUS,30.71,82,730,200273,,WC,Hady Habib,R,188,LBN,26.494,166,341,7-6(7) 7-6(3),3,R32,116,12,2,86,53,41,20,12,1,2,6,1,90,65,44,16,12,4,5
2025-451,Doha,Hard,32,A,20250217,17,207989,1,,Carlos Alcaraz,R,183,ESP,21.791,3,7410,208134,,Q,Luca Nardi,R,185,ITA,21.536,85,674,6-1 4-6 6-3,3,R16,112,3,0,73,51,36,15,13,3,5,2,5,85,54,36,13,13,6,11
2025-451,Doha,Hard,32,A,20250217,18,200282,2,,Alex de Minaur,R,183,AUS,26.001,8,3735,122298,,Q,Botic van de Zandschulp,R,191,NED,29.374,87,672,6-4 6-4,3,R16,120,4,3,70,34,25,24,10,4,4,1,4,75,36,23,20,10,3,5
2025-451,Doha,Hard,32,A,20250217,19,106421,4,,Daniil Medvedev,R,198,RUS,29.018,6,3930,200267,,,Zizou Bergs,R,185,BEL,25.711,58,1007,6-2 6-1,3,R16,56,4,2,36,27,23,5,7,0,0,2,2,44,31,17,3,8,4,9
2025-451,Doha,Hard,32,A,20250217,20,126094,5,,Andrey Rublev,R,188,RUS,27.329,10,3220,132686,,,Nuno Borges,R,185,POR,27.995,39,1345,6-3 6-4,3,R16,61,11,0,49,40,33,8,10,0,0,6,2,52,40,28,5,9,4,6
2025-451,Doha,Hard,32,A,20250217,21,207733,8,,Jack Draper,L,193,GBR,23.157,16,2680,106331,,Q,Christopher O'Connell,R,183,AUS,30.71,82,730,6-2 6-1,3,R16,58,5,1,33,18,15,13,7,0,0,5,0,55,38,19,6,8,4,9
2025-451,Doha,Hard,32,A,20250217,22,200000,,,Felix Auger-Aliassime,R,193,CAN,24.528,23,1965,209098,,SE,Hamad Medjedovic,R,188,SRB,21.588,73,782,W/O,3,R16,,0,0,0,0,0,0,0,0,0,0,0,0,0,0,0,0,0,0
2025-451,Doha,Hard,32,A,20250217,23,126610,,,Matteo Berrettini,R,196,ITA,28.851,35,1430,134868,,,Tallon Griekspoor,R,188,NED,28.63,51,1080,7-6(4) 6-7(6) 6-4,3,R16,147,23,2,96,72,64,16,17,0,0,10,2,109,86,68,13,17,1,2
2025-451,Doha,Hard,32,A,20250217,24,208103,,,Jiri Lehecka,R,185,CZE,23.277,25,1835,206681,,,Fabian Marozsan,R,193,HUN,25.363,57,1010,6-4 6-2,3,R16,63,5,0,46,33,24,12,9,0,0,3,2,58,36,26,7,9,3,6
2025-451,Doha,Hard,32,A,20250217,25,208103,,,Jiri Lehecka,R,185,CZE,23.277,25,1835,207989,1,,Carlos Alcaraz,R,183,ESP,21.791,3,7410,6-3 3-6 6-4,3,QF,129,8,2,96,60,44,13,14,4,7,7,3,76,54,40,9,14,4,8
2025-451,Doha,Hard,32,A,20250217,26,126094,5,,Andrey Rublev,R,188,RUS,27.329,10,3220,200282,2,,Alex de Minaur,R,183,AUS,26.001,8,3735,6-1 3-6 7-6(8),3,QF,159,8,1,93,67,43,17,14,2,4,4,3,114,67,43,23,14,8,11
2025-451,Doha,Hard,32,A,20250217,27,200000,,,Felix Auger-Aliassime,R,193,CAN,24.528,23,1965,106421,4,,Daniil Medvedev,R,198,RUS,29.018,6,3930,6-3 RET,3,QF,31,4,0,18,11,10,6,4,0,0,2,1,27,20,12,3,5,1,3
2025-451,Doha,Hard,32,A,20250217,28,207733,8,,Jack Draper,L,193,GBR,23.157,16,2680,126610,,,Matteo Berrettini,R,196,ITA,28.851,35,1430,4-6 6-4 6-3,3,QF,141,8,3,82,59,45,15,15,3,4,16,0,111,84,56,14,14,11,13
2025-451,Doha,Hard,32,A,20250217,29,126094,5,,Andrey Rublev,R,188,RUS,27.329,10,3220,200000,,,Felix Auger-Aliassime,R,193,CAN,24.528,23,1965,7-5 4-6 7-6(5),3,SF,166,8,3,105,73,61,16,17,3,4,21,2,112,76,57,22,17,7,8
2025-451,Doha,Hard,32,A,20250217,30,207733,8,,Jack Draper,L,193,GBR,23.157,16,2680,208103,,,Jiri Lehecka,R,185,CZE,23.277,25,1835,3-6 7-6(2) 6-3,3,SF,142,14,1,82,51,45,13,14,0,2,7,1,124,72,49,25,16,7,10
2025-451,Doha,Hard,32,A,20250217,31,126094,5,,Andrey Rublev,R,188,RUS,27.329,10,3220,207733,8,,Jack Draper,L,193,GBR,23.157,16,2680,7-5 5-7 6-1,3,F,124,10,0,85,57,45,19,16,2,3,12,2,90,59,41,17,15,4,7
2025-6932,Rio de Janeiro,Clay,32,A,20250217,1,100644,1,,Alexander Zverev,R,198,GER,27.83,2,8135,207352,,,Yunchaokete Bu,R,185,CHN,23.08,69,847,7-6(4) 6-4,3,R32,124,3,3,75,45,32,17,11,2,4,5,1,74,46,33,11,11,3,6
2025-6932,Rio de Janeiro,Clay,32,A,20250217,2,202103,4,,Francisco Cerundolo,R,185,ARG,26.516,26,1825,200384,,,Hugo Gaston,L,173,FRA,24.394,93,636,7-6(9) 6-0,3,R32,101,4,3,70,40,28,14,9,6,9,2,4,78,43,26,13,9,8,14
2025-6932,Rio de Janeiro,Clay,32,A,20250217,3,202104,5,,Sebastian Baez,R,170,ARG,24.14,31,1510,208882,,LL,Roman Andres Burruchaga,R,183,ARG,23.069,137,435,6-3 7-5,3,R32,97,2,2,63,45,28,14,11,4,6,1,3,57,30,17,14,10,3,7
2025-6932,Rio de Janeiro,Clay,32,A,20250217,4,200116,,LL,Camilo Ugo Carabelli,R,185,ARG,25.673,91,644,124079,7,,Pedro Martinez,R,185,ESP,27.814,37,1385,4-6 6-3 6-3,3,R32,143,5,2,96,67,46,10,14,5,9,0,5,76,59,35,7,14,2,8
2025-6932,Rio de Janeiro,Clay,32,A,20250217,5,144869,8,,Tomas Martin Etcheverry,R,196,ARG,25.588,43,1215,144895,,,Corentin Moutet,L,180,FRA,25.834,66,897,6-3 7-6(1),3,R32,111,2,3,65,50,39,7,10,5,6,4,1,67,42,27,13,11,3,6
2025-6932,Rio de Janeiro,Clay,32,A,20250217,6,209260,,,Luciano Darderi,R,183,ITA,23.009,61,945,106198,,Q,Hugo Dellien,R,180,BOL,31.674,108,553,7-6(2) 2-2 RET,3,R32,87,11,2,57,36,23,14,8,0,2,1,1,56,43,28,5,8,3,5
2025-6932,Rio de Janeiro,Clay,32,A,20250217,7,106000,,,Damir Dzumhur,R,175,BIH,32.747,97,619,105583,,,Dusan Lajovic,R,183,SRB,34.637,83,692,6-3 6-4,3,R32,89,3,1,59,38,26,17,10,1,1,3,1,69,52,33,7,9,7,9
2025-6932,Rio de Janeiro,Clay,32,A,20250217,8,210262,,LL,Jaime Faria,R,188,POR,21.536,107,561,144642,,Q,Tomas Barrios Vera,R,191,CHI,27.19,139,432,6-2 7-5,3,R32,87,6,5,59,31,26,14,10,3,4,2,3,61,37,26,9,10,4,8
2025-6932,Rio de Janeiro,Clay,32,A,20250217,9,124186,,,Alexandre Muller,R,183,FRA,28.044,60,953,211663,,SE,Joao Fonseca,R,188,BRA,18.494,68,850,6-1 7-6(4),3,R32,92,2,2,66,44,34,15,10,2,2,5,2,71,51,36,6,9,8,10
2025-6932,Rio de Janeiro,Clay,32,A,20250217,10,208363,,,Mariano Navone,R,178,ARG,23.973,46,1195,106148,,,Roberto Carballes Baena,R,183,ESP,31.907,53,1071,6-4 6-3,3,R32,96,3,2,61,39,29,8,9,5,7,1,2,55,35,20,8,10,1,6
2025-6932,Rio de Janeiro,Clay,32,A,20250217,11,202358,,Q,Chun-Hsin Tseng,R,175,TPE,23.529,125,480,126214,3,,Alejandro Tabilo,L,188,CHI,27.713,28,1690,6-2 7-5,3,R32,96,6,2,64,39,29,13,10,7,9,0,4,72,37,22,13,10,8,13
2025-6932,Rio de Janeiro,Clay,32,A,20250217,12,111797,6,,Nicolas Jarry,R,201,CHI,29.355,47,1175,207678,,Q,Juan Manuel Cerundolo,L,183,ARG,23.258,127,464,4-6 6-3 6-4,3,R32,145,12,3,92,59,43,19,15,3,5,4,7,100,64,44,18,14,9,12
2025-6932,Rio de Janeiro,Clay,32,A,20250217,13,207681,,,Francisco Comesana,R,178,ARG,24.367,86,673,208361,,WC,Gustavo Heide,R,191,BRA,22.971,162,359,7-6(2) 6-7(7) 6-3,3,R32,201,16,4,106,66,57,21,17,6,7,10,12,139,78,57,29,16,16,18
2025-6932,Rio de Janeiro,Clay,32,A,20250217,14,106329,,WC,Thiago Monteiro,L,183,BRA,30.719,99,590,207680,,,Facundo Diaz Acosta,L,183,ARG,24.175,119,498,3-6 6-3 7-6(3),3,R32,159,6,3,93,57,44,20,15,1,2,8,3,89,58,46,17,15,4,5
2025-6932,Rio de Janeiro,Clay,32,A,20250217,15,144719,,,Jaume Munar,R,183,ESP,27.789,55,1032,205734,,,Thiago Seyboth Wild,R,185,BRA,24.942,75,757,6-4 3-6 6-0,3,R32,115,3,3,71,47,34,11,12,5,7,1,2,70,44,28,13,13,2,7
2025-6932,Rio de Janeiro,Clay,32,A,20250217,16,207686,,,Alexander Shevchenko,R,188,KAZ,24.219,103,568,200335,,WC,Felipe Meligeni Alves,R,185,BRA,26.995,149,382,6-4 6-2,3,R32,85,10,1,60,38,22,13,9,4,7,3,2,58,35,19,6,9,9,15
2025-6932,Rio de Janeiro,Clay,32,A,20250217,17,202103,4,,Francisco Cerundolo,R,185,ARG,26.516,26,1825,209260,,,Luciano Darderi,R,183,ITA,23.009,61,945,6-7(1) 6-3 6-2,3,R16,129,6,4,90,58,48,14,15,2,3,4,2,81,51,36,14,14,5,9
2025-6932,Rio de Janeiro,Clay,32,A,20250217,18,124186,,,Alexandre Muller,R,183,FRA,28.044,60,953,144869,8,,Tomas Martin Etcheverry,R,196,ARG,25.588,43,1215,7-5 7-6(5),3,R16,128,5,1,78,47,37,17,12,5,7,5,0,74,45,34,11,12,2,5
2025-6932,Rio de Janeiro,Clay,32,A,20250217,19,210262,,LL,Jaime Faria,R,188,POR,21.536,107,561,144719,,,Jaume Munar,R,183,ESP,27.789,55,1032,6-4 2-6 6-3,3,R16,122,6,3,67,37,30,17,13,1,3,0,1,89,67,43,14,14,2,5
2025-6932,Rio de Janeiro,Clay,32,A,20250217,20,200116,,LL,Camilo Ugo Carabelli,R,185,ARG,25.673,91,644,106000,,,Damir Dzumhur,R,175,BIH,32.747,97,619,6-4 6-4,3,R16,106,0,1,54,34,26,9,10,1,3,3,3,76,48,27,16,10,6,10
2025-6932,Rio de Janeiro,Clay,32,A,20250217,21,100644,1,,Alexander Zverev,R,198,GER,27.83,2,8135,207686,,,Alexander Shevchenko,R,188,KAZ,24.219,103,568,7-6(1) 7-6(6),3,R16,148,6,4,78,51,34,18,12,2,5,5,7,115,68,45,18,12,9,12
2025-6932,Rio de Janeiro,Clay,32,A,20250217,22,202104,5,,Sebastian Baez,R,170,ARG,24.14,31,1510,208363,,,Mariano Navone,R,178,ARG,23.973,46,1195,6-4 1-6 6-3,3,R16,128,0,3,88,61,38,11,13,10,15,2,3,76,49,29,15,13,7,12
2025-6932,Rio de Janeiro,Clay,32,A,20250217,23,207681,,,Francisco Comesana,R,178,ARG,24.367,86,673,111797,6,,Nicolas Jarry,R,201,CHI,29.355,47,1175,7-6(4) 6-7(1) 7-6(6),3,R16,194,12,4,128,80,61,26,18,5,7,11,3,108,66,53,29,18,2,4
2025-6932,Rio de Janeiro,Clay,32,A,20250217,24,202358,,Q,Chun-Hsin Tseng,R,175,TPE,23.529,125,480,106329,,WC,Thiago Monteiro,L,183,BRA,30.719,99,590,6-7(4) 6-3 7-6(4),3,R16,200,12,4,131,72,52,30,17,6,9,5,5,98,60,43,18,16,4,8
2025-6932,Rio de Janeiro,Clay,32,A,20250217,25,207681,,,Francisco Comesana,R,178,ARG,24.367,86,673,100644,1,,Alexander Zverev,R,198,GER,27.83,2,8135,4-6 6-3 6-4,3,QF,151,4,1,94,56,40,21,15,3,6,8,4,76,48,31,17,14,3,7
2025-6932,Rio de Janeiro,Clay,32,A,20250217,26,124186,,,Alexandre Muller,R,183,FRA,28.044,60,953,202103,4,,Francisco Cerundolo,R,185,ARG,26.516,26,1825,7-5 6-1,3,QF,76,2,0,60,41,31,10,10,3,4,0,2,48,26,16,11,9,4,8
2025-6932,Rio de Janeiro,Clay,32,A,20250217,27,202104,5,,Sebastian Baez,R,170,ARG,24.14,31,1510,202358,,Q,Chun-Hsin Tseng,R,175,TPE,23.529,125,480,6-4 6-1,3,QF,95,2,2,57,44,29,7,9,1,3,0,1,60,32,16,12,8,7,12
2025-6932,Rio de Janeiro,Clay,32,A,20250217,28,200116,,LL,Camilo Ugo Carabelli,R,185,ARG,25.673,91,644,210262,,LL,Jaime Faria,R,188,POR,21.536,107,561,7-6(5) 6-4,3,QF,116,8,0,75,45,35,16,11,1,2,9,4,85,56,43,9,11,7,9
2025-6932,Rio de Janeiro,Clay,32,A,20250217,29,202104,5,,Sebastian Baez,R,170,ARG,24.14,31,1510,200116,,LL,Camilo Ugo Carabelli,R,185,ARG,25.673,91,644,3-6 6-1 6-1,3,SF,105,7,0,65,49,31,11,11,3,5,1,1,70,43,29,7,12,4,10
2025-6932,Rio de Janeiro,Clay,32,A,20250217,30,124186,,,Alexandre Muller,R,183,FRA,28.044,60,953,207681,,,Francisco Comesana,R,178,ARG,24.367,86,673,7-5 6-7(3) 6-3,3,SF,175,1,2,112,71,52,19,17,5,8,5,4,105,63,43,18,16,5,10
2025-6932,Rio de Janeiro,Clay,32,A,20250217,31,202104,5,,Sebastian Baez,R,170,ARG,24.14,31,1510,124186,,,Alexandre Muller,R,183,FRA,28.044,60,953,6-2 6-3,3,F,86,3,0,47,33,24,7,8,4,5,2,3,69,47,28,7,9,7,12
2025-495,Dubai,Hard,32,A,20250224,1,106421,1,,Daniil Medvedev,R,198,RUS,29.038,6,4030,105526,,,Jan-Lennard Struff,R,193,GER,34.836,46,1200,6-4 7-6(4),3,R32,104,7,3,71,39,31,20,11,4,4,2,2,94,62,44,14,11,9,10
2025-495,Dubai,Hard,32,A,20250224,2,105227,,PR,Marin Cilic,R,198,CRO,36.408,186,313,200282,2,,Alex de Minaur,R,183,AUS,26.021,8,3785,6-2 3-6 6-3,3,R32,137,3,3,90,54,37,20,13,5,7,2,4,74,36,24,18,13,0,4
2025-495,Dubai,Hard,32,A,20250224,3,111460,,Q,Quentin Halys,R,191,FRA,28.331,77,751,126094,3,,Andrey Rublev,R,188,RUS,27.348,9,3670,3-6 6-4 7-6(5),3,R32,132,18,6,98,54,43,25,15,10,12,5,2,91,54,44,21,16,4,6
2025-495,Dubai,Hard,32,A,20250224,4,200005,5,,Ugo Humbert,L,188,FRA,26.667,15,2825,208103,,,Jiri Lehecka,R,185,CZE,23.296,22,2035,6-3 6-0,3,R32,68,6,0,48,29,24,11,8,2,2,1,1,55,36,19,6,7,6,10
2025-495,Dubai,Hard,32,A,20250224,5,106331,,Q,Christopher O'Connell,R,183,AUS,30.73,75,780,105777,6,,Grigor Dimitrov,R,191,BUL,33.78,16,2745,6-0 RET,3,R32,26,2,0,17,9,7,5,3,0,0,0,2,21,12,5,2,3,4,7
2025-495,Dubai,Hard,32,A,20250224,6,132686,,,Nuno Borges,R,185,POR,28.014,38,1345,209950,8,,Arthur Fils,R,185,FRA,20.704,19,2355,6-2 6-1,3,R32,61,4,1,44,29,22,10,7,3,3,2,3,57,32,19,8,8,7,12
2025-495,Dubai,Hard,32,A,20250224,7,200000,,,Felix Auger-Aliassime,R,193,CAN,24.548,21,2155,122330,,,Alexander Bublik,R,196,KAZ,27.691,51,1065,7-6(7) 6-7(4) 6-3,3,R32,169,8,5,113,81,62,17,16,6,7,16,7,126,79,52,27,17,14,17
2025-495,Dubai,Hard,32,A,20250224,8,126610,,,Matteo Berrettini,R,196,ITA,28.871,30,1530,104792,,,Gael Monfils,R,193,FRA,38.483,40,1280,7-5 6-4,3,R32,83,9,2,53,39,35,5,11,4,6,5,4,63,37,24,12,11,0,4
2025-495,Dubai,Hard,32,A,20250224,9,134868,,,Tallon Griekspoor,R,188,NED,28.649,47,1120,126128,,Q,Roman Safiullin,R,185,RUS,27.551,72,823,5-7 7-6(4) 7-6(1),3,R32,179,17,5,130,92,67,20,18,10,12,10,7,115,64,50,30,18,2,3
2025-495,Dubai,Hard,32,A,20250224,10,208134,,LL,Luca Nardi,R,185,ITA,21.555,79,749,105916,,Q,Marton Fucsovics,R,188,HUN,33.046,88,666,1-6 6-2 6-3,3,R32,132,2,6,111,56,38,25,12,12,15,4,6,69,39,26,14,12,2,6
2025-495,Dubai,Hard,32,A,20250224,11,208134,,LL,Luca Nardi,R,185,ITA,21.555,79,749,105916,,Q,Marton Fucsovics,R,188,HUN,33.046,88,666,1-6 6-2 6-3,3,R32,102,6,5,75,43,26,17,11,1,4,10,3,69,46,36,12,11,3,5
2025-495,Dubai,Hard,32,A,20250224,12,126774,4,,Stefanos Tsitsipas,R,193,GRE,26.538,11,3005,132283,,,Lorenzo Sonego,R,191,ITA,29.793,35,1401,7-6(4) 6-3,3,R32,97,3,1,60,42,34,13,11,1,2,1,1,67,42,30,12,10,4,6
2025-495,Dubai,Hard,32,A,20250224,13,105138,,,Roberto Bautista Agut,R,183,ESP,36.865,53,1052,206681,,,Fabian Marozsan,R,193,HUN,25.383,55,1035,3-6 6-3 7-6(4),3,R32,156,10,3,116,87,62,10,15,8,10,9,3,97,49,39,24,15,1,3
2025-495,Dubai,Hard,32,A,20250224,14,200267,,,Zizou Bergs,R,185,BEL,25.73,56,1035,144826,,WC,Aziz Dougaz,L,188,TUN,27.918,211,265,6-3 6-3,3,R32,74,1,0,50,27,20,16,9,0,1,3,1,46,28,18,5,9,1,5
2025-495,Dubai,Hard,32,A,20250224,15,111575,,,Karen Khachanov,R,198,RUS,28.764,24,1960,105554,,WC,Daniel Evans,R,175,GBR,34.76,177,321,6-1 6-3,3,R32,80,0,1,49,27,20,15,8,3,4,0,4,50,28,19,4,8,5,10
2025-495,Dubai,Hard,32,A,20250224,16,208659,,,Giovanni Mpetshi Perricard,R,203,FRA,21.634,29,1580,111190,,,Zhizhen Zhang,R,193,CHN,28.359,49,1075,6-3 7-6(3),3,R32,87,13,2,71,49,42,12,11,2,2,7,1,70,48,37,11,10,6,7
2025-495,Dubai,Hard,32,A,20250224,17,200615,,,Alexei Popyrin,R,196,AUS,25.558,27,1700,200273,,WC,Hady Habib,R,188,LBN,26.513,168,339,6-2 6-4,3,R32,65,8,1,45,30,28,9,9,0,0,9,1,52,27,20,12,9,3,6
2025-495,Dubai,Hard,32,A,20250224,18,106421,1,,Daniil Medvedev,R,198,RUS,29.038,6,4030,208659,,,Giovanni Mpetshi Perricard,R,203,FRA,21.634,29,1580,6-4 6-4,3,R16,82,6,1,48,24,23,17,10,0,0,3,6,74,49,33,12,10,8,10
2025-495,Dubai,Hard,32,A,20250224,19,126774,4,,Stefanos Tsitsipas,R,193,GRE,26.538,11,3005,111575,,,Karen Khachanov,R,198,RUS,28.764,24,1960,7-6(4) 2-6 6-4,3,R16,148,7,7,99,61,49,17,15,6,9,7,2,108,63,50,21,15,7,9
2025-495,Dubai,Hard,32,A,20250224,20,134868,,,Tallon Griekspoor,R,188,NED,28.649,47,1120,200005,5,,Ugo Humbert,L,188,FRA,26.667,15,2825,4-6 6-3 6-2,3,R16,120,13,2,93,62,47,15,14,6,7,8,0,76,43,32,17,13,4,7
2025-495,Dubai,Hard,32,A,20250224,21,200000,,,Felix Auger-Aliassime,R,193,CAN,24.548,21,2155,132686,,,Nuno Borges,R,185,POR,28.014,38,1345,4-6 6-3 7-5,3,R16,139,9,1,92,67,52,12,16,4,6,9,3,94,67,48,11,15,7,10
2025-495,Dubai,Hard,32,A,20250224,22,126610,,,Matteo Berrettini,R,196,ITA,28.871,30,1530,106331,,Q,Christopher O'Connell,R,183,AUS,30.73,75,780,7-6(2) 6-2,3,R16,90,15,0,52,35,31,14,10,0,0,4,0,74,51,27,16,10,5,7
2025-495,Dubai,Hard,32,A,20250224,23,105227,,PR,Marin Cilic,R,198,CRO,36.408,186,313,200615,,,Alexei Popyrin,R,196,AUS,25.558,27,1700,5-7 6-3 6-4,3,R16,134,6,1,98,63,50,16,16,3,4,16,1,78,55,46,11,15,4,6
2025-495,Dubai,Hard,32,A,20250224,24,111460,,Q,Quentin Halys,R,191,FRA,28.331,77,751,105138,,,Roberto Bautista Agut,R,183,ESP,36.865,53,1052,7-6(5) 6-4,3,R16,99,15,3,73,40,36,16,11,5,6,4,4,69,49,39,8,11,3,5
2025-495,Dubai,Hard,32,A,20250224,25,208134,,LL,Luca Nardi,R,185,ITA,21.555,79,749,200267,,,Zizou Bergs,R,185,BEL,25.73,56,1035,6-4 7-6(3),3,R16,100,5,2,73,45,33,15,11,5,7,4,3,64,31,24,14,11,0,3
2025-495,Dubai,Hard,32,A,20250224,26,134868,,,Tallon Griekspoor,R,188,NED,28.649,47,1120,106421,1,,Daniil Medvedev,R,198,RUS,29.038,6,4030,2-6 7-6(7) 7-5,3,QF,156,5,1,112,81,55,16,16,11,14,15,4,109,78,55,19,16,5,7
2025-495,Dubai,Hard,32,A,20250224,27,126774,4,,Stefanos Tsitsipas,R,193,GRE,26.538,11,3005,126610,,,Matteo Berrettini,R,196,ITA,28.871,30,1530,7-6(5) 1-6 6-4,3,QF,117,7,2,84,55,45,15,14,4,6,6,0,80,62,49,14,15,3,4
2025-495,Dubai,Hard,32,A,20250224,28,200000,,,Felix Auger-Aliassime,R,193,CAN,24.548,21,2155,105227,,PR,Marin Cilic,R,198,CRO,36.408,186,313,6-4 3-6 6-2,3,QF,136,13,2,79,53,41,13,13,6,7,3,4,85,55,42,14,14,7,10
2025-495,Dubai,Hard,32,A,20250224,29,111460,,Q,Quentin Halys,R,191,FRA,28.331,77,751,208134,,LL,Luca Nardi,R,185,ITA,21.555,79,749,2-6 6-3 7-6(5),3,QF,126,12,4,99,59,46,19,15,6,9,2,1,83,46,37,23,14,8,10
2025-495,Dubai,Hard,32,A,20250224,30,126774,4,,Stefanos Tsitsipas,R,193,GRE,26.538,11,3005,134868,,,Tallon Griekspoor,R,188,NED,28.649,47,1120,6-4 6-4,3,SF,83,7,2,50,32,29,11,10,0,0,6,1,65,45,32,10,10,2,4
2025-495,Dubai,Hard,32,A,20250224,31,200000,,,Felix Auger-Aliassime,R,193,CAN,24.548,21,2155,111460,,Q,Quentin Halys,R,191,FRA,28.331,77,751,5-7 6-4 6-3,3,SF,136,10,5,101,66,49,15,15,7,9,5,1,89,61,40,16,16,3,7
2025-495,Dubai,Hard,32,A,20250224,32,126774,4,,Stefanos Tsitsipas,R,193,GRE,26.538,11,3005,200000,,,Felix Auger-Aliassime,R,193,CAN,24.548,21,2155,6-3 6-3,3,F,88,4,4,66,42,35,9,9,7,7,4,2,52,34,24,7,9,3,6
2025-807,Acapulco,Hard,32,A,20250224,1,100644,1,,Alexander Zverev,R,198,GER,27.849,2,8135,208286,,,Matteo Arnaldi,R,185,ITA,24.005,33,1430,6-7(2) 6-3 6-4,3,R32,164,8,1,98,63,49,21,16,3,3,6,1,86,55,43,19,15,2,4
2025-807,Acapulco,Hard,32,A,20250224,2,208029,4,,Holger Rune,R,188,DEN,21.826,13,2970,106148,,,Roberto Carballes Baena,R,183,ESP,31.926,50,1071,7-6(4) 6-3,3,R32,118,3,0,69,41,32,12,11,2,4,1,1,66,48,31,7,10,3,6
2025-807,Acapulco,Hard,32,A,20250224,3,126207,7,,Frances Tiafoe,R,188,USA,27.097,18,2485,124186,,,Alexandre Muller,R,183,FRA,28.063,41,1270,6-4 6-2,3,R32,70,5,3,57,29,23,12,9,3,5,1,0,55,36,17,10,9,2,7
2025-807,Acapulco,Hard,32,A,20250224,4,133430,9,,Denis Shapovalov,L,185,CAN,25.864,32,1496,210460,,Q,Nishesh Basavareddy,R,180,USA,19.817,106,562,7-5 6-2,3,R32,98,6,9,57,26,20,17,10,3,5,1,2,74,47,26,11,10,7,12
2025-807,Acapulco,Hard,32,A,20250224,5,200221,,,Alejandro Davidovich Fokina,R,180,ESP,25.725,48,1095,208233,,LL,Mattia Bellucci,L,175,ITA,23.734,70,833,1-6 7-6(6) 6-2,3,R32,139,5,1,74,50,38,14,13,3,5,5,4,92,54,40,17,14,5,7
2025-807,Acapulco,Hard,32,A,20250224,6,210506,,,Alex Michelsen,R,193,USA,20.501,34,1420,207352,,WC,Yunchaokete Bu,R,185,CHN,23.099,68,847,2-6 7-6(5) 7-6(5),3,R32,173,6,3,121,83,53,14,16,6,13,10,3,105,65,46,15,16,4,9
2025-807,Acapulco,Hard,32,A,20250224,7,206909,,,Brandon Nakashima,R,188,USA,23.562,42,1265,126127,,,Benjamin Bonzi,R,183,FRA,28.712,62,910,7-6(6) 7-5,3,R32,136,5,1,83,46,36,18,12,5,7,2,0,95,53,35,21,12,13,16
2025-807,Acapulco,Hard,32,A,20250224,8,210202,,WC,Rodrigo Pacheco Mendez,L,191,MEX,19.836,355,142,126846,,,Aleksandar Vukic,R,188,AUS,28.887,66,868,7-5 4-6 7-6(4),3,R32,181,12,1,102,71,55,18,17,6,8,16,3,128,79,56,23,17,10,12
2025-807,Acapulco,Hard,32,A,20250224,9,134770,2,,Casper Ruud,R,183,NOR,26.177,5,4325,126239,,,Arthur Rinderknech,R,196,FRA,29.593,61,911,6-4 6-3,3,R32,102,6,0,57,45,35,5,10,2,3,7,1,68,51,29,8,9,6,9
2025-807,Acapulco,Hard,32,A,20250224,10,126205,3,,Tommy Paul,R,185,USA,27.775,10,3280,209113,,Q,Gabriel Diallo,R,203,CAN,23.42,89,665,6-2 6-2,3,R32,74,0,3,57,31,21,17,8,5,5,4,2,47,26,15,10,8,3,7
2025-807,Acapulco,Hard,32,A,20250224,11,210097,5,,Ben Shelton,L,193,USA,22.379,14,2930,207925,,,Flavio Cobolli,R,183,ITA,22.806,39,1345,7-6(4) 7-6(4),3,R32,121,13,2,78,54,41,15,12,3,4,2,0,79,41,33,21,12,4,5
2025-807,Acapulco,Hard,32,A,20250224,12,207830,8,,Tomas Machac,R,183,CZE,24.367,25,1855,210150,,,Jakub Mensik,R,196,CZE,19.483,54,1042,6-4 2-6 6-3,3,R32,134,2,4,82,49,34,15,13,3,7,12,9,89,42,29,18,14,6,11
2025-807,Acapulco,Hard,32,A,20250224,13,127157,,WC,Daniel Altmaier,R,188,GER,26.453,76,768,200175,,,Miomir Kecmanovic,R,183,SRB,25.487,44,1236,4-6 6-4 6-3,3,R32,131,15,1,90,60,40,14,15,3,7,4,0,79,48,34,12,14,2,7
2025-807,Acapulco,Hard,32,A,20250224,14,106218,,,Marcos Giron,R,180,USA,31.589,52,1060,200443,,Q,Adam Walton,R,183,AUS,25.859,97,616,7-6(4) 6-2,3,R32,94,12,1,55,37,30,12,10,1,2,3,0,69,51,31,8,10,4,7
2025-807,Acapulco,Hard,32,A,20250224,15,105676,,,David Goffin,R,180,BEL,34.218,63,906,208014,,,Rinky Hijikata,R,178,AUS,24.003,82,735,6-2 6-3,3,R32,84,3,0,35,23,19,10,8,0,1,0,5,79,45,24,14,9,10,15
2025-807,Acapulco,Hard,32,A,20250224,16,210530,,Q,Learner Tien,L,180,USA,19.231,83,732,111815,,,Cameron Norrie,L,188,GBR,29.509,74,784,7-6(5) 6-3,3,R32,111,2,1,61,43,29,8,10,2,5,6,1,77,54,30,8,11,2,7
2025-807,Acapulco,Hard,32,A,20250224,17,210530,,Q,Learner Tien,L,180,USA,19.231,83,732,100644,1,,Alexander Zverev,R,198,GER,27.849,2,8135,6-3 6-4,3,R16,88,4,0,58,40,28,11,10,2,3,6,0,59,44,30,5,9,3,6
2025-807,Acapulco,Hard,32,A,20250224,18,210202,,WC,Rodrigo Pacheco Mendez,L,191,MEX,19.836,355,142,134770,2,,Casper Ruud,R,183,NOR,26.177,5,4325,W/O,3,R16,,,,,,,,,,,,,,,,,,,
2025-807,Acapulco,Hard,32,A,20250224,19,106218,,,Marcos Giron,R,180,USA,31.589,52,1060,126205,3,,Tommy Paul,R,185,USA,27.775,10,3280,W/O,3,R16,,,,,,,,,,,,,,,,,,,
2025-807,Acapulco,Hard,32,A,20250224,20,206909,,,Brandon Nakashima,R,188,USA,23.562,42,1265,208029,4,,Holger Rune,R,188,DEN,21.826,13,2970,3-0 RET,3,R16,10,2,0,10,5,5,3,2,0,0,0,0,6,3,1,1,1,0,1
2025-807,Acapulco,Hard,32,A,20250224,21,105676,,,David Goffin,R,180,BEL,34.218,63,906,210097,5,,Ben Shelton,L,193,USA,22.379,14,2930,7-6(3) 6-3,3,R16,105,1,1,61,38,28,17,11,0,1,6,4,72,43,30,14,10,6,8
2025-807,Acapulco,Hard,32,A,20250224,22,200221,,,Alejandro Davidovich Fokina,R,180,ESP,25.725,48,1095,126207,7,,Frances Tiafoe,R,188,USA,27.097,18,2485,6-3 6-7(6) 6-3,3,R16,147,10,2,96,69,51,14,16,3,6,10,3,98,59,42,17,14,10,15
2025-807,Acapulco,Hard,32,A,20250224,23,207830,8,,Tomas Machac,R,183,CZE,24.367,25,1855,127157,,WC,Daniel Altmaier,R,188,GER,26.453,76,768,7-6(3) 6-1,3,R16,98,5,3,69,42,33,15,10,1,2,3,0,61,41,23,12,9,2,5
2025-807,Acapulco,Hard,32,A,20250224,24,133430,9,,Denis Shapovalov,L,185,CAN,25.864,32,1496,210506,,,Alex Michelsen,R,193,USA,20.501,34,1420,6-4 6-3,3,R16,84,3,3,53,30,20,17,10,3,5,0,5,56,34,16,11,9,2,6
2025-807,Acapulco,Hard,32,A,20250224,25,207830,8,,Tomas Machac,R,183,CZE,24.367,25,1855,210530,,Q,Learner Tien,L,180,USA,19.231,83,732,6-3 7-5,3,QF,98,1,2,56,32,22,12,10,1,4,3,3,83,51,28,12,11,8,14
2025-807,Acapulco,Hard,32,A,20250224,26,133430,9,,Denis Shapovalov,L,185,CAN,25.864,32,1496,106218,,,Marcos Giron,R,180,USA,31.589,52,1060,4-6 6-3 6-2,3,QF,130,3,3,80,55,34,17,14,2,5,2,0,83,54,37,10,13,5,10
2025-807,Acapulco,Hard,32,A,20250224,27,200221,,,Alejandro Davidovich Fokina,R,180,ESP,25.725,48,1095,210202,,WC,Rodrigo Pacheco Mendez,L,191,MEX,19.836,355,142,6-2 6-2,3,QF,68,1,3,47,32,25,6,8,1,2,3,2,47,31,17,5,8,4,9
2025-807,Acapulco,Hard,32,A,20250224,28,206909,,,Brandon Nakashima,R,188,USA,23.562,42,1265,105676,,,David Goffin,R,180,BEL,34.218,63,906,7-6(4) 6-2,3,QF,122,12,1,78,51,34,10,10,5,8,1,2,78,42,22,17,10,6,11
2025-807,Acapulco,Hard,32,A,20250224,29,207830,8,,Tomas Machac,R,183,CZE,24.367,25,1855,206909,,,Brandon Nakashima,R,188,USA,23.562,42,1265,6-4 1-6 6-4,3,SF,123,4,2,79,47,33,18,13,5,8,7,0,83,53,39,16,14,3,6
2025-807,Acapulco,Hard,32,A,20250224,30,200221,,,Alejandro Davidovich Fokina,R,180,ESP,25.725,48,1095,133430,9,,Denis Shapovalov,L,185,CAN,25.864,32,1496,7-6(3) 7-6(1),3,SF,135,0,2,81,57,37,12,12,3,7,2,3,94,51,32,19,12,6,10
2025-807,Acapulco,Hard,32,A,20250224,31,207830,8,,Tomas Machac,R,183,CZE,24.367,25,1855,200221,,,Alejandro Davidovich Fokina,R,180,ESP,25.725,48,1095,7-6(6) 6-2,3,F,97,11,2,61,39,37,12,10,1,1,4,2,71,42,26,18,10,1,3
2025-8996,Santiago,Hard,28,A,20250224,1,144869,5,,Tomas Martin Etcheverry,R,196,ARG,25.607,43,1240,200384,,,Hugo Gaston,L,173,FRA,24.413,92,636,6-2 6-3,3,R32,92,4,0,49,26,16,17,8,6,7,0,6,65,30,17,14,9,9,14
2025-8996,Santiago,Hard,28,A,20250224,2,208363,6,,Mariano Navone,R,178,ARG,23.992,64,890,207686,,,Alexander Shevchenko,R,188,KAZ,24.238,95,618,6-2 6-2,3,R32,66,0,2,48,31,23,10,8,2,3,2,1,45,31,19,2,8,2,7
2025-8996,Santiago,Hard,28,A,20250224,3,200116,,,Camilo Ugo Carabelli,R,185,ARG,25.692,69,847,111797,7,,Nicolas Jarry,R,201,CHI,29.374,45,1225,5-7 6-3 7-6(9),3,R32,173,3,4,119,73,56,27,17,6,7,7,6,108,57,48,27,16,2,3
2025-8996,Santiago,Hard,28,A,20250224,4,210262,,,Jaime Faria,R,188,POR,21.555,87,674,209260,8,,Luciano Darderi,R,183,ITA,23.028,59,985,6-3 6-4,3,R32,79,12,3,59,40,33,11,10,4,4,1,2,60,33,24,13,9,5,7
2025-8996,Santiago,Hard,28,A,20250224,5,207681,,,Francisco Comesana,R,178,ARG,24.386,67,848,200335,,Q,Felipe Meligeni Alves,R,185,BRA,27.014,193,307,7-6(3) 7-6(4),3,R32,122,8,1,84,51,39,23,12,8,8,4,1,91,65,47,13,12,9,9
2025-8996,Santiago,Hard,28,A,20250224,6,105948,,,Federico Coria,R,180,ARG,32.964,136,433,144642,,WC,Tomas Barrios Vera,R,191,CHI,27.209,145,407,6-1 6-0,3,R32,69,2,3,36,22,18,7,6,0,0,3,1,54,34,17,4,7,3,9
2025-8996,Santiago,Hard,28,A,20250224,7,106000,,,Damir Dzumhur,R,175,BIH,32.767,90,662,144895,,,Corentin Moutet,L,180,FRA,25.854,65,872,6-2 3-6 6-2,3,R32,139,0,4,87,66,44,10,12,5,7,2,3,76,51,29,16,13,6,11
2025-8996,Santiago,Hard,28,A,20250224,8,106329,,,Thiago Monteiro,L,183,BRA,30.738,108,540,207678,,Q,Juan Manuel Cerundolo,L,183,ARG,23.277,123,476,6-3 3-6 7-6(2),3,R32,171,3,9,100,63,42,17,15,6,10,10,6,98,50,38,22,15,9,13
2025-8996,Santiago,Hard,28,A,20250224,9,111513,,,Laslo Djere,R,188,SRB,29.733,103,571,209860,,WC,Ignacio Buse,R,183,PER,20.92,226,245,6-3 6-4,3,R32,114,5,3,66,42,31,11,9,2,3,1,4,87,49,30,16,10,8,12
2025-8996,Santiago,Hard,28,A,20250224,10,106426,,WC,Cristian Garin,R,185,CHI,28.739,147,402,126663,,Q,Juan Pablo Ficovich,R,188,ARG,28.085,174,330,2-6 6-4 6-4,3,R32,150,9,2,87,58,39,17,14,4,7,3,1,110,66,43,24,14,13,16
2025-8996,Santiago,Hard,28,A,20250224,11,105870,,,Yannick Hanfmann,R,193,GER,33.284,109,534,207680,,,Facundo Diaz Acosta,L,183,ARG,24.194,130,448,7-5 6-3,3,R32,92,3,1,51,33,27,10,10,1,3,4,6,72,40,25,12,11,5,10
2025-8996,Santiago,Hard,28,A,20250224,12,208361,,Q,Gustavo Heide,R,191,BRA,22.99,160,359,205734,,,Thiago Seyboth Wild,R,185,BRA,24.961,86,682,7-5 6-2,3,R32,104,7,4,62,39,29,17,10,3,3,5,6,77,45,31,14,10,4,7
2025-8996,Santiago,Hard,28,A,20250224,13,105948,,,Federico Coria,R,180,ARG,32.964,136,433,126214,2,,Alejandro Tabilo,L,188,CHI,27.732,28,1690,7-6(11) 4-6 6-3,3,R16,157,10,3,101,64,45,21,16,4,7,8,4,115,69,46,25,15,9,12
2025-8996,Santiago,Hard,28,A,20250224,14,202104,3,,Sebastian Baez,R,170,ARG,24.159,31,1510,207681,,,Francisco Comesana,R,178,ARG,24.386,67,848,6-3 5-7 7-6(5),3,R16,153,1,2,100,70,47,17,16,1,4,11,3,121,68,45,27,17,9,13
2025-8996,Santiago,Hard,28,A,20250224,15,106000,,,Damir Dzumhur,R,175,BIH,32.767,90,662,208363,6,,Mariano Navone,R,178,ARG,23.992,64,890,6-4 3-6 6-3,3,R16,156,0,3,110,74,44,20,14,7,10,3,5,87,61,39,14,14,3,7
2025-8996,Santiago,Hard,28,A,20250224,16,200116,,,Camilo Ugo Carabelli,R,185,ARG,25.692,69,847,106329,,,Thiago Monteiro,L,183,BRA,30.738,108,540,4-6 7-6(2) 6-3,3,R16,161,7,6,96,67,57,9,15,6,7,5,4,104,66,48,20,16,6,8
2025-8996,Santiago,Hard,28,A,20250224,17,202103,1,,Francisco Cerundolo,R,185,ARG,26.535,26,1725,105870,,,Yannick Hanfmann,R,193,GER,33.284,109,534,6-2 4-6 7-6(5),3,R16,148,9,3,110,65,45,25,15,10,13,3,3,94,63,41,17,15,3,7
2025-8996,Santiago,Hard,28,A,20250224,18,111513,,,Laslo Djere,R,188,SRB,29.733,103,571,124079,4,,Pedro Martinez,R,185,ESP,27.833,36,1385,6-1 6-4,3,R16,82,13,3,55,39,33,7,9,4,4,0,3,57,41,25,4,8,7,10
2025-8996,Santiago,Hard,28,A,20250224,19,144869,5,,Tomas Martin Etcheverry,R,196,ARG,25.607,43,1240,106426,,WC,Cristian Garin,R,185,CHI,28.739,147,402,6-2 6-4,3,R16,95,6,3,60,39,28,12,9,4,5,1,1,51,27,15,14,9,4,8
2025-8996,Santiago,Hard,28,A,20250224,20,210262,,,Jaime Faria,R,188,POR,21.555,87,674,208361,,Q,Gustavo Heide,R,191,BRA,22.99,160,359,6-7(2) 7-6(5) 6-4,3,R16,167,16,8,109,62,52,28,17,4,4,12,10,130,67,57,33,17,12,13
2025-8996,Santiago,Hard,28,A,20250224,21,202103,1,,Francisco Cerundolo,R,185,ARG,26.535,26,1725,144869,5,,Tomas Martin Etcheverry,R,196,ARG,25.607,43,1240,4-6 6-3 7-5,3,QF,174,5,3,99,58,48,18,16,3,5,9,4,121,71,46,23,15,11,14
2025-8996,Santiago,Hard,28,A,20250224,22,202104,3,,Sebastian Baez,R,170,ARG,24.159,31,1510,106000,,,Damir Dzumhur,R,175,BIH,32.767,90,662,6-4 6-4,3,QF,96,2,0,66,43,25,9,10,3,7,0,3,65,46,22,7,10,4,10
2025-8996,Santiago,Hard,28,A,20250224,23,111513,,,Laslo Djere,R,188,SRB,29.733,103,571,210262,,,Jaime Faria,R,188,POR,21.555,87,674,7-6(5) 4-6 6-4,3,QF,162,8,6,109,55,42,30,16,11,14,4,10,106,65,52,16,16,7,10
2025-8996,Santiago,Hard,28,A,20250224,24,200116,,,Camilo Ugo Carabelli,R,185,ARG,25.692,69,847,105948,,,Federico Coria,R,180,ARG,32.964,136,433,6-4 6-3,3,QF,89,2,2,56,38,25,8,10,1,5,2,2,63,41,21,7,9,9,15
2025-8996,Santiago,Hard,28,A,20250224,25,111513,,,Laslo Djere,R,188,SRB,29.733,103,571,202103,1,,Francisco Cerundolo,R,185,ARG,26.535,26,1725,6-1 4-6 6-3,3,SF,121,4,3,83,50,36,19,13,5,6,2,3,87,55,38,13,13,5,9
2025-8996,Santiago,Hard,28,A,20250224,26,202104,3,,Sebastian Baez,R,170,ARG,24.159,31,1510,200116,,,Camilo Ugo Carabelli,R,185,ARG,25.692,69,847,6-1 3-6 6-2,3,SF,107,2,3,75,51,34,13,12,4,6,3,1,77,47,29,14,12,5,10
2025-8996,Santiago,Hard,28,A,20250224,27,111513,,,Laslo Djere,R,188,SRB,29.733,103,571,202104,3,,Sebastian Baez,R,170,ARG,24.159,31,1510,6-4 3-6 7-5,3,F,145,3,8,94,53,37,19,15,6,10,0,3,96,65,42,16,16,3,8
2025-404,Indian Wells Masters,Hard,96,M,20250303,1,208286,,,Matteo Arnaldi,R,185,ITA,24.025,35,1390,206499,,,Aleksandar Kovacevic,R,183,USA,26.511,94,630,6-3 5-7 6-4,3,R128,149,7,6,106,61,41,24,16,12,15,5,1,92,53,37,19,15,6,10
2025-404,Indian Wells Masters,Hard,96,M,20250303,2,132686,,,Nuno Borges,R,185,POR,28.033,36,1385,126239,,,Arthur Rinderknech,R,196,FRA,29.613,73,824,6-1 5-7 6-2,3,R128,140,6,2,108,78,53,15,14,11,13,5,1,104,67,37,18,13,7,12
2025-404,Indian Wells Masters,Hard,96,M,20250303,3,202385,,PR,Jenson Brooksby,R,193,USA,24.35,937,17,126127,,,Benjamin Bonzi,R,183,FRA,28.731,62,910,1-6 7-5 7-5,3,R128,150,1,2,100,51,36,24,15,11,15,0,1,102,72,44,18,16,4,8
2025-404,Indian Wells Masters,Hard,96,M,20250303,4,211663,,WC,Joao Fonseca,R,188,BRA,18.533,80,750,207985,,,Jacob Fearnley,R,183,GBR,23.633,81,747,6-2 1-6 6-3,3,R128,120,3,2,84,49,34,17,12,6,9,3,3,90,49,27,23,12,3,7
2025-404,Indian Wells Masters,Hard,96,M,20250303,5,200384,,Q,Hugo Gaston,L,173,FRA,24.433,93,636,209260,,,Luciano Darderi,R,183,ITA,23.047,60,945,6-3 6-3,3,R128,82,5,1,60,28,25,13,9,4,5,2,0,57,36,22,8,9,2,6
2025-404,Indian Wells Masters,Hard,96,M,20250303,6,209263,,Q,Matteo Gigante,L,180,ITA,23.159,217,256,202104,,,Sebastian Baez,R,170,ARG,24.178,34,1425,3-6 6-1 6-4,3,R128,117,3,6,76,46,28,16,13,3,7,0,3,89,56,32,13,13,7,13
2025-404,Indian Wells Masters,Hard,96,M,20250303,7,105676,,,David Goffin,R,180,BEL,34.237,56,1006,132283,,,Lorenzo Sonego,R,191,ITA,29.812,37,1376,6-4 7-5,3,R128,102,2,1,60,27,16,15,11,0,5,1,2,68,43,22,7,11,4,11
2025-404,Indian Wells Masters,Hard,96,M,20250303,8,111460,,,Quentin Halys,R,191,FRA,28.35,59,976,105807,,Q,Pablo Carreno Busta,R,188,ESP,33.643,112,524,6-3 6-4,3,R128,90,9,3,59,39,33,7,10,5,7,2,1,60,39,22,11,9,4,8
2025-404,Indian Wells Masters,Hard,96,M,20250303,9,208014,,,Rinky Hijikata,R,178,AUS,24.022,83,732,207686,,,Alexander Shevchenko,R,188,KAZ,24.257,98,618,6-1 6-3,3,R128,64,1,1,48,35,22,6,8,2,4,0,5,53,35,16,7,8,3,9
2025-404,Indian Wells Masters,Hard,96,M,20250303,10,105583,,,Dusan Lajovic,R,183,SRB,34.675,108,555,111454,,Q,Li Tu,R,183,AUS,28.767,177,326,6-2 6-0,3,R128,56,1,0,45,34,27,5,7,3,3,2,1,46,21,13,7,7,4,9
2025-404,Indian Wells Masters,Hard,96,M,20250303,11,111456,,WC,Mackenzie McDonald,R,178,USA,29.881,109,555,200221,,,Alejandro Davidovich Fokina,R,180,ESP,25.744,39,1325,2-6 6-3 6-2,3,R128,111,2,1,80,45,24,22,13,5,9,2,4,73,40,20,20,12,3,8
2025-404,Indian Wells Masters,Hard,96,M,20250303,12,210150,,,Jakub Mensik,R,196,CZE,19.502,57,992,144869,,,Tomas Martin Etcheverry,R,196,ARG,25.626,45,1265,6-4 7-6(6),3,R128,112,9,6,79,44,32,17,11,7,10,4,3,63,44,26,9,11,1,5
2025-404,Indian Wells Masters,Hard,96,M,20250303,13,104792,,,Gael Monfils,R,193,FRA,38.502,42,1280,105526,,,Jan-Lennard Struff,R,193,GER,34.856,46,1200,6-4 6-4,3,R128,84,7,4,62,35,29,14,10,5,6,4,1,68,36,29,12,10,4,7
2025-404,Indian Wells Masters,Hard,96,M,20250303,14,208363,,,Mariano Navone,R,178,ARG,24.011,63,905,210530,,,Learner Tien,L,180,USA,19.25,68,857,7-5 6-4,3,R128,115,4,1,64,42,31,12,11,1,2,1,7,87,49,30,20,11,4,7
2025-404,Indian Wells Masters,Hard,96,M,20250303,15,122298,,LL,Botic van de Zandschulp,R,191,NED,29.413,85,710,106401,,PR,Nick Kyrgios,R,193,AUS,29.851,1099,10,7-6(7) 3-0 RET,3,R128,83,2,3,59,35,25,13,8,5,7,6,2,59,34,23,9,7,1,4
2025-404,Indian Wells Masters,Hard,96,M,20250303,16,200443,,Q,Adam Walton,R,183,AUS,25.878,96,629,206748,,Q,Giulio Zeppieri,L,183,ITA,23.236,394,125,7-5 6-1,3,R128,75,0,1,51,38,29,6,9,2,3,3,2,67,38,21,13,10,7,12
2025-404,Indian Wells Masters,Hard,96,M,20250303,17,200267,,,Zizou Bergs,R,185,BEL,25.749,53,1060,210319,,Q,Ethan Quinn,R,191,USA,20.975,137,432,7-6(2) 6-3,3,R128,106,5,1,75,46,34,17,11,4,5,5,1,73,46,28,15,10,5,7
2025-404,Indian Wells Masters,Hard,96,M,20250303,18,B0EJ,,WC,Tristan Boyer,R,188,USA,23.866,117,501,126846,,,Aleksandar Vukic,R,188,AUS,28.906,64,868,4-6 6-2 7-6(4),3,R128,139,6,2,93,61,41,19,15,4,7,10,8,101,56,41,21,15,6,10
2025-404,Indian Wells Masters,Hard,96,M,20250303,19,207352,,,Yunchaokete Bu,R,185,CHN,23.118,71,833,210460,,WC,Nishesh Basavareddy,R,180,USA,19.836,101,587,7-5 6-4,3,R128,102,1,1,62,33,27,17,11,0,1,3,4,68,37,29,12,11,4,7
2025-404,Indian Wells Masters,Hard,96,M,20250303,20,209113,,LL,Gabriel Diallo,R,203,CAN,23.439,88,690,111190,,,Zhizhen Zhang,R,193,CHN,28.378,51,1075,2-6 6-2 7-6(7),3,R128,168,9,3,100,69,48,17,14,6,8,11,2,96,64,49,16,14,7,9
2025-404,Indian Wells Masters,Hard,96,M,20250303,21,106000,,Q,Damir Dzumhur,R,175,BIH,32.786,84,712,105138,,,Roberto Bautista Agut,R,183,ESP,36.884,50,1089,6-4 1-6 7-6(4),3,R128,149,1,1,86,57,36,13,14,3,8,2,2,102,61,37,23,15,4,8
2025-404,Indian Wells Masters,Hard,96,M,20250303,22,106218,,,Marcos Giron,R,180,USA,31.608,48,1150,105932,,Q,Nikoloz Basilashvili,R,185,GEO,33.024,152,383,7-5 7-6(3),3,R128,110,11,1,72,45,33,16,12,1,2,2,2,93,46,32,24,12,5,7
2025-404,Indian Wells Masters,Hard,96,M,20250303,23,134868,,,Tallon Griekspoor,R,188,NED,28.668,43,1270,200175,,,Miomir Kecmanovic,R,183,SRB,25.506,49,1146,6-7(5) 6-4 6-3,3,R128,135,12,6,99,59,46,23,15,3,3,6,3,93,55,43,19,16,2,5
2025-404,Indian Wells Masters,Hard,96,M,20250303,24,206681,,,Fabian Marozsan,R,193,HUN,25.402,54,1035,124079,,,Pedro Martinez,R,185,ESP,27.852,41,1295,6-3 6-2,3,R128,63,10,0,46,31,25,12,9,1,1,1,3,49,31,22,5,8,5,8
2025-404,Indian Wells Masters,Hard,96,M,20250303,25,144895,,,Corentin Moutet,L,180,FRA,25.873,79,759,111442,,,Jordan Thompson,R,183,AUS,30.869,38,1375,6-4 4-6 6-3,3,R128,160,4,2,87,52,36,19,15,1,4,2,4,106,50,33,29,14,11,15
2025-404,Indian Wells Masters,Hard,96,M,20250303,26,105453,,,Kei Nishikori,R,178,JPN,35.176,76,793,144719,,,Jaume Munar,R,183,ESP,27.828,58,992,6-2 5-7 7-6(3),3,R128,177,2,6,128,86,55,20,16,10,14,6,6,98,65,40,17,16,3,8
2025-404,Indian Wells Masters,Hard,96,M,20250303,27,111815,,,Cameron Norrie,L,188,GBR,29.528,77,784,208134,,,Luca Nardi,R,185,ITA,21.574,67,862,6-0 6-3,3,R128,64,6,1,43,26,23,10,8,1,1,1,2,48,23,14,8,7,6,10
2025-404,Indian Wells Masters,Hard,96,M,20250303,28,106331,,,Christopher O'Connell,R,183,AUS,30.749,75,805,106148,,,Roberto Carballes Baena,R,183,ESP,31.945,52,1071,6-3 0-6 6-1,3,R128,116,2,3,62,40,25,12,11,5,8,2,3,85,57,33,15,11,9,13
2025-404,Indian Wells Masters,Hard,96,M,20250303,29,126128,,,Roman Safiullin,R,185,RUS,27.57,69,848,124187,,WC,Reilly Opelka,R,211,USA,27.513,114,516,7-5 6-4,3,R128,86,2,4,63,44,34,10,11,3,4,12,5,63,40,31,7,11,3,6
2025-404,Indian Wells Masters,Hard,96,M,20250303,30,205734,,,Thiago Seyboth Wild,R,185,BRA,24.98,91,657,124186,,,Alexandre Muller,R,183,FRA,28.082,44,1270,4-6 7-5 7-6(6),3,R128,175,14,6,118,69,53,21,17,11,15,2,2,118,82,49,21,17,11,15
2025-404,Indian Wells Masters,Hard,96,M,20250303,31,S0ZE,,Q,Colton Smith,R,183,USA,21.996,261,209,207925,,,Flavio Cobolli,R,183,ITA,22.825,40,1295,3-6 6-2 6-2,3,R128,111,5,3,79,55,35,11,12,11,15,4,7,80,33,22,17,13,2,9
2025-404,Indian Wells Masters,Hard,96,M,20250303,32,133297,,Q,Yosuke Watanuki,R,180,JPN,26.891,349,144,122330,,,Alexander Bublik,R,196,KAZ,27.71,82,745,6-3 3-6 6-3,3,R128,98,13,2,76,49,37,18,14,3,4,13,8,81,43,35,17,13,9,11
2025-404,Indian Wells Masters,Hard,96,M,20250303,33,207989,2,,Carlos Alcaraz,R,183,ESP,21.829,3,7510,111460,,,Quentin Halys,R,191,FRA,28.35,59,976,6-4 6-2,3,R64,67,7,3,48,21,20,17,9,1,1,2,0,49,31,23,9,9,2,5
2025-404,Indian Wells Masters,Hard,96,M,20250303,34,126203,3,,Taylor Fritz,R,196,USA,27.346,4,4900,209263,,Q,Matteo Gigante,L,180,ITA,23.159,217,256,6-3 7-5,3,R64,88,5,1,64,39,35,10,11,5,6,2,5,58,27,20,15,10,2,5
2025-404,Indian Wells Masters,Hard,96,M,20250303,35,122298,,LL,Botic van de Zandschulp,R,191,NED,29.413,85,710,104925,6,,Novak Djokovic,R,188,SRB,37.782,7,3900,6-2 3-6 6-1,3,R64,121,4,4,82,58,35,17,12,2,4,0,3,73,49,31,7,12,3,8
2025-404,Indian Wells Masters,Hard,96,M,20250303,36,208286,,,Matteo Arnaldi,R,185,ITA,24.025,35,1390,126094,7,,Andrey Rublev,R,188,RUS,27.368,8,3480,6-4 7-5,3,R64,107,0,0,70,30,17,22,11,7,11,2,5,61,33,20,10,11,4,10
2025-404,Indian Wells Masters,Hard,96,M,20250303,37,200282,9,,Alex de Minaur,R,183,AUS,26.04,10,3335,105676,,,David Goffin,R,180,BEL,34.237,56,1006,6-2 6-2,3,R64,74,2,4,43,25,23,10,8,3,3,2,2,56,19,10,19,8,7,11
2025-404,Indian Wells Masters,Hard,96,M,20250303,38,210097,11,,Ben Shelton,L,193,USA,22.398,12,2880,208363,,,Mariano Navone,R,178,ARG,24.011,63,905,6-3 6-2,3,R64,77,5,1,56,35,28,10,9,0,0,0,0,46,30,18,9,8,3,6
2025-404,Indian Wells Masters,Hard,96,M,20250303,39,207733,13,,Jack Draper,L,193,GBR,23.195,14,2810,211663,,WC,Joao Fonseca,R,188,BRA,18.533,80,750,6-4 6-0,3,R64,75,6,6,60,33,25,12,8,6,7,0,1,46,24,14,8,8,3,8
2025-404,Indian Wells Masters,Hard,96,M,20250303,40,105777,14,,Grigor Dimitrov,R,191,BUL,33.799,15,2745,132686,,,Nuno Borges,R,185,POR,28.033,36,1385,6-3 6-4,3,R64,93,6,5,76,46,36,14,10,7,8,2,2,60,41,26,9,9,5,8
2025-404,Indian Wells Masters,Hard,96,M,20250303,41,202385,,PR,Jenson Brooksby,R,193,USA,24.35,937,17,200000,17,,Felix Auger-Aliassime,R,193,CAN,24.567,18,2455,6-4 6-2,3,R64,88,1,3,56,33,26,13,9,2,2,2,3,52,30,20,12,9,3,6
2025-404,Indian Wells Masters,Hard,96,M,20250303,42,128034,21,,Hubert Hurkacz,R,196,POL,28.055,22,2165,200384,,Q,Hugo Gaston,L,173,FRA,24.433,93,636,7-5 6-3,3,R64,89,13,1,76,46,36,15,11,4,4,1,4,56,23,22,16,10,1,3
2025-404,Indian Wells Masters,Hard,96,M,20250303,43,111575,22,,Karen Khachanov,R,198,RUS,28.783,23,1960,210150,,,Jakub Mensik,R,196,CZE,19.502,57,992,3-6 6-0 6-3,3,R64,119,2,2,76,46,33,15,12,5,7,7,5,80,42,29,16,12,7,12
2025-404,Indian Wells Masters,Hard,96,M,20250303,44,104792,,,Gael Monfils,R,193,FRA,38.502,42,1280,200624,24,,Sebastian Korda,R,196,USA,24.66,25,1900,7-6(2) 7-6(4),3,R64,120,4,9,80,42,34,22,12,4,6,4,2,89,55,38,18,12,5,7
2025-404,Indian Wells Masters,Hard,96,M,20250303,45,202103,25,,Francisco Cerundolo,R,185,ARG,26.554,26,1775,111456,,WC,Mackenzie McDonald,R,178,USA,29.881,109,555,4-6 7-6(3) 6-1,3,R64,138,4,3,80,49,31,20,14,1,4,2,2,121,82,47,19,15,7,12
2025-404,Indian Wells Masters,Hard,96,M,20250303,46,133430,27,,Denis Shapovalov,L,185,CAN,25.884,28,1696,200443,,Q,Adam Walton,R,183,AUS,25.878,96,629,6-3 6-2,3,R64,76,2,3,69,42,29,11,9,8,10,1,2,47,30,17,4,8,1,6
2025-404,Indian Wells Masters,Hard,96,M,20250303,47,126214,30,,Alejandro Tabilo,L,188,CHI,27.751,31,1535,105583,,,Dusan Lajovic,R,183,SRB,34.675,108,555,6-3 7-5,3,R64,92,6,2,74,41,30,21,11,2,2,3,2,66,41,28,12,10,2,4
2025-404,Indian Wells Masters,Hard,96,M,20250303,48,206909,32,,Brandon Nakashima,R,188,USA,23.581,33,1430,208014,,,Rinky Hijikata,R,178,AUS,24.022,83,732,7-5 6-1,3,R64,92,14,0,71,43,33,15,10,3,3,4,0,63,40,24,11,9,1,4
2025-404,Indian Wells Masters,Hard,96,M,20250303,49,134868,,,Tallon Griekspoor,R,188,NED,28.668,43,1270,100644,1,,Alexander Zverev,R,198,GER,27.869,2,8135,4-6 7-6(5) 7-6(4),3,R64,187,10,9,135,90,63,19,17,9,14,6,2,106,66,44,24,17,5,9
2025-404,Indian Wells Masters,Hard,96,M,20250303,50,106218,,,Marcos Giron,R,180,USA,31.608,48,1150,134770,4,,Casper Ruud,R,183,NOR,26.196,5,4045,7-6(4) 3-6 6-2,3,R64,158,4,3,115,70,52,19,15,8,11,3,8,101,61,47,14,14,4,7
2025-404,Indian Wells Masters,Hard,96,M,20250303,51,106421,5,,Daniil Medvedev,R,198,RUS,29.057,6,3930,207352,,,Yunchaokete Bu,R,185,CHN,23.118,71,833,6-2 6-2,3,R64,96,3,1,52,21,19,14,8,1,2,0,1,62,29,18,12,8,9,14
2025-404,Indian Wells Masters,Hard,96,M,20250303,52,126774,8,,Stefanos Tsitsipas,R,193,GRE,26.557,9,3405,205734,,,Thiago Seyboth Wild,R,185,BRA,24.98,91,657,6-2 6-4,3,R64,87,4,1,49,34,26,12,9,2,2,2,5,71,42,33,8,9,5,8
2025-404,Indian Wells Masters,Hard,96,M,20250303,53,126205,10,,Tommy Paul,R,185,USA,27.795,11,3330,B0EJ,,WC,Tristan Boyer,R,188,USA,23.866,117,501,6-3 6-1,3,R64,69,4,1,41,22,16,14,8,1,2,1,3,60,34,21,7,8,2,7
2025-404,Indian Wells Masters,Hard,96,M,20250303,54,208029,12,,Holger Rune,R,188,DEN,21.845,13,2820,144895,,,Corentin Moutet,L,180,FRA,25.873,79,759,6-2 6-4,3,R64,106,2,1,50,34,24,9,9,3,5,2,2,63,43,21,10,9,6,11
2025-404,Indian Wells Masters,Hard,96,M,20250303,55,207518,15,,Lorenzo Musetti,R,185,ITA,23.001,16,2650,126128,,,Roman Safiullin,R,185,RUS,27.57,69,848,7-5 5-7 6-2,3,R64,162,5,4,107,68,46,17,16,4,8,2,7,100,57,34,20,16,6,12
2025-404,Indian Wells Masters,Hard,96,M,20250303,56,126207,16,,Frances Tiafoe,R,188,USA,27.116,17,2485,106000,,Q,Damir Dzumhur,R,175,BIH,32.786,84,712,7-6(4) 7-6(7),3,R64,129,5,5,99,55,38,22,12,2,7,2,3,89,57,31,18,12,5,10
2025-404,Indian Wells Masters,Hard,96,M,20250303,57,200005,18,,Ugo Humbert,L,188,FRA,26.686,19,2375,105453,,,Kei Nishikori,R,178,JPN,35.176,76,793,6-4 6-3,3,R64,88,7,3,70,35,27,17,10,4,6,1,2,47,29,17,8,9,1,5
2025-404,Indian Wells Masters,Hard,96,M,20250303,58,133297,,Q,Yosuke Watanuki,R,180,JPN,26.891,349,144,207830,19,,Tomas Machac,R,183,CZE,24.386,20,2330,4-6 4-2 RET,3,R64,56,4,2,42,22,19,10,8,2,4,5,3,44,30,24,4,8,0,2
2025-404,Indian Wells Masters,Hard,96,M,20250303,59,209950,20,,Arthur Fils,R,185,FRA,20.723,21,2330,209113,,LL,Gabriel Diallo,R,203,CAN,23.439,88,690,6-2 6-2,3,R64,67,0,0,37,25,22,7,8,0,1,3,2,55,32,15,9,8,3,8
2025-404,Indian Wells Masters,Hard,96,M,20250303,60,111815,,,Cameron Norrie,L,188,GBR,29.528,77,784,208103,23,,Jiri Lehecka,R,185,CZE,23.316,24,1935,3-6 6-4 7-5,3,R64,143,3,2,110,66,45,23,15,10,12,4,3,93,47,34,28,16,3,6
2025-404,Indian Wells Masters,Hard,96,M,20250303,61,200615,26,,Alexei Popyrin,R,196,AUS,25.577,27,1750,200267,,,Zizou Bergs,R,185,BEL,25.749,53,1060,7-6(4) 7-5,3,R64,130,5,1,83,52,41,16,12,4,5,2,4,85,51,36,18,12,4,6
2025-404,Indian Wells Masters,Hard,96,M,20250303,62,126610,28,,Matteo Berrettini,R,196,ITA,28.89,29,1620,106331,,,Christopher O'Connell,R,183,AUS,30.749,75,805,6-2 7-6(2),3,R64,94,7,1,63,40,28,17,10,1,1,4,3,61,40,28,9,10,1,3
2025-404,Indian Wells Masters,Hard,96,M,20250303,63,208659,29,,Giovanni Mpetshi Perricard,R,203,FRA,21.654,30,1616,206681,,,Fabian Marozsan,R,193,HUN,25.402,54,1035,6-4 RET,3,R64,42,10,3,28,16,13,8,5,2,2,3,3,35,19,11,9,5,4,5
2025-404,Indian Wells Masters,Hard,96,M,20250303,64,210506,31,,Alex Michelsen,R,193,USA,20.52,32,1445,S0ZE,,Q,Colton Smith,R,183,USA,21.996,261,209,6-3 6-4,3,R64,108,2,3,88,52,35,20,10,5,6,3,1,62,37,25,12,9,4,7
2025-404,Indian Wells Masters,Hard,96,M,20250303,65,207989,2,,Carlos Alcaraz,R,183,ESP,21.829,3,7510,133430,27,,Denis Shapovalov,L,185,CAN,25.884,28,1696,6-2 6-4,3,R32,83,2,5,63,45,31,10,9,3,4,2,8,59,31,23,10,9,4,8
2025-404,Indian Wells Masters,Hard,96,M,20250303,66,126203,3,,Taylor Fritz,R,196,USA,27.346,4,4900,126214,30,,Alejandro Tabilo,L,188,CHI,27.751,31,1535,4-6 6-3 6-1,3,R32,114,12,3,80,49,39,14,13,5,7,3,5,89,50,27,21,13,4,9
2025-404,Indian Wells Masters,Hard,96,M,20250303,67,200282,9,,Alex de Minaur,R,183,AUS,26.04,10,3335,128034,21,,Hubert Hurkacz,R,196,POL,28.055,22,2165,6-4 6-0,3,R32,73,2,3,49,20,16,19,8,1,1,7,1,43,25,14,7,8,0,4
2025-404,Indian Wells Masters,Hard,96,M,20250303,68,210097,11,,Ben Shelton,L,193,USA,22.398,12,2880,111575,22,,Karen Khachanov,R,198,RUS,28.783,23,1960,6-3 7-5,3,R32,95,8,3,77,48,33,16,11,4,5,7,3,61,40,28,8,10,7,10
2025-404,Indian Wells Masters,Hard,96,M,20250303,69,207733,13,,Jack Draper,L,193,GBR,23.195,14,2810,202385,,PR,Jenson Brooksby,R,193,USA,24.35,937,17,7-5 6-4,3,R32,101,4,3,56,30,27,16,11,1,2,1,4,81,44,25,21,11,2,5
2025-404,Indian Wells Masters,Hard,96,M,20250303,70,105777,14,,Grigor Dimitrov,R,191,BUL,33.799,15,2745,104792,,,Gael Monfils,R,193,FRA,38.502,42,1280,7-6(4) 4-6 7-6(2),3,R32,181,3,7,116,65,44,33,17,6,9,8,6,122,73,53,27,17,9,11
2025-404,Indian Wells Masters,Hard,96,M,20250303,71,202103,25,,Francisco Cerundolo,R,185,ARG,26.554,26,1775,122298,,LL,Botic van de Zandschulp,R,191,NED,29.413,85,710,6-3 6-4,3,R32,101,2,2,71,38,25,20,10,4,5,1,2,57,37,24,9,9,1,4
2025-404,Indian Wells Masters,Hard,96,M,20250303,72,206909,32,,Brandon Nakashima,R,188,USA,23.581,33,1430,208286,,,Matteo Arnaldi,R,185,ITA,24.025,35,1390,6-2 6-4,3,R32,74,4,0,45,27,24,13,9,1,1,2,5,56,32,23,9,9,3,6
2025-404,Indian Wells Masters,Hard,96,M,20250303,73,106421,5,,Daniil Medvedev,R,198,RUS,29.057,6,3930,210506,31,,Alex Michelsen,R,193,USA,20.52,32,1445,2-0 RET,3,R32,10,1,0,5,4,3,1,1,0,0,0,1,7,3,1,1,1,0,1
2025-404,Indian Wells Masters,Hard,96,M,20250303,74,126774,8,,Stefanos Tsitsipas,R,193,GRE,26.557,9,3405,126610,28,,Matteo Berrettini,R,196,ITA,28.89,29,1620,6-3 6-3,3,R32,68,0,2,44,26,24,12,9,0,0,6,1,52,37,26,4,9,3,6
2025-404,Indian Wells Masters,Hard,96,M,20250303,75,126205,10,,Tommy Paul,R,185,USA,27.795,11,3330,111815,,,Cameron Norrie,L,188,GBR,29.528,77,784,6-3 7-5,3,R32,92,6,3,58,30,21,14,10,0,3,1,7,70,35,21,13,11,6,12
2025-404,Indian Wells Masters,Hard,96,M,20250303,76,208029,12,,Holger Rune,R,188,DEN,21.845,13,2820,200005,18,,Ugo Humbert,L,188,FRA,26.686,19,2375,5-7 6-4 7-5,3,R32,155,6,9,110,56,42,28,17,7,10,10,5,104,55,39,24,17,6,10
2025-404,Indian Wells Masters,Hard,96,M,20250303,77,209950,20,,Arthur Fils,R,185,FRA,20.723,21,2330,207518,15,,Lorenzo Musetti,R,185,ITA,23.001,16,2650,3-6 7-6(4) 6-3,3,R32,151,6,3,103,65,44,20,16,3,7,6,3,90,54,38,19,14,3,6
2025-404,Indian Wells Masters,Hard,96,M,20250303,78,133297,,Q,Yosuke Watanuki,R,180,JPN,26.891,349,144,126207,16,,Frances Tiafoe,R,188,USA,27.116,17,2485,6-4 7-6(6),3,R32,113,16,2,71,37,28,22,11,4,6,4,2,87,50,32,17,11,9,12
2025-404,Indian Wells Masters,Hard,96,M,20250303,79,106218,,,Marcos Giron,R,180,USA,31.608,48,1150,200615,26,,Alexei Popyrin,R,196,AUS,25.577,27,1750,5-7 6-3 6-3,3,R32,152,7,2,111,67,43,28,15,14,15,5,4,86,38,27,28,15,5,8
2025-404,Indian Wells Masters,Hard,96,M,20250303,80,134868,,,Tallon Griekspoor,R,188,NED,28.668,43,1270,208659,29,,Giovanni Mpetshi Perricard,R,203,FRA,21.654,30,1616,7-6(3) 6-3,3,R32,76,10,1,60,32,26,21,11,1,2,5,5,55,28,22,17,10,3,5
2025-404,Indian Wells Masters,Hard,96,M,20250303,81,207989,2,,Carlos Alcaraz,R,183,ESP,21.829,3,7510,105777,14,,Grigor Dimitrov,R,191,BUL,33.799,15,2745,6-1 6-1,3,R16,74,6,2,40,30,23,7,7,3,3,1,4,63,34,17,11,7,9,14
2025-404,Indian Wells Masters,Hard,96,M,20250303,82,207733,13,,Jack Draper,L,193,GBR,23.195,14,2810,126203,3,,Taylor Fritz,R,196,USA,27.346,4,4900,7-5 6-4,3,R16,78,8,2,57,35,32,10,11,0,1,6,0,57,40,30,8,11,1,4
2025-404,Indian Wells Masters,Hard,96,M,20250303,83,202103,25,,Francisco Cerundolo,R,185,ARG,26.554,26,1775,200282,9,,Alex de Minaur,R,183,AUS,26.04,10,3335,7-5 6-3,3,R16,110,2,5,78,45,27,18,10,11,14,2,1,67,34,22,9,11,1,7
2025-404,Indian Wells Masters,Hard,96,M,20250303,84,210097,11,,Ben Shelton,L,193,USA,22.398,12,2880,206909,32,,Brandon Nakashima,R,188,USA,23.581,33,1430,7-6(6) 6-1,3,R16,94,6,1,61,40,29,14,10,3,4,0,1,62,30,18,17,9,2,5
2025-404,Indian Wells Masters,Hard,96,M,20250303,85,106421,5,,Daniil Medvedev,R,198,RUS,29.057,6,3930,126205,10,,Tommy Paul,R,185,USA,27.795,11,3330,6-4 6-0,3,R16,74,8,4,51,31,22,9,8,3,5,4,4,55,37,19,5,8,2,8
2025-404,Indian Wells Masters,Hard,96,M,20250303,86,208029,12,,Holger Rune,R,188,DEN,21.845,13,2820,126774,8,,Stefanos Tsitsipas,R,193,GRE,26.557,9,3405,6-4 6-4,3,R16,88,3,0,58,41,30,11,10,5,6,2,1,61,37,22,13,10,2,5
2025-404,Indian Wells Masters,Hard,96,M,20250303,87,209950,20,,Arthur Fils,R,185,FRA,20.723,21,2330,106218,,,Marcos Giron,R,180,USA,31.608,48,1150,6-2 2-6 6-3,3,R16,112,4,0,81,51,32,21,13,4,6,3,1,88,50,35,16,12,2,5
2025-404,Indian Wells Masters,Hard,96,M,20250303,88,134868,,,Tallon Griekspoor,R,188,NED,28.668,43,1270,133297,,Q,Yosuke Watanuki,R,180,JPN,26.891,349,144,7-6(4) 6-1,3,R16,86,3,0,61,42,34,13,10,1,1,5,1,54,23,19,13,9,2,4
2025-404,Indian Wells Masters,Hard,96,M,20250303,89,207989,2,,Carlos Alcaraz,R,183,ESP,21.829,3,7510,202103,25,,Francisco Cerundolo,R,185,ARG,26.554,26,1775,6-3 7-6(4),3,QF,103,5,5,73,48,36,15,11,8,9,1,4,73,57,38,5,10,1,3
2025-404,Indian Wells Masters,Hard,96,M,20250303,90,106421,5,,Daniil Medvedev,R,198,RUS,29.057,6,3930,209950,20,,Arthur Fils,R,185,FRA,20.723,21,2330,6-4 2-6 7-6(7),3,QF,145,5,3,88,54,34,25,15,4,8,2,7,106,61,45,21,15,8,11
2025-404,Indian Wells Masters,Hard,96,M,20250303,91,207733,13,,Jack Draper,L,193,GBR,23.195,14,2810,210097,11,,Ben Shelton,L,193,USA,22.398,12,2880,6-4 7-5,3,QF,99,3,1,68,49,33,14,11,0,1,3,5,75,42,28,16,11,2,5
2025-404,Indian Wells Masters,Hard,96,M,20250303,92,208029,12,,Holger Rune,R,188,DEN,21.845,13,2820,134868,,,Tallon Griekspoor,R,188,NED,28.668,43,1270,5-7 6-0 6-3,3,QF,128,6,0,74,51,39,11,14,1,4,3,3,95,60,38,10,13,9,15
2025-404,Indian Wells Masters,Hard,96,M,20250303,93,207733,13,,Jack Draper,L,193,GBR,23.195,14,2810,207989,2,,Carlos Alcaraz,R,183,ESP,21.829,3,7510,6-1 0-6 6-4,3,SF,104,4,2,69,47,30,11,12,5,9,3,4,70,39,25,14,11,1,5
2025-404,Indian Wells Masters,Hard,96,M,20250303,94,208029,12,,Holger Rune,R,188,DEN,21.845,13,2820,106421,5,,Daniil Medvedev,R,198,RUS,29.057,6,3930,7-5 6-4,3,SF,99,1,2,70,47,34,14,11,1,2,2,0,60,30,20,16,11,1,4
2025-404,Indian Wells Masters,Hard,96,M,20250303,95,207733,13,,Jack Draper,L,193,GBR,23.195,14,2810,208029,12,,Holger Rune,R,188,DEN,21.845,13,2820,6-2 6-2,3,F,69,10,0,46,26,24,10,8,0,0,1,2,52,34,20,7,8,3,7
2025-403,Miami Masters,Hard,96,M,20250317,1,208286,,,Matteo Arnaldi,R,185,ITA,24.063,35,1410,200059,,WC,Yibing Wu,R,183,CHN,25.424,421,113,7-6(3) 4-6 6-3,3,R128,150,16,3,91,50,41,24,16,0,2,5,0,114,84,56,15,15,10,12
2025-403,Miami Masters,Hard,96,M,20250317,2,200267,,,Zizou Bergs,R,185,BEL,25.788,51,1065,132686,,,Nuno Borges,R,185,POR,28.071,42,1280,7-6(2) 7-5,3,R128,143,9,2,98,57,41,20,12,8,10,5,5,82,53,33,15,12,4,7
2025-403,Miami Masters,Hard,96,M,20250317,3,207352,,,Yunchaokete Bu,R,185,CHN,23.157,69,855,111815,,,Cameron Norrie,L,188,GBR,29.566,81,784,6-4 6-2,3,R128,79,8,0,53,31,25,13,9,0,0,4,3,62,39,26,9,9,7,10
2025-403,Miami Masters,Hard,96,M,20250317,4,209260,,,Luciano Darderi,R,183,ITA,23.086,61,945,124079,,,Pedro Martinez,R,185,ESP,27.89,40,1295,6-4 6-1,3,R128,63,6,1,43,31,30,6,9,0,0,1,3,41,22,14,11,8,2,5
2025-403,Miami Masters,Hard,96,M,20250317,5,200221,,,Alejandro Davidovich Fokina,R,180,ESP,25.782,39,1325,105526,,,Jan-Lennard Struff,R,193,GER,34.894,49,1160,7-6(3) 6-3,3,R128,90,4,0,71,49,37,14,10,7,7,12,3,66,35,29,13,11,2,4
2025-403,Miami Masters,Hard,96,M,20250317,6,209113,,LL,Gabriel Diallo,R,203,CAN,23.477,87,730,144869,,,Tomas Martin Etcheverry,R,196,ARG,25.665,44,1275,6-3 6-0,3,R128,74,6,1,49,35,27,5,8,3,4,0,1,42,20,9,9,7,3,8
2025-403,Miami Masters,Hard,96,M,20250317,7,207985,,Q,Jacob Fearnley,R,183,GBR,23.671,83,770,126127,,,Benjamin Bonzi,R,183,FRA,28.769,63,920,7-6(6) 2-6 6-4,3,R128,139,13,4,100,65,47,16,15,4,7,6,1,98,64,49,17,15,1,3
2025-403,Miami Masters,Hard,96,M,20250317,8,211663,,,Joao Fonseca,R,188,BRA,18.571,60,955,210530,,,Learner Tien,L,180,USA,19.288,66,867,6-7(1) 6-3 6-4,3,R128,143,10,3,99,63,45,23,16,3,4,10,3,108,67,47,22,15,9,12
2025-403,Miami Masters,Hard,96,M,20250317,9,200384,,LL,Hugo Gaston,L,173,FRA,24.471,88,711,106415,,,Yoshihito Nishioka,L,170,JPN,29.47,68,859,6-4 3-1 RET,3,R128,61,2,2,45,22,14,15,7,1,2,1,3,47,27,18,8,7,2,5
2025-403,Miami Masters,Hard,96,M,20250317,10,210150,,,Jakub Mensik,R,196,CZE,19.54,54,1042,105138,,,Roberto Bautista Agut,R,183,ESP,36.923,50,1089,6-4 3-6 6-1,3,R128,113,23,3,86,57,48,9,13,7,8,1,1,71,53,38,7,13,2,5
2025-403,Miami Masters,Hard,96,M,20250317,11,124187,,PR,Reilly Opelka,R,211,USA,27.551,114,529,111153,,WC,Christopher Eubanks,R,201,USA,28.865,104,563,6-3 7-6(4),3,R128,85,15,5,66,42,39,13,11,1,1,6,0,65,45,37,9,10,3,4
2025-403,Miami Masters,Hard,96,M,20250317,12,126128,,,Roman Safiullin,R,185,RUS,27.608,71,851,202385,,PR,Jenson Brooksby,R,193,USA,24.389,544,67,6-3 3-6 6-3,3,R128,133,12,2,102,73,52,12,14,7,9,6,0,78,53,36,15,13,2,5
2025-403,Miami Masters,Hard,96,M,20250317,13,132283,,,Lorenzo Sonego,R,191,ITA,29.851,38,1356,208363,,,Mariano Navone,R,178,ARG,24.049,62,925,7-5 7-5,3,R128,131,2,5,71,38,33,18,12,3,4,1,3,78,38,27,21,12,4,7
2025-403,Miami Masters,Hard,96,M,20250317,14,111442,,,Jordan Thompson,R,183,AUS,30.908,37,1375,106218,,,Marcos Giron,R,180,USA,31.647,45,1240,3-6 6-4 7-5,3,R128,136,12,2,95,58,42,22,16,5,7,10,4,106,65,48,20,15,9,11
2025-403,Miami Masters,Hard,96,M,20250317,15,202058,,Q,Thiago Agustin Tirante,R,185,ARG,23.934,117,512,207925,,,Flavio Cobolli,R,183,ITA,22.864,43,1280,6-1 3-6 6-3,3,R128,112,11,1,79,50,37,17,13,4,6,5,3,76,40,28,16,12,5,9
2025-403,Miami Masters,Hard,96,M,20250317,16,209409,,WC,Coleman Wong,R,191,HKG,20.778,182,312,127157,,,Daniel Altmaier,R,188,GER,26.511,82,783,6-4 6-3,3,R128,71,5,1,52,35,32,10,10,4,4,6,0,48,36,27,5,9,1,3
2025-403,Miami Masters,Hard,96,M,20250317,17,122330,,,Alexander Bublik,R,196,KAZ,27.748,80,785,202104,,,Sebastian Baez,R,170,ARG,24.216,36,1385,6-3 6-4,3,R128,69,9,3,54,34,30,10,10,2,3,0,1,51,40,25,6,9,3,6
2025-403,Miami Masters,Hard,96,M,20250317,18,106148,,,Roberto Carballes Baena,R,183,ESP,31.984,53,1051,106331,,Q,Christopher O'Connell,R,183,AUS,30.787,78,805,6-3 3-6 7-6(5),3,R128,154,7,3,93,56,42,18,15,2,5,12,3,113,74,46,23,15,7,10
2025-403,Miami Masters,Hard,96,M,20250317,19,C0NB,,WC,Federico Cina,R,185,ITA,17.966,441,105,207681,,Q,Francisco Comesana,R,178,ARG,24.444,67,866,7-6(4) 7-6(2),3,R128,107,3,1,84,64,46,10,12,3,5,15,2,79,53,36,16,12,2,4
2025-403,Miami Masters,Hard,96,M,20250317,20,105676,,,David Goffin,R,180,BEL,34.275,55,1003,126846,,,Aleksandar Vukic,R,188,AUS,28.945,77,814,2-6 6-4 6-2,3,R128,103,12,2,76,43,34,15,13,3,6,4,2,77,45,34,11,13,2,6
2025-403,Miami Masters,Hard,96,M,20250317,21,111460,,,Quentin Halys,R,191,FRA,28.389,57,981,205734,,,Thiago Seyboth Wild,R,185,BRA,25.018,96,617,6-3 6-4,3,R128,75,13,3,62,35,29,15,10,1,1,8,1,54,39,28,6,9,4,6
2025-403,Miami Masters,Hard,96,M,20250317,22,208014,,,Rinky Hijikata,R,178,AUS,24.06,86,752,209098,,,Hamad Medjedovic,R,188,SRB,21.665,73,829,7-5 3-6 7-5,3,R128,147,4,2,95,67,44,13,16,6,11,14,3,107,70,44,18,17,4,10
2025-403,Miami Masters,Hard,96,M,20250317,23,200175,,,Miomir Kecmanovic,R,183,SRB,25.544,48,1161,206499,,,Aleksandar Kovacevic,R,183,USA,26.549,79,800,6-4 6-4,3,R128,91,7,3,81,48,39,14,10,9,9,10,2,57,34,27,11,10,1,3
2025-403,Miami Masters,Hard,96,M,20250317,24,106401,,PR,Nick Kyrgios,R,193,AUS,29.889,892,20,111456,,Q,Mackenzie McDonald,R,178,USA,29.919,101,575,3-6 6-3 6-4,3,R128,103,13,3,75,58,45,7,14,1,3,7,2,84,60,39,13,14,4,7
2025-403,Miami Masters,Hard,96,M,20250317,25,104792,,,Gael Monfils,R,193,FRA,38.541,46,1230,206681,,,Fabian Marozsan,R,193,HUN,25.44,59,965,6-3 3-6 6-4,3,R128,105,15,3,83,54,42,15,14,5,7,5,0,93,71,45,12,14,4,7
2025-403,Miami Masters,Hard,96,M,20250317,26,144895,,,Corentin Moutet,L,180,FRA,25.911,76,814,210696,,Q,Alexander Blockx,R,193,BEL,19.94,163,354,7-6(5) 6-4,3,R128,123,0,1,87,52,37,20,11,7,8,4,3,72,52,36,10,11,0,2
2025-403,Miami Masters,Hard,96,M,20250317,27,124186,,,Alexandre Muller,R,183,FRA,28.12,41,1287,S0UV,,Q,Rei Sakamoto,R,193,JPN,18.73,330,157,6-4 6-4,3,R128,81,2,1,55,43,36,7,10,1,1,5,0,77,59,39,9,10,5,7
2025-403,Miami Masters,Hard,96,M,20250317,28,144719,,,Jaume Munar,R,183,ESP,27.866,56,992,126239,,,Arthur Rinderknech,R,196,FRA,29.651,74,821,6-3 7-6(5),3,R128,106,3,2,71,43,34,14,11,0,0,13,3,75,51,36,11,10,4,5
2025-403,Miami Masters,Hard,96,M,20250317,29,209262,,Q,Tristan Schoolkate,R,183,AUS,24.052,129,450,210319,,Q,Ethan Quinn,R,191,USA,21.013,135,432,6-0 6-2,3,R128,61,11,1,42,28,24,6,7,0,0,5,2,42,25,13,5,7,1,6
2025-403,Miami Masters,Hard,96,M,20250317,30,208118,,WC,Eliot Spizzirri,R,185,USA,23.231,134,434,126129,,Q,Billy Harris,R,193,GBR,30.141,107,558,7-6(2) 3-6 6-2,3,R128,138,3,0,94,65,50,13,14,5,7,10,4,99,66,50,10,15,5,8
2025-403,Miami Masters,Hard,96,M,20250317,31,202358,,Q,Chun-Hsin Tseng,R,175,TPE,23.606,115,529,208233,,,Mattia Bellucci,L,175,ITA,23.792,72,838,7-6(5) 6-2,3,R128,92,2,0,56,28,23,22,10,1,1,6,4,67,35,28,13,10,2,4
2025-403,Miami Masters,Hard,96,M,20250317,32,200116,,LL,Camilo Ugo Carabelli,R,185,ARG,25.749,65,870,200587,,Q,Brandon Holt,R,185,USA,26.946,116,528,2-6 7-6(5) 6-4,3,R128,144,8,6,100,65,43,14,15,6,12,8,2,98,72,41,17,15,7,12
2025-403,Miami Masters,Hard,96,M,20250317,33,100644,1,,Alexander Zverev,R,198,GER,27.907,2,7945,207985,,Q,Jacob Fearnley,R,183,GBR,23.671,83,770,6-2 6-4,3,R64,74,8,1,49,44,36,2,9,2,2,4,3,59,40,23,10,9,2,5
2025-403,Miami Masters,Hard,96,M,20250317,34,126203,3,,Taylor Fritz,R,196,USA,27.384,4,4900,132283,,,Lorenzo Sonego,R,191,ITA,29.851,38,1356,7-6(2) 6-3,3,R64,108,9,0,62,39,32,16,11,0,0,10,0,87,66,46,7,10,6,7
2025-403,Miami Masters,Hard,96,M,20250317,35,210150,,,Jakub Mensik,R,196,CZE,19.54,54,1042,207733,6,,Jack Draper,L,193,GBR,23.233,7,3800,7-6(2) 7-6(3),3,R64,114,21,0,76,50,43,14,12,1,2,12,2,92,60,44,17,12,8,9
2025-403,Miami Masters,Hard,96,M,20250317,36,200267,,,Zizou Bergs,R,185,BEL,25.788,51,1065,126094,8,,Andrey Rublev,R,188,RUS,27.406,9,3440,7-5 6-4,3,R64,99,6,4,74,45,34,8,11,5,8,8,1,68,45,32,15,11,1,2
2025-403,Miami Masters,Hard,96,M,20250317,37,200282,10,,Alex de Minaur,R,183,AUS,26.078,11,3335,207352,,,Yunchaokete Bu,R,185,CHN,23.157,69,855,6-4 6-4,3,R64,85,5,0,48,32,28,12,10,0,0,6,1,65,40,30,11,10,3,5
2025-403,Miami Masters,Hard,96,M,20250317,38,124187,,PR,Reilly Opelka,R,211,USA,27.551,114,529,208029,11,,Holger Rune,R,188,DEN,21.884,12,3270,4-6 6-3 7-6(5),3,R64,123,21,4,93,63,48,20,16,1,2,1,5,93,59,45,20,15,2,3
2025-403,Miami Masters,Hard,96,M,20250317,39,209409,,WC,Coleman Wong,R,191,HKG,20.778,182,312,210097,13,,Ben Shelton,L,193,USA,22.437,14,2980,7-6(3) 2-6 7-6(5),3,R64,136,8,0,108,71,51,19,16,5,8,17,2,99,67,53,18,16,2,3
2025-403,Miami Masters,Hard,96,M,20250317,40,126207,16,,Frances Tiafoe,R,188,USA,27.154,17,2485,200221,,,Alejandro Davidovich Fokina,R,180,ESP,25.782,39,1325,7-5 7-6(5),3,R64,119,10,1,74,43,37,15,12,5,6,3,2,95,67,45,12,12,8,10
2025-403,Miami Masters,Hard,96,M,20250317,41,209950,17,,Arthur Fils,R,185,FRA,20.761,18,2480,209113,,LL,Gabriel Diallo,R,203,CAN,23.477,87,730,6-4 2-3 RET,3,R64,70,1,2,40,28,24,6,7,1,1,5,2,48,32,27,5,8,1,2
2025-403,Miami Masters,Hard,96,M,20250317,42,211663,,,Joao Fonseca,R,188,BRA,18.571,60,955,200005,19,,Ugo Humbert,L,188,FRA,26.724,20,2375,6-4 6-3,3,R64,71,5,0,40,26,25,11,9,0,0,5,2,53,33,26,6,10,2,5
2025-403,Miami Masters,Hard,96,M,20250317,43,207830,20,,Tomas Machac,R,183,CZE,24.424,21,2310,208286,,,Matteo Arnaldi,R,185,ITA,24.063,35,1410,6-2 1-6 6-3,3,R64,104,5,6,77,53,36,13,12,4,6,6,3,74,45,29,15,12,2,5
2025-403,Miami Masters,Hard,96,M,20250317,44,126128,,,Roman Safiullin,R,185,RUS,27.608,71,851,200615,25,,Alexei Popyrin,R,196,AUS,25.615,26,1800,6-7(4) 6-3 7-5,3,R64,154,7,4,93,60,51,16,16,1,2,20,5,113,71,55,18,17,8,12
2025-403,Miami Masters,Hard,96,M,20250317,45,133430,27,,Denis Shapovalov,L,185,CAN,25.922,28,1716,202058,,Q,Thiago Agustin Tirante,R,185,ARG,23.934,117,512,6-3 6-7(1) 7-6(3),3,R64,144,6,11,108,55,41,28,17,4,7,8,1,101,68,49,15,16,1,5
2025-403,Miami Masters,Hard,96,M,20250317,46,111442,,,Jordan Thompson,R,183,AUS,30.908,37,1375,208659,28,,Giovanni Mpetshi Perricard,R,203,FRA,21.692,29,1656,7-6(4) 7-6(1),3,R64,97,7,1,66,43,38,16,12,0,1,15,2,82,59,43,12,12,2,3
2025-403,Miami Masters,Hard,96,M,20250317,47,126610,29,,Matteo Berrettini,R,196,ITA,28.928,30,1580,200384,,LL,Hugo Gaston,L,173,FRA,24.471,88,711,4-6 6-3 6-3,3,R64,117,10,2,71,53,43,11,14,0,1,5,1,96,53,38,20,14,7,10
2025-403,Miami Masters,Hard,96,M,20250317,48,200443,,LL,Adam Walton,R,183,AUS,25.916,89,666,209260,,,Luciano Darderi,R,183,ITA,23.086,61,945,6-4 6-4,3,R64,92,15,0,66,40,32,16,10,3,3,7,0,66,41,27,14,10,6,8
2025-403,Miami Masters,Hard,96,M,20250317,49,105676,,,David Goffin,R,180,BEL,34.275,55,1003,207989,2,,Carlos Alcaraz,R,183,ESP,21.867,3,6910,5-7 6-4 6-3,3,R64,138,3,2,89,58,40,17,15,3,5,8,2,100,67,43,18,16,3,7
2025-403,Miami Masters,Hard,96,M,20250317,50,104925,4,,Novak Djokovic,R,188,SRB,37.821,5,3860,208014,,,Rinky Hijikata,R,178,AUS,24.06,86,752,6-0 7-6(1),3,R64,79,9,1,49,39,33,8,9,2,2,2,1,63,43,29,7,9,7,10
2025-403,Miami Masters,Hard,96,M,20250317,51,134770,5,,Casper Ruud,R,183,NOR,26.234,6,3855,200175,,,Miomir Kecmanovic,R,183,SRB,25.544,48,1161,3-6 6-4 6-4,3,R64,125,9,0,99,71,54,12,15,7,9,4,0,81,49,36,20,14,3,5
2025-403,Miami Masters,Hard,96,M,20250317,52,144719,,,Jaume Munar,R,183,ESP,27.866,56,992,106421,7,,Daniil Medvedev,R,198,RUS,29.095,8,3680,6-2 6-3,3,R64,78,0,0,53,31,24,15,9,2,2,1,4,53,31,19,10,8,8,11
2025-403,Miami Masters,Hard,96,M,20250317,53,126774,9,,Stefanos Tsitsipas,R,193,GRE,26.595,10,3405,202358,,Q,Chun-Hsin Tseng,R,175,TPE,23.606,115,529,4-6 7-5 6-3,3,R64,134,9,3,86,59,44,17,16,4,6,7,0,82,50,35,19,15,5,8
2025-403,Miami Masters,Hard,96,M,20250317,54,126205,12,,Tommy Paul,R,185,USA,27.833,13,3030,122330,,,Alexander Bublik,R,196,KAZ,27.748,80,785,5-7 7-5 6-4,3,R64,130,17,2,100,58,46,27,17,3,4,19,10,112,66,52,22,17,10,12
2025-403,Miami Masters,Hard,96,M,20250317,55,105777,14,,Grigor Dimitrov,R,191,BUL,33.837,15,2745,C0NB,,WC,Federico Cina,R,185,ITA,17.966,441,105,6-1 6-4,3,R64,68,4,1,54,32,26,14,9,2,2,3,2,49,33,20,6,8,4,7
2025-403,Miami Masters,Hard,96,M,20250317,56,207518,15,,Lorenzo Musetti,R,185,ITA,23.039,16,2650,111460,,,Quentin Halys,R,191,FRA,28.389,57,981,3-6 7-6(4) 7-5,3,R64,147,4,3,120,79,53,25,16,3,5,17,7,105,61,50,20,17,4,6
2025-403,Miami Masters,Hard,96,M,20250317,57,200000,18,,Felix Auger-Aliassime,R,193,CAN,24.605,19,2415,209262,,Q,Tristan Schoolkate,R,183,AUS,24.052,129,450,6-4 6-4,3,R64,87,6,2,50,37,32,9,10,1,1,4,3,71,50,35,8,10,7,9
2025-403,Miami Masters,Hard,96,M,20250317,58,111575,22,,Karen Khachanov,R,198,RUS,28.821,23,2000,106401,,PR,Nick Kyrgios,R,193,AUS,29.889,892,20,7-6(3) 6-0,3,R64,76,8,1,53,40,34,8,9,2,2,8,2,64,40,25,10,9,3,6
2025-403,Miami Masters,Hard,96,M,20250317,59,202103,23,,Francisco Cerundolo,R,185,ARG,26.593,24,1925,124186,,,Alexandre Muller,R,183,FRA,28.12,41,1287,6-1 6-2,3,R64,60,4,1,42,29,22,9,7,1,1,0,2,50,35,19,4,8,2,7
2025-403,Miami Masters,Hard,96,M,20250317,60,200624,24,,Sebastian Korda,R,196,USA,24.698,25,1860,208118,,WC,Eliot Spizzirri,R,185,USA,23.231,134,434,6-4 6-2,3,R64,71,5,2,57,36,27,10,9,3,4,3,0,57,44,27,5,9,2,6
2025-403,Miami Masters,Hard,96,M,20250317,61,104792,,,Gael Monfils,R,193,FRA,38.541,46,1230,208103,26,,Jiri Lehecka,R,185,CZE,23.354,27,1745,6-1 3-6 7-6(8),3,R64,126,14,3,89,59,47,16,14,4,5,8,3,97,53,36,26,14,4,6
2025-403,Miami Masters,Hard,96,M,20250317,62,126214,30,,Alejandro Tabilo,L,188,CHI,27.789,31,1555,144895,,,Corentin Moutet,L,180,FRA,25.911,76,814,5-7 6-3 7-5,3,R64,171,5,1,115,79,54,14,17,5,9,9,1,107,77,42,18,16,9,14
2025-403,Miami Masters,Hard,96,M,20250317,63,206909,31,,Brandon Nakashima,R,188,USA,23.619,32,1500,106148,,,Roberto Carballes Baena,R,183,ESP,31.984,53,1051,6-4 4-6 6-3,3,R64,142,14,3,101,69,52,14,15,5,7,5,1,86,48,35,18,14,2,5
2025-403,Miami Masters,Hard,96,M,20250317,64,200116,,LL,Camilo Ugo Carabelli,R,185,ARG,25.749,65,870,210506,32,,Alex Michelsen,R,193,USA,20.559,33,1465,6-7(3) 7-5 6-3,3,R64,152,3,1,112,75,53,21,17,4,5,10,0,96,73,51,13,16,0,3
2025-403,Miami Masters,Hard,96,M,20250317,65,100644,1,,Alexander Zverev,R,198,GER,27.907,2,7945,111442,,,Jordan Thompson,R,183,AUS,30.908,37,1375,7-5 6-4,3,R32,87,6,0,55,42,32,10,11,0,1,11,0,60,42,29,9,11,2,5
2025-403,Miami Masters,Hard,96,M,20250317,66,126203,3,,Taylor Fritz,R,196,USA,27.384,4,4900,133430,27,,Denis Shapovalov,L,185,CAN,25.922,28,1716,7-5 6-3,3,R32,86,9,1,59,38,32,12,11,3,4,6,6,52,37,23,8,10,1,4
2025-403,Miami Masters,Hard,96,M,20250317,67,200282,,,Alex de Minaur,R,183,AUS,26.078,11,3335,211663,,,Joao Fonseca,R,188,BRA,18.571,60,955,5-7 7-5 6-3,3,R32,151,1,3,99,54,38,28,17,5,8,4,1,92,61,42,14,16,1,5
2025-403,Miami Masters,Hard,96,M,20250317,68,209950,17,,Arthur Fils,R,185,FRA,20.761,18,2480,126207,16,,Frances Tiafoe,R,188,USA,27.154,17,2485,7-6(11) 5-7 6-2,3,R32,175,21,4,100,68,49,19,16,2,5,11,5,142,79,52,30,16,10,14
2025-403,Miami Masters,Hard,96,M,20250317,69,207830,20,,Tomas Machac,R,183,CZE,24.424,21,2310,124187,,PR,Reilly Opelka,R,211,USA,27.551,114,529,7-6(1) 6-3,3,R32,74,8,1,58,39,35,13,11,0,0,19,2,59,44,34,6,10,0,1
2025-403,Miami Masters,Hard,96,M,20250317,70,126610,29,,Matteo Berrettini,R,196,ITA,28.928,30,1580,200267,,,Zizou Bergs,R,185,BEL,25.788,51,1065,6-4 6-4,3,R32,94,3,1,56,37,28,12,10,0,1,10,5,69,39,26,13,10,9,12
2025-403,Miami Masters,Hard,96,M,20250317,71,210150,,,Jakub Mensik,R,196,CZE,19.54,54,1042,126128,,,Roman Safiullin,R,185,RUS,27.608,71,851,6-4 6-4,3,R32,72,15,1,55,41,36,6,10,0,0,5,0,50,36,29,8,10,0,2
2025-403,Miami Masters,Hard,96,M,20250317,72,200443,,LL,Adam Walton,R,183,AUS,25.916,89,666,209409,,WC,Coleman Wong,R,191,HKG,20.778,182,312,7-6(6) 4-6 6-4,3,R32,139,10,0,104,70,50,18,16,4,7,15,0,99,64,45,21,16,1,4
2025-403,Miami Masters,Hard,96,M,20250317,73,104925,4,,Novak Djokovic,R,188,SRB,37.821,5,3860,200116,,LL,Camilo Ugo Carabelli,R,185,ARG,25.749,65,870,6-1 7-6(1),3,R32,105,10,2,64,49,39,7,10,0,1,3,2,64,32,23,15,9,4,7
2025-403,Miami Masters,Hard,96,M,20250317,74,134770,5,,Casper Ruud,R,183,NOR,26.234,6,3855,126214,30,,Alejandro Tabilo,L,188,CHI,27.789,31,1555,6-4 7-6(4),3,R32,95,11,2,62,39,34,17,11,3,3,7,1,74,55,37,13,11,3,4
2025-403,Miami Masters,Hard,96,M,20250317,75,200624,24,,Sebastian Korda,R,196,USA,24.698,25,1860,126774,9,,Stefanos Tsitsipas,R,193,GRE,26.595,10,3405,7-6(4) 6-3,3,R32,95,8,2,74,45,34,14,11,4,6,5,1,58,35,25,10,10,1,4
2025-403,Miami Masters,Hard,96,M,20250317,76,202103,23,,Francisco Cerundolo,R,185,ARG,26.593,24,1925,126205,12,,Tommy Paul,R,185,USA,27.833,13,3030,6-2 7-6(4),3,R32,91,1,2,59,44,28,10,10,0,3,3,3,61,36,22,9,10,3,8
2025-403,Miami Masters,Hard,96,M,20250317,77,105777,14,,Grigor Dimitrov,R,191,BUL,33.837,15,2745,111575,22,,Karen Khachanov,R,198,RUS,28.821,23,2000,6-7(3) 6-4 7-5,3,R32,157,13,5,95,67,54,20,17,5,5,11,1,110,70,53,20,17,8,10
2025-403,Miami Masters,Hard,96,M,20250317,78,207518,15,,Lorenzo Musetti,R,185,ITA,23.039,16,2650,200000,18,,Felix Auger-Aliassime,R,193,CAN,24.605,19,2415,4-6 6-2 6-3,3,R32,146,1,1,93,60,40,20,14,6,8,11,4,90,70,46,8,13,10,14
2025-403,Miami Masters,Hard,96,M,20250317,79,206909,31,,Brandon Nakashima,R,188,USA,23.619,32,1500,105676,,,David Goffin,R,180,BEL,34.275,55,1003,6-3 6-7(5) 6-3,3,R32,136,13,2,94,63,53,15,16,2,4,7,5,100,56,43,18,14,6,10
2025-403,Miami Masters,Hard,96,M,20250317,80,104792,,,Gael Monfils,R,193,FRA,38.541,46,1230,144719,,,Jaume Munar,R,183,ESP,27.866,56,992,7-5 5-7 7-6(1),3,R32,157,7,5,110,73,57,17,18,1,4,8,2,104,68,49,20,18,5,8
2025-403,Miami Masters,Hard,96,M,20250317,81,209950,17,,Arthur Fils,R,185,FRA,20.761,18,2480,100644,1,,Alexander Zverev,R,198,GER,27.907,2,7945,3-6 6-3 6-4,3,R16,120,4,2,75,51,35,16,14,1,3,9,0,80,55,38,14,14,2,5
2025-403,Miami Masters,Hard,96,M,20250317,82,126203,3,,Taylor Fritz,R,196,USA,27.384,4,4900,200443,,LL,Adam Walton,R,183,AUS,25.916,89,666,6-3 7-5,3,R16,94,4,0,57,44,24,9,11,3,3,2,0,54,41,25,6,10,7,9
2025-403,Miami Masters,Hard,96,M,20250317,83,104925,4,,Novak Djokovic,R,188,SRB,37.821,5,3860,207518,15,,Lorenzo Musetti,R,185,ITA,23.039,16,2650,6-2 6-2,3,R16,83,1,1,46,32,24,8,8,0,1,1,3,56,39,20,6,8,7,12
2025-403,Miami Masters,Hard,96,M,20250317,84,202103,23,,Francisco Cerundolo,R,185,ARG,26.593,24,1925,134770,5,,Casper Ruud,R,183,NOR,26.234,6,3855,6-4 6-2,3,R16,86,6,1,53,37,28,11,9,0,0,4,3,66,52,28,9,9,7,10
2025-403,Miami Masters,Hard,96,M,20250317,85,126610,29,,Matteo Berrettini,R,196,ITA,28.928,30,1580,200282,10,,Alex de Minaur,R,183,AUS,26.078,11,3335,6-3 7-6(7),3,R16,120,7,2,85,49,36,16,11,7,9,7,3,65,41,25,15,10,4,7
2025-403,Miami Masters,Hard,96,M,20250317,86,105777,14,,Grigor Dimitrov,R,191,BUL,33.837,15,2745,206909,31,,Brandon Nakashima,R,188,USA,23.619,32,1500,6-4 7-5,3,R16,83,12,2,57,40,33,11,11,0,0,5,1,54,36,33,7,11,3,5
2025-403,Miami Masters,Hard,96,M,20250317,87,210150,,,Jakub Mensik,R,196,CZE,19.54,54,1042,207830,20,,Tomas Machac,R,183,CZE,24.424,21,2310,W/O,3,R16,,,,,,,,,,,,,,,,,,,
2025-403,Miami Masters,Hard,96,M,20250317,88,200624,24,,Sebastian Korda,R,196,USA,24.698,25,1860,104792,,,Gael Monfils,R,193,FRA,38.541,46,1230,6-4 2-6 6-4,3,R16,132,6,3,83,49,39,15,14,1,3,8,4,83,56,43,12,14,4,6
2025-403,Miami Masters,Hard,96,M,20250317,89,126203,3,,Taylor Fritz,R,196,USA,27.384,4,4900,126610,29,,Matteo Berrettini,R,196,ITA,28.928,30,1580,7-5 6-7(7) 7-5,3,QF,164,16,3,102,78,62,15,18,4,5,17,0,123,96,72,10,18,8,11
2025-403,Miami Masters,Hard,96,M,20250317,90,104925,4,,Novak Djokovic,R,188,SRB,37.821,5,3860,200624,24,,Sebastian Korda,R,196,USA,24.698,25,1860,6-3 7-6(4),3,QF,82,11,0,59,49,41,6,11,0,1,7,0,56,37,26,13,10,0,2
2025-403,Miami Masters,Hard,96,M,20250317,91,210150,,,Jakub Mensik,R,196,CZE,19.54,54,1042,209950,17,,Arthur Fils,R,185,FRA,20.761,18,2480,7-6(5) 6-1,3,QF,75,13,2,53,35,30,9,9,2,3,1,3,69,47,33,7,10,3,7
2025-403,Miami Masters,Hard,96,M,20250317,92,105777,14,,Grigor Dimitrov,R,191,BUL,33.837,15,2745,202103,23,,Francisco Cerundolo,R,185,ARG,26.593,24,1925,6-7(6) 6-4 7-6(3),3,QF,168,7,3,108,66,53,21,17,3,5,7,1,115,73,51,23,17,10,13
2025-403,Miami Masters,Hard,96,M,20250317,93,210150,,,Jakub Mensik,R,196,CZE,19.54,54,1042,126203,3,,Taylor Fritz,R,196,USA,27.384,4,4900,7-6(4) 4-6 7-6(4),3,SF,145,25,4,101,73,60,15,17,1,2,14,3,114,79,63,16,17,2,2
2025-403,Miami Masters,Hard,96,M,20250317,94,104925,4,,Novak Djokovic,R,188,SRB,37.821,5,3860,105777,14,,Grigor Dimitrov,R,191,BUL,33.837,15,2745,6-2 6-3,3,SF,70,5,1,45,39,31,2,9,1,2,3,3,43,23,16,6,8,2,6
2025-403,Miami Masters,Hard,96,M,20250317,95,210150,,,Jakub Mensik,R,196,CZE,19.54,54,1042,104925,4,,Novak Djokovic,R,188,SRB,37.821,5,3860,7-6(4) 7-6(4),3,F,123,14,1,78,52,40,14,12,0,1,7,1,74,56,43,9,12,2,3
2025-717,Houston,Clay,28,A,20250331,1,210319,,WC,Ethan Quinn,R,191,USA,21.051,130,456,111442,6,,Jordan Thompson,R,183,AUS,30.946,35,1415,4-6 6-4 6-3,3,R32,156,4,4,96,54,38,23,15,9,13,3,3,95,58,36,18,14,5,10
2025-717,Houston,Clay,28,A,20250331,2,105453,8,,Kei Nishikori,R,178,JPN,35.253,66,873,106283,,Q,Mitchell Krueger,R,188,USA,31.214,141,416,6-4 6-2,3,R32,74,4,2,57,44,34,5,9,3,4,2,2,48,31,19,8,9,3,7
2025-717,Houston,Clay,28,A,20250331,3,111153,,,Christopher Eubanks,R,201,USA,28.903,117,515,208014,,,Rinky Hijikata,R,178,AUS,24.099,82,769,6-2 4-6 6-3,3,R32,115,8,0,80,53,39,16,14,4,6,3,4,85,50,30,17,13,3,7
2025-717,Houston,Clay,28,A,20250331,4,105173,,LL,Adrian Mannarino,L,180,FRA,36.753,144,409,105870,,,Yannick Hanfmann,R,193,GER,33.38,123,479,7-6(5) 6-3,3,R32,110,2,0,82,51,34,15,11,12,14,4,2,57,40,26,7,10,0,3
2025-717,Houston,Clay,28,A,20250331,5,111456,,,Mackenzie McDonald,R,178,USA,29.958,100,592,123755,,,Daniel Elahi Galan,R,191,COL,28.783,114,538,6-2 6-7(3) 6-4,3,R32,135,4,2,84,53,42,21,15,1,1,7,0,90,60,46,13,15,2,5
2025-717,Houston,Clay,28,A,20250331,6,S0ZE,,Q,Colton Smith,R,183,USA,22.073,200,284,105902,,,James Duckworth,R,183,AUS,33.191,89,698,6-2 6-2,3,R32,69,5,2,44,28,22,11,8,1,1,3,3,58,34,20,10,8,6,10
2025-717,Houston,Clay,28,A,20250331,7,200443,,,Adam Walton,R,183,AUS,25.955,85,746,111581,,WC,Michael Mmoh,R,188,USA,27.22,282,186,6-3 7-6(5),3,R32,104,8,5,71,45,35,6,11,4,8,5,4,61,37,22,7,10,0,5
2025-717,Houston,Clay,28,A,20250331,8,210506,5,,Alex Michelsen,R,193,USA,20.597,34,1445,210530,,,Learner Tien,L,180,USA,19.326,69,865,6-4 6-2,3,R32,70,7,3,45,30,26,8,9,0,1,1,2,57,37,25,6,9,4,8
2025-717,Houston,Clay,28,A,20250331,9,206499,,,Aleksandar Kovacevic,R,183,USA,26.587,79,780,144869,7,,Tomas Martin Etcheverry,R,196,ARG,25.703,44,1260,6-3 6-4,3,R32,98,3,4,65,31,26,20,10,4,4,7,0,52,28,24,11,9,5,7
2025-717,Houston,Clay,28,A,20250331,10,202385,,Q,Jenson Brooksby,R,193,USA,24.427,507,77,106121,,,Taro Daniel,R,191,JPN,32.172,124,478,6-4 6-4,3,R32,88,4,1,53,30,23,18,10,0,0,1,1,66,36,24,16,10,3,5
2025-717,Houston,Clay,28,A,20250331,11,DF92,,Q,Corentin Denolly,L,188,FRA,27.817,328,159,200587,,,Brandon Holt,R,185,USA,26.984,115,533,7-6(7) 7-6(8),3,R32,139,1,6,109,74,56,13,12,5,7,5,0,89,61,43,17,12,2,4
2025-717,Houston,Clay,28,A,20250331,12,106426,,WC,Cristian Garin,R,185,CHI,28.835,133,439,106310,,,Alexander Ritschard,R,193,SUI,31.02,125,466,6-3 6-4,3,R32,100,5,1,51,30,26,14,10,0,0,1,4,75,41,24,21,9,5,7
2025-717,Houston,Clay,28,A,20250331,13,126207,2,,Frances Tiafoe,R,188,USA,27.192,17,2525,200443,,,Adam Walton,R,183,AUS,25.955,85,746,7-5 6-3,3,R16,90,4,2,53,26,22,17,10,1,2,5,3,73,42,24,16,11,4,8
2025-717,Houston,Clay,28,A,20250331,14,206909,4,,Brandon Nakashima,R,188,USA,23.658,33,1570,111456,,,Mackenzie McDonald,R,178,USA,29.958,100,592,6-1 7-5,3,R16,78,7,1,49,32,26,14,10,0,0,5,1,61,41,26,9,9,2,5
2025-717,Houston,Clay,28,A,20250331,15,210506,5,,Alex Michelsen,R,193,USA,20.597,34,1445,105173,,LL,Adrian Mannarino,L,180,FRA,36.753,144,409,6-7(0) 6-4 6-2,3,R16,148,3,3,95,62,38,19,15,5,9,1,3,99,69,39,14,15,9,16
2025-717,Houston,Clay,28,A,20250331,16,111153,,,Christopher Eubanks,R,201,USA,28.903,117,515,105453,8,,Kei Nishikori,R,178,JPN,35.253,66,873,6-1 RET,3,R16,24,2,1,22,15,11,5,4,0,0,1,0,20,17,9,0,3,2,4
2025-717,Houston,Clay,28,A,20250331,17,126205,1,,Tommy Paul,R,185,USA,27.871,13,3070,106426,,WC,Cristian Garin,R,185,CHI,28.835,133,439,2-6 6-2 7-6(5),3,R16,162,7,3,96,54,39,18,14,8,12,2,3,113,74,50,16,14,10,14
2025-717,Houston,Clay,28,A,20250331,18,202385,,Q,Jenson Brooksby,R,193,USA,24.427,507,77,126214,3,,Alejandro Tabilo,L,188,CHI,27.828,32,1575,3-6 6-4 7-6(6),3,R16,169,4,3,99,57,45,19,15,4,7,5,1,115,58,43,28,16,7,10
2025-717,Houston,Clay,28,A,20250331,19,206499,,,Aleksandar Kovacevic,R,183,USA,26.587,79,780,DF92,,Q,Corentin Denolly,L,188,FRA,27.817,328,159,6-3 6-3,3,R16,79,8,4,54,31,28,11,9,2,2,2,8,70,38,26,12,9,6,9
2025-717,Houston,Clay,28,A,20250331,20,S0ZE,,Q,Colton Smith,R,183,USA,22.073,200,284,210319,,WC,Ethan Quinn,R,191,USA,21.051,130,456,6-3 6-4,3,R16,74,3,4,54,31,27,16,10,1,1,2,3,48,30,23,8,9,2,4
2025-717,Houston,Clay,28,A,20250331,21,126205,1,,Tommy Paul,R,185,USA,27.871,13,3070,S0ZE,,Q,Colton Smith,R,183,USA,22.073,200,284,6-1 7-6(1),3,QF,89,3,2,51,24,22,19,9,3,3,2,2,71,44,27,13,10,4,7
2025-717,Houston,Clay,28,A,20250331,22,126207,2,,Frances Tiafoe,R,188,USA,27.192,17,2525,210506,5,,Alex Michelsen,R,193,USA,20.597,34,1445,7-5 6-1,3,QF,92,4,2,58,33,26,14,10,2,3,4,5,76,44,28,12,9,12,16
2025-717,Houston,Clay,28,A,20250331,23,206909,4,,Brandon Nakashima,R,188,USA,23.658,33,1570,111153,,,Christopher Eubanks,R,201,USA,28.903,117,515,6-4 6-4,3,QF,82,7,2,53,30,23,17,10,0,0,3,3,65,49,35,8,10,3,5
2025-717,Houston,Clay,28,A,20250331,24,202385,,Q,Jenson Brooksby,R,193,USA,24.427,507,77,206499,,,Aleksandar Kovacevic,R,183,USA,26.587,79,780,2-6 6-3 6-4,3,QF,140,0,3,86,55,34,16,13,7,11,4,4,90,53,33,18,14,6,11
2025-717,Houston,Clay,28,A,20250331,25,202385,,Q,Jenson Brooksby,R,193,USA,24.427,507,77,126205,1,,Tommy Paul,R,185,USA,27.871,13,3070,7-6(5) 3-6 7-6(6),3,SF,162,0,2,109,74,46,18,16,6,11,6,5,111,62,42,27,17,5,9
2025-717,Houston,Clay,28,A,20250331,26,126207,2,,Frances Tiafoe,R,188,USA,27.192,17,2525,206909,4,,Brandon Nakashima,R,188,USA,23.658,33,1570,6-4 7-6(3),3,SF,101,4,1,60,36,25,13,11,1,5,6,1,81,53,33,9,11,5,10
2025-717,Houston,Clay,28,A,20250331,27,202385,,Q,Jenson Brooksby,R,193,USA,24.427,507,77,126207,2,,Frances Tiafoe,R,188,USA,27.192,17,2525,6-4 6-2,3,F,87,5,1,58,41,26,12,9,4,6,0,2,55,28,17,9,9,1,6
2025-360,Marrakech,Clay,28,A,20250331,1,209260,7,,Luciano Darderi,R,183,ITA,23.124,57,989,B0EJ,,,Tristan Boyer,R,188,USA,23.943,121,491,6-4 6-4,3,R32,99,2,4,73,41,30,19,10,4,4,3,1,62,38,23,16,10,7,9
2025-360,Marrakech,Clay,28,A,20250331,2,200240,,,Vit Kopriva,R,178,CZE,27.792,106,576,127339,,PR,Borna Gojo,R,196,CRO,27.088,414,116,2-6 6-2 6-4,3,R32,118,3,3,84,53,34,16,13,5,9,5,4,73,45,29,13,13,0,5
2025-360,Marrakech,Clay,28,A,20250331,3,111794,,Q,Kamil Majchrzak,R,183,POL,29.213,122,482,144719,6,,Jaume Munar,R,183,ESP,27.904,55,1029,6-4 6-3,3,R32,89,4,1,55,35,27,13,10,2,3,5,5,54,23,20,10,9,4,7
2025-360,Marrakech,Clay,28,A,20250331,4,208233,8,,Mattia Bellucci,L,175,ITA,23.83,71,842,200303,,,Pavel Kotov,R,191,RUS,26.366,107,573,6-4 6-4,3,R32,103,9,3,56,32,26,15,10,1,2,3,2,64,46,31,7,10,4,7
2025-360,Marrakech,Clay,28,A,20250331,5,105807,,,Pablo Carreno Busta,R,188,ESP,33.719,110,568,207794,,WC,Younes Lalami Laaroussi,R,188,MAR,23.951,1193,8,6-1 6-3,3,R32,77,2,1,44,26,22,13,8,1,1,1,5,58,35,23,6,8,5,9
2025-360,Marrakech,Clay,28,A,20250331,6,207411,,,Jesper de Jong,R,180,NED,24.832,98,609,200611,,WC,Elliot Benchetrit,R,193,MAR,26.494,608,54,7-5 6-1,3,R32,92,3,1,45,25,23,17,10,0,0,3,2,74,42,28,12,9,7,10
2025-360,Marrakech,Clay,28,A,20250331,7,200384,,,Hugo Gaston,L,173,FRA,24.509,84,751,207678,,Q,Juan Manuel Cerundolo,L,183,ARG,23.373,128,461,5-7 6-3 6-4,3,R32,138,5,4,95,49,34,21,16,3,8,6,4,108,60,34,24,15,11,17
2025-360,Marrakech,Clay,28,A,20250331,8,105732,,Q,Pierre-Hugues Herbert,R,188,FRA,34.037,169,335,105948,,Q,Federico Coria,R,180,ARG,33.06,126,464,4-6 6-3 6-2,3,R32,129,7,12,87,51,39,13,14,4,8,1,7,84,57,36,7,13,4,10
2025-360,Marrakech,Clay,28,A,20250331,9,202261,,,Otto Virtanen,R,193,FIN,23.775,135,430,127157,,,Daniel Altmaier,R,188,GER,26.549,83,763,6-2 4-6 7-6(3),3,R32,149,5,6,94,56,40,23,15,1,3,4,5,112,67,45,22,15,8,11
2025-360,Marrakech,Clay,28,A,20250331,10,106148,5,,Roberto Carballes Baena,R,183,ESP,32.022,51,1051,B0D6,,WC,Taha Baadi,R,183,MAR,23.699,703,40,7-6(3) 6-3,3,R32,121,1,7,79,48,35,14,11,3,5,1,0,82,54,33,14,10,9,12
2025-360,Marrakech,Clay,28,A,20250331,11,209920,,,Raphael Collignon,R,191,BEL,23.211,92,644,104926,,,Fabio Fognini,R,178,ITA,37.854,99,607,6-3 6-3,3,R32,82,2,4,55,40,30,7,9,3,4,1,4,55,24,14,16,9,4,8
2025-360,Marrakech,Clay,28,A,20250331,12,106198,,,Hugo Dellien,R,180,BOL,31.789,102,582,126846,,,Aleksandar Vukic,R,188,AUS,28.983,76,808,7-5 4-6 7-5,3,R32,152,5,0,110,85,57,17,17,3,5,11,0,116,72,53,19,17,11,14
2025-360,Marrakech,Clay,28,A,20250331,13,134868,1,,Tallon Griekspoor,R,188,NED,28.745,37,1370,105807,,,Pablo Carreno Busta,R,188,ESP,33.719,110,568,7-6(1) 3-6 6-3,3,R16,143,13,5,108,71,55,17,15,4,6,8,4,94,57,43,19,15,8,10
2025-360,Marrakech,Clay,28,A,20250331,14,200240,,,Vit Kopriva,R,178,CZE,27.792,106,576,132283,2,,Lorenzo Sonego,R,191,ITA,29.889,38,1361,6-2 5-7 6-4,3,R16,162,2,5,104,67,42,18,15,6,10,3,2,88,55,34,14,15,9,15
2025-360,Marrakech,Clay,28,A,20250331,15,209260,7,,Luciano Darderi,R,183,ITA,23.124,57,989,200384,,,Hugo Gaston,L,173,FRA,24.509,84,751,2-6 6-2 6-3,3,R16,111,1,1,72,43,30,14,13,0,3,3,2,93,43,31,23,12,10,14
2025-360,Marrakech,Clay,28,A,20250331,16,208233,8,,Mattia Bellucci,L,175,ITA,23.83,71,842,105732,,Q,Pierre-Hugues Herbert,R,188,FRA,34.037,169,335,6-2 7-5,3,R16,84,4,0,50,28,21,16,10,0,1,2,4,63,39,26,9,10,4,8
2025-360,Marrakech,Clay,28,A,20250331,17,124186,3,,Alexandre Muller,R,183,FRA,28.159,41,1304,106198,,,Hugo Dellien,R,180,BOL,31.789,102,582,6-7(5) 6-1 6-4,3,R16,145,9,1,94,63,43,22,15,1,3,2,4,105,75,46,14,14,8,13
2025-360,Marrakech,Clay,28,A,20250331,18,132686,4,,Nuno Borges,R,185,POR,28.11,43,1265,209920,,,Raphael Collignon,R,191,BEL,23.211,92,644,6-2 3-6 7-6(0),3,R16,119,12,0,89,64,52,10,14,4,5,12,3,108,68,45,21,15,5,7
2025-360,Marrakech,Clay,28,A,20250331,19,106148,5,,Roberto Carballes Baena,R,183,ESP,32.022,51,1051,202261,,,Otto Virtanen,R,193,FIN,23.775,135,430,6-4 6-4,3,R16,80,1,0,58,45,30,8,10,2,4,5,2,57,33,23,9,10,2,6
2025-360,Marrakech,Clay,28,A,20250331,20,111794,,Q,Kamil Majchrzak,R,183,POL,29.213,122,482,207411,,,Jesper de Jong,R,180,NED,24.832,98,609,7-6(3) 6-1,3,R16,88,3,1,53,33,26,15,10,0,1,2,4,57,28,18,14,9,5,8
2025-360,Marrakech,Clay,28,A,20250331,21,134868,1,,Tallon Griekspoor,R,188,NED,28.745,37,1370,208233,8,,Mattia Bellucci,L,175,ITA,23.83,71,842,6-3 6-4,3,QF,84,5,1,62,35,27,18,10,4,4,6,8,59,34,26,9,9,1,3
2025-360,Marrakech,Clay,28,A,20250331,22,111794,,Q,Kamil Majchrzak,R,183,POL,29.213,122,482,124186,3,,Alexandre Muller,R,183,FRA,28.159,41,1304,7-5 6-4,3,QF,96,4,0,68,48,35,10,11,8,10,6,4,84,58,36,9,11,4,8
2025-360,Marrakech,Clay,28,A,20250331,23,106148,5,,Roberto Carballes Baena,R,183,ESP,32.022,51,1051,132686,4,,Nuno Borges,R,185,POR,28.11,43,1265,6-4 6-4,3,QF,106,1,3,90,60,38,13,10,15,17,3,6,56,26,20,11,10,1,5
2025-360,Marrakech,Clay,28,A,20250331,24,209260,7,,Luciano Darderi,R,183,ITA,23.124,57,989,200240,,,Vit Kopriva,R,178,CZE,27.792,106,576,7-5 6-2,3,QF,116,5,2,76,43,29,19,10,5,6,3,2,80,49,29,14,10,10,14
2025-360,Marrakech,Clay,28,A,20250331,25,134868,1,,Tallon Griekspoor,R,188,NED,28.745,37,1370,111794,,Q,Kamil Majchrzak,R,183,POL,29.213,122,482,7-5 7-6(3),3,SF,107,10,1,75,45,38,16,12,4,5,5,1,71,42,33,14,12,1,3
2025-360,Marrakech,Clay,28,A,20250331,26,209260,7,,Luciano Darderi,R,183,ITA,23.124,57,989,106148,5,,Roberto Carballes Baena,R,183,ESP,32.022,51,1051,6-3 6-2,3,SF,92,5,1,58,29,23,16,9,2,3,0,2,55,38,20,5,8,5,9
2025-360,Marrakech,Clay,28,A,20250331,27,209260,7,,Luciano Darderi,R,183,ITA,23.124,57,989,134868,1,,Tallon Griekspoor,R,188,NED,28.745,37,1370,7-6(3) 7-6(4),3,F,123,3,3,83,51,37,21,12,3,4,10,6,81,51,39,18,12,0,1
2025-4462,Bucharest,Clay,28,A,20250331,1,105138,5,,Roberto Bautista Agut,R,183,ESP,36.961,52,1049,207352,,,Yunchaokete Bu,R,185,CHN,23.195,67,873,3-6 6-2 7-5,3,R32,172,2,5,113,62,34,28,15,12,17,5,1,94,55,32,19,14,4,10
2025-4462,Bucharest,Clay,28,A,20250331,2,200116,8,,Camilo Ugo Carabelli,R,185,ARG,25.788,63,918,105430,,,Radu Albot,R,175,MDA,35.384,223,248,6-4 6-3,3,R32,92,0,0,50,38,26,8,9,2,3,0,1,65,39,20,14,10,1,5
2025-4462,Bucharest,Clay,28,A,20250331,3,207681,,,Francisco Comesana,R,178,ARG,24.482,64,890,105373,,Q,Martin Klizan,L,191,SVK,35.721,316,165,4-6 7-5 7-5,3,R32,152,7,5,89,60,48,15,17,2,5,0,4,107,69,50,16,17,5,9
2025-4462,Bucharest,Clay,28,A,20250331,4,209113,,,Gabriel Diallo,R,203,CAN,23.515,81,770,202358,,,Chun-Hsin Tseng,R,175,TPE,23.644,101,587,7-6(5) 7-6(2),3,R32,126,5,3,82,47,35,22,12,4,6,0,1,81,55,36,13,12,0,2
2025-4462,Bucharest,Clay,28,A,20250331,5,106000,,,Damir Dzumhur,R,175,BIH,32.862,65,874,200473,,Q,Valentin Vacherot,R,193,MON,26.371,259,208,6-2 6-1,3,R32,73,1,1,54,35,24,10,8,5,6,1,4,53,31,17,8,7,3,8
2025-4462,Bucharest,Clay,28,A,20250331,6,105916,,,Marton Fucsovics,R,188,HUN,33.142,90,655,208134,,,Luca Nardi,R,185,ITA,21.651,93,637,6-3 6-1,3,R32,67,1,1,46,28,22,11,8,2,2,0,1,48,33,18,5,8,2,6
2025-4462,Bucharest,Clay,28,A,20250331,7,209209,,Q,Filip Misolic,R,180,AUT,23.644,232,235,207686,,,Alexander Shevchenko,R,188,KAZ,24.334,105,578,6-3 6-4,3,R32,76,1,3,60,43,31,9,10,4,6,1,1,54,34,22,8,9,0,4
2025-4462,Bucharest,Clay,28,A,20250331,8,106331,,,Christopher O'Connell,R,183,AUS,30.825,87,735,105583,,,Dusan Lajovic,R,183,SRB,34.752,109,570,6-4 6-3,3,R32,101,4,0,65,38,22,18,10,6,8,0,0,71,43,25,11,9,7,11
2025-4462,Bucharest,Clay,28,A,20250331,9,104527,,WC,Stan Wawrinka,R,183,SUI,40.008,161,355,207608,,Q,Timofey Skatov,R,173,KAZ,24.189,174,324,6-4 6-7(5) 7-6(1),3,R32,198,7,1,130,83,56,21,17,11,15,1,4,120,80,51,20,17,11,16
2025-4462,Bucharest,Clay,28,A,20250331,10,208363,7,,Mariano Navone,R,178,ARG,24.088,61,925,111513,,,Laslo Djere,R,188,SRB,29.829,78,791,6-1 4-6 6-2,3,R32,118,1,1,72,55,40,11,13,0,1,0,3,78,47,30,14,12,2,6
2025-4462,Bucharest,Clay,28,A,20250331,11,104755,,WC,Richard Gasquet,R,183,FRA,38.784,148,386,122298,,,Botic van de Zandschulp,R,191,NED,29.489,88,730,4-6 7-5 6-1,3,R32,139,2,2,98,63,41,18,15,6,10,5,5,93,55,36,15,14,9,15
2025-4462,Bucharest,Clay,28,A,20250331,12,202262,,WC,Filip Cristian Jianu,R,180,ROU,23.532,241,229,210460,,,Nishesh Basavareddy,R,180,USA,19.912,108,571,6-3 6-4,3,R32,92,0,0,52,42,28,6,9,3,5,1,2,58,28,19,10,10,1,6
2025-4462,Bucharest,Clay,28,A,20250331,13,124079,2,,Pedro Martinez,R,185,ESP,27.929,47,1205,104527,,WC,Stan Wawrinka,R,183,SUI,40.008,161,355,4-6 7-5 6-2,3,R16,159,0,0,100,80,48,13,15,7,11,3,3,97,55,31,21,15,4,10
2025-4462,Bucharest,Clay,28,A,20250331,14,106331,,,Christopher O'Connell,R,183,AUS,30.825,87,735,111797,4,,Nicolas Jarry,R,201,CHI,29.47,58,965,6-2 5-7 7-6(5),3,R16,179,5,6,114,67,50,21,16,7,9,2,4,102,70,47,16,16,4,7
2025-4462,Bucharest,Clay,28,A,20250331,15,105916,,,Marton Fucsovics,R,188,HUN,33.142,90,655,208363,7,,Mariano Navone,R,178,ARG,24.088,61,925,4-6 6-4 6-4,3,R16,161,0,1,74,49,35,9,15,1,7,1,2,109,71,38,16,15,14,21
2025-4462,Bucharest,Clay,28,A,20250331,16,106000,,,Damir Dzumhur,R,175,BIH,32.862,65,874,202262,,WC,Filip Cristian Jianu,R,180,ROU,23.532,241,229,6-4 3-6 6-3,3,R16,152,0,2,87,54,34,20,14,1,4,1,0,106,72,41,17,14,8,12
2025-4462,Bucharest,Clay,28,A,20250331,17,202104,1,,Sebastian Baez,R,170,ARG,24.255,36,1385,209113,,,Gabriel Diallo,R,203,CAN,23.515,81,770,7-6(5) 2-6 6-2,3,R16,136,1,3,92,67,46,12,14,5,9,4,1,82,60,34,16,14,2,6
2025-4462,Bucharest,Clay,28,A,20250331,18,207925,3,,Flavio Cobolli,R,183,ITA,22.902,45,1260,104755,,WC,Richard Gasquet,R,183,FRA,38.784,148,386,6-4 4-6 6-1,3,R16,115,4,6,85,42,25,25,14,3,7,1,1,86,58,32,13,13,7,13
2025-4462,Bucharest,Clay,28,A,20250331,19,207681,,,Francisco Comesana,R,178,ARG,24.482,64,890,105138,5,,Roberto Bautista Agut,R,183,ESP,36.961,52,1049,6-4 3-6 6-3,3,R16,131,5,0,78,51,35,18,14,1,3,0,0,81,51,33,19,14,1,4
2025-4462,Bucharest,Clay,28,A,20250331,20,209209,,Q,Filip Misolic,R,180,AUT,23.644,232,235,200116,8,,Camilo Ugo Carabelli,R,185,ARG,25.788,63,918,6-3 6-1,3,R16,71,3,0,54,41,27,6,8,3,5,0,2,43,30,13,3,8,0,6
2025-4462,Bucharest,Clay,28,A,20250331,21,202104,1,,Sebastian Baez,R,170,ARG,24.255,36,1385,207681,,,Francisco Comesana,R,178,ARG,24.482,64,890,7-6(5) 2-6 6-1,3,QF,138,2,0,90,63,40,16,13,7,10,3,4,101,58,37,20,14,3,7
2025-4462,Bucharest,Clay,28,A,20250331,22,106000,,,Damir Dzumhur,R,175,BIH,32.862,65,874,124079,2,,Pedro Martinez,R,185,ESP,27.929,47,1205,6-1 2-0,3,QF,54,0,1,40,26,17,8,4,5,5,0,2,32,22,10,2,5,2,6
2025-4462,Bucharest,Clay,28,A,20250331,23,207925,3,,Flavio Cobolli,R,183,ITA,22.902,45,1260,209209,,Q,Filip Misolic,R,180,AUT,23.644,232,235,7-6(5) 6-4,3,QF,113,4,3,75,37,25,23,11,2,5,3,3,88,58,36,13,11,10,14
2025-4462,Bucharest,Clay,28,A,20250331,24,105916,,,Marton Fucsovics,R,188,HUN,33.142,90,655,106331,,,Christopher O'Connell,R,183,AUS,30.825,87,735,6-0 6-4,3,QF,79,2,0,43,29,21,9,8,0,1,2,0,57,35,20,6,8,4,9
2025-4462,Bucharest,Clay,28,A,20250331,25,202104,1,,Sebastian Baez,R,170,ARG,24.255,36,1385,105916,,,Marton Fucsovics,R,188,HUN,33.142,90,655,6-2 6-2,3,SF,83,1,0,62,49,33,7,8,6,6,0,3,53,32,20,7,8,6,10
2025-4462,Bucharest,Clay,28,A,20250331,26,207925,3,,Flavio Cobolli,R,183,ITA,22.902,45,1260,106000,,,Damir Dzumhur,R,175,BIH,32.862,65,874,6-3 6-0,3,SF,63,3,2,47,28,22,12,8,0,0,1,1,50,33,16,7,7,8,12
2025-4462,Bucharest,Clay,28,A,20250331,27,207925,3,,Flavio Cobolli,R,183,ITA,22.902,45,1260,202104,1,,Sebastian Baez,R,170,ARG,24.255,36,1385,6-4 6-4,3,F,106,3,3,69,31,23,18,10,2,4,1,0,74,62,33,9,10,7,11
2025-410,Monte Carlo Masters,Clay,56,M,20250407,1,132686,,,Nuno Borges,R,185,POR,28.129,43,1280,208029,10,,Holger Rune,R,188,DEN,21.941,12,3270,6-2 3-0 RET,3,R64,42,6,0,37,27,22,4,6,2,2,0,2,30,16,11,3,5,1,4
2025-410,Monte Carlo Masters,Clay,56,M,20250407,2,209950,12,,Arthur Fils,R,185,FRA,20.819,15,2670,134868,,,Tallon Griekspoor,R,188,NED,28.764,35,1525,6-7(3) 6-4 6-2,3,R64,159,7,6,111,69,54,23,15,5,5,6,7,120,75,55,18,15,13,16
2025-410,Monte Carlo Masters,Clay,56,M,20250407,3,126207,14,,Frances Tiafoe,R,188,USA,27.211,17,2525,200175,,,Miomir Kecmanovic,R,183,SRB,25.602,47,1166,6-2 5-7 7-6(5),3,R64,151,7,3,109,62,41,26,16,5,8,6,4,112,62,41,26,16,7,11
2025-410,Monte Carlo Masters,Clay,56,M,20250407,4,105777,15,,Grigor Dimitrov,R,191,BUL,33.895,18,2495,111797,,,Nicolas Jarry,R,201,CHI,29.489,58,965,6-3 6-4,3,R64,106,1,4,75,39,28,17,10,7,9,4,3,63,41,22,12,9,8,12
2025-410,Monte Carlo Masters,Clay,56,M,20250407,5,105138,,,Roberto Bautista Agut,R,183,ESP,36.98,52,1049,206909,,,Brandon Nakashima,R,188,USA,23.677,31,1620,6-2 6-4,3,R64,86,3,2,58,42,31,8,9,3,4,1,0,53,35,19,7,9,4,8
2025-410,Monte Carlo Masters,Clay,56,M,20250407,6,207925,,,Flavio Cobolli,R,183,ITA,22.921,36,1500,105583,,Q,Dusan Lajovic,R,183,SRB,34.771,109,570,6-4 6-2,3,R64,73,2,3,54,28,19,14,9,1,3,3,1,57,42,20,7,9,5,10
2025-410,Monte Carlo Masters,Clay,56,M,20250407,7,144869,,,Tomas Martin Etcheverry,R,196,ARG,25.722,46,1185,144895,,Q,Corentin Moutet,L,180,FRA,25.969,75,809,4-6 6-1 6-4,3,R64,140,3,2,80,52,37,17,14,5,7,2,2,84,49,31,18,13,3,7
2025-410,Monte Carlo Masters,Clay,56,M,20250407,8,207830,,,Tomas Machac,R,183,CZE,24.482,21,2210,202104,,,Sebastian Baez,R,170,ARG,24.274,33,1540,3-6 6-3 6-2,3,R64,114,4,3,85,45,31,15,13,5,10,2,2,78,54,30,9,13,5,12
2025-410,Monte Carlo Masters,Clay,56,M,20250407,9,124079,,,Pedro Martinez,R,185,ESP,27.948,51,1090,132283,,,Lorenzo Sonego,R,191,ITA,29.908,41,1336,6-4 1-6 6-2,3,R64,133,0,1,66,51,36,7,12,1,3,7,4,87,53,41,12,13,8,11
2025-410,Monte Carlo Masters,Clay,56,M,20250407,10,200615,,,Alexei Popyrin,R,196,AUS,25.673,27,1760,200005,,,Ugo Humbert,L,188,FRA,26.782,20,2335,3-6 7-6(2) 6-4,3,R64,170,3,6,107,68,52,19,15,5,6,7,3,116,67,50,25,16,8,9
2025-410,Monte Carlo Masters,Clay,56,M,20250407,11,106421,9,,Daniil Medvedev,R,198,RUS,29.153,11,3290,111575,,,Karen Khachanov,R,198,RUS,28.879,25,1950,7-5 4-6 6-4,3,R64,172,4,5,96,48,35,16,16,8,16,1,2,119,85,44,13,16,11,20
2025-410,Monte Carlo Masters,Clay,56,M,20250407,12,200221,,,Alejandro Davidovich Fokina,R,180,ESP,25.84,42,1305,210097,11,,Ben Shelton,L,193,USA,22.494,14,2690,6-7(2) 6-2 6-1,3,R64,120,2,0,90,52,30,23,14,3,7,5,3,74,48,24,10,13,3,11
2025-410,Monte Carlo Masters,Clay,56,M,20250407,13,207518,13,,Lorenzo Musetti,R,185,ITA,23.097,16,2650,207352,,Q,Yunchaokete Bu,R,185,CHN,23.214,67,873,4-6 7-5 6-3,3,R64,159,1,1,90,69,49,11,16,0,2,4,3,101,56,39,22,15,3,6
2025-410,Monte Carlo Masters,Clay,56,M,20250407,14,127157,,Q,Daniel Altmaier,R,188,GER,26.568,84,763,200000,16,,Felix Auger-Aliassime,R,193,CAN,24.663,19,2415,7-6(5) 6-3,3,R64,119,6,0,79,50,37,11,11,6,9,4,3,70,50,33,7,10,5,9
2025-410,Monte Carlo Masters,Clay,56,M,20250407,15,126610,,,Matteo Berrettini,R,196,ITA,28.986,34,1530,208363,,Q,Mariano Navone,R,178,ARG,24.107,70,850,6-4 6-4,3,R64,106,2,4,69,44,29,9,10,4,7,0,2,66,43,24,9,10,6,11
2025-410,Monte Carlo Masters,Clay,56,M,20250407,16,202103,,,Francisco Cerundolo,R,185,ARG,26.65,22,2075,104926,,WC,Fabio Fognini,R,178,ITA,37.873,113,544,6-0 6-3,3,R64,62,4,0,37,27,22,8,7,2,2,0,6,59,31,16,12,8,3,8
2025-410,Monte Carlo Masters,Clay,56,M,20250407,17,106218,,,Marcos Giron,R,180,USA,31.704,45,1200,133430,,,Denis Shapovalov,L,185,CAN,25.979,29,1716,6-3 7-6(5),3,R64,108,1,0,95,54,33,25,11,5,6,6,4,60,31,23,16,10,0,2
2025-410,Monte Carlo Masters,Clay,56,M,20250407,18,208103,,,Jiri Lehecka,R,185,CZE,23.411,28,1745,200624,,,Sebastian Korda,R,196,USA,24.756,24,2010,6-3 7-6(7),3,R64,86,5,0,65,41,36,13,11,1,2,5,1,68,48,31,14,10,1,3
2025-410,Monte Carlo Masters,Clay,56,M,20250407,19,104792,,,Gael Monfils,R,193,FRA,38.598,44,1255,206681,,Q,Fabian Marozsan,R,193,HUN,25.498,81,775,4-6 6-1 6-1,3,R64,102,4,3,72,39,30,20,12,4,5,2,3,81,53,32,11,12,9,14
2025-410,Monte Carlo Masters,Clay,56,M,20250407,20,124186,,,Alexandre Muller,R,183,FRA,28.178,39,1344,200116,,Q,Camilo Ugo Carabelli,R,185,ARG,25.807,63,917,6-4 6-4,3,R64,92,2,2,63,42,31,14,10,3,3,0,2,63,40,28,11,10,2,4
2025-410,Monte Carlo Masters,Clay,56,M,20250407,21,126214,,,Alejandro Tabilo,L,188,CHI,27.847,32,1575,104527,,WC,Stan Wawrinka,R,183,SUI,40.027,163,355,1-6 7-5 7-5,3,R64,147,3,5,101,57,38,19,15,7,12,8,4,115,68,42,24,16,8,13
2025-410,Monte Carlo Masters,Clay,56,M,20250407,22,104755,,WC,Richard Gasquet,R,183,FRA,38.804,164,354,208286,,,Matteo Arnaldi,R,185,ITA,24.12,40,1340,6-3 4-6 6-4,3,R64,154,1,5,99,48,34,29,14,8,11,5,3,95,50,34,21,15,5,10
2025-410,Monte Carlo Masters,Clay,56,M,20250407,23,111442,,,Jordan Thompson,R,183,AUS,30.965,38,1365,208659,,,Giovanni Mpetshi Perricard,R,203,FRA,21.749,30,1644,6-4 6-3,3,R64,92,1,1,49,29,22,15,9,0,0,9,4,81,53,30,17,10,10,13
2025-410,Monte Carlo Masters,Clay,56,M,20250407,24,200473,,WC,Valentin Vacherot,R,193,MON,26.39,256,214,105526,,,Jan-Lennard Struff,R,193,GER,34.951,49,1120,6-2 6-1,3,R64,58,5,0,41,27,23,9,8,0,0,3,3,48,31,16,7,7,6,10
2025-410,Monte Carlo Masters,Clay,56,M,20250407,25,207989,2,,Carlos Alcaraz,R,183,ESP,21.925,3,6720,202103,,,Francisco Cerundolo,R,185,ARG,26.65,22,2075,3-6 6-0 6-1,3,R32,98,1,3,76,41,28,19,11,5,7,2,5,55,33,17,9,11,2,8
2025-410,Monte Carlo Masters,Clay,56,M,20250407,26,126214,,,Alejandro Tabilo,L,188,CHI,27.847,32,1575,104925,3,,Novak Djokovic,R,188,SRB,37.878,5,4510,6-3 6-4,3,R32,87,2,2,59,37,30,11,10,2,3,3,2,56,30,20,11,9,5,8
2025-410,Monte Carlo Masters,Clay,56,M,20250407,27,134770,4,,Casper Ruud,R,183,NOR,26.292,7,3765,105138,,,Roberto Bautista Agut,R,183,ESP,36.98,52,1049,6-2 6-1,3,R32,68,6,0,39,29,25,7,8,0,0,0,1,51,31,15,9,7,4,8
2025-410,Monte Carlo Masters,Clay,56,M,20250407,28,126094,7,,Andrey Rublev,R,188,RUS,27.463,9,3440,104792,,,Gael Monfils,R,193,FRA,38.598,44,1255,6-4 7-6(2),3,R32,103,5,1,66,36,26,19,11,3,5,10,6,77,41,33,12,11,5,8
2025-410,Monte Carlo Masters,Clay,56,M,20250407,29,200282,8,,Alex de Minaur,R,183,AUS,26.136,10,3335,207830,,,Tomas Machac,R,183,CZE,24.482,21,2210,3-6 6-0 6-3,3,R32,108,3,2,80,42,33,20,12,4,5,5,3,75,47,33,10,12,1,5
2025-410,Monte Carlo Masters,Clay,56,M,20250407,30,106421,9,,Daniil Medvedev,R,198,RUS,29.153,11,3290,124186,,,Alexandre Muller,R,183,FRA,28.178,39,1344,7-6(6) 5-7 6-2,3,R32,168,7,8,103,58,42,19,16,2,6,1,4,122,69,42,26,16,5,10
2025-410,Monte Carlo Masters,Clay,56,M,20250407,31,209950,12,,Arthur Fils,R,185,FRA,20.819,15,2670,207925,,,Flavio Cobolli,R,183,ITA,22.921,36,1500,6-2 6-4,3,R32,70,1,1,53,32,24,14,9,2,2,0,2,54,28,15,15,9,5,8
2025-410,Monte Carlo Masters,Clay,56,M,20250407,32,207518,13,,Lorenzo Musetti,R,185,ITA,23.097,16,2650,208103,,,Jiri Lehecka,R,185,CZE,23.411,28,1745,1-6 7-5 6-2,3,R32,139,3,0,76,53,32,16,14,2,6,4,8,105,60,40,17,13,14,18
2025-410,Monte Carlo Masters,Clay,56,M,20250407,33,200615,,,Alexei Popyrin,R,196,AUS,25.673,27,1760,126207,14,,Frances Tiafoe,R,188,USA,27.211,17,2525,3-6 6-3 6-3,3,R32,124,7,6,79,52,35,9,13,4,8,7,2,99,51,32,23,14,10,16
2025-410,Monte Carlo Masters,Clay,56,M,20250407,34,105777,15,,Grigor Dimitrov,R,191,BUL,33.895,18,2495,200473,,WC,Valentin Vacherot,R,193,MON,26.39,256,214,4-6 6-3 6-1,3,R32,111,4,3,79,45,31,16,13,7,11,0,1,75,56,30,5,13,3,10
2025-410,Monte Carlo Masters,Clay,56,M,20250407,35,127157,,Q,Daniel Altmaier,R,188,GER,26.568,84,763,104755,,WC,Richard Gasquet,R,183,FRA,38.804,164,354,7-5 5-7 6-2,3,R32,156,6,4,104,55,43,18,16,8,13,1,6,89,48,30,19,16,4,11
2025-410,Monte Carlo Masters,Clay,56,M,20250407,36,132686,,,Nuno Borges,R,185,POR,28.129,43,1280,124079,,,Pedro Martinez,R,185,ESP,27.948,51,1090,7-5 6-7(4) 6-4,3,R32,188,10,4,113,67,45,26,17,6,9,3,5,132,94,57,20,17,12,17
2025-410,Monte Carlo Masters,Clay,56,M,20250407,37,200221,,,Alejandro Davidovich Fokina,R,180,ESP,25.84,42,1305,144869,,,Tomas Martin Etcheverry,R,196,ARG,25.722,46,1185,7-6(2) 6-3,3,R32,113,4,2,70,41,31,17,10,7,8,6,2,82,44,28,17,11,6,9
2025-410,Monte Carlo Masters,Clay,56,M,20250407,38,126610,,,Matteo Berrettini,R,196,ITA,28.986,34,1530,100644,1,,Alexander Zverev,R,198,GER,27.964,2,7645,2-6 6-3 7-5,3,R32,148,4,0,87,56,39,17,15,2,5,6,6,85,60,38,16,14,4,7
2025-410,Monte Carlo Masters,Clay,56,M,20250407,39,207733,5,,Jack Draper,L,193,GBR,23.291,6,3780,106218,,,Marcos Giron,R,180,USA,31.704,45,1200,6-1 6-1,3,R32,61,5,2,43,27,22,9,7,4,4,0,0,46,21,14,6,7,5,10
2025-410,Monte Carlo Masters,Clay,56,M,20250407,40,126774,6,,Stefanos Tsitsipas,R,193,GRE,26.653,8,3445,111442,,,Jordan Thompson,R,183,AUS,30.965,38,1365,4-6 6-4 6-2,3,R32,121,6,2,82,40,32,25,14,5,7,5,1,78,48,34,15,14,5,9
2025-410,Monte Carlo Masters,Clay,56,M,20250407,41,207989,2,,Carlos Alcaraz,R,183,ESP,21.925,3,6720,127157,,Q,Daniel Altmaier,R,188,GER,26.568,84,763,6-3 6-1,3,R16,86,0,2,59,35,21,15,8,9,10,0,2,52,24,12,13,8,2,7
2025-410,Monte Carlo Masters,Clay,56,M,20250407,42,200615,,,Alexei Popyrin,R,196,AUS,25.673,27,1760,134770,4,,Casper Ruud,R,183,NOR,26.292,7,3765,6-4 3-6 7-5,3,R16,177,4,5,117,73,54,19,15,12,14,2,2,123,85,58,18,16,12,15
2025-410,Monte Carlo Masters,Clay,56,M,20250407,43,200221,,,Alejandro Davidovich Fokina,R,180,ESP,25.84,42,1305,207733,5,,Jack Draper,L,193,GBR,23.291,6,3780,6-3 6-7(6) 6-4,3,R16,166,1,0,118,74,44,26,16,12,16,5,10,98,47,30,25,15,7,13
2025-410,Monte Carlo Masters,Clay,56,M,20250407,44,126774,6,,Stefanos Tsitsipas,R,193,GRE,26.653,8,3445,132686,,,Nuno Borges,R,185,POR,28.129,43,1280,6-1 6-1,3,R16,67,3,2,56,32,23,11,7,5,6,0,2,46,29,12,6,7,1,7
2025-410,Monte Carlo Masters,Clay,56,M,20250407,45,209950,12,,Arthur Fils,R,185,FRA,20.819,15,2670,126094,7,,Andrey Rublev,R,188,RUS,27.463,9,3440,6-2 6-3,3,R16,61,4,2,42,26,21,9,8,0,1,2,3,53,32,19,6,9,4,9
2025-410,Monte Carlo Masters,Clay,56,M,20250407,46,200282,8,,Alex de Minaur,R,183,AUS,26.136,10,3335,106421,9,,Daniil Medvedev,R,198,RUS,29.153,11,3290,6-2 6-2,3,R16,72,3,3,46,24,14,12,8,1,4,3,3,52,29,13,6,8,5,12
2025-410,Monte Carlo Masters,Clay,56,M,20250407,47,207518,13,,Lorenzo Musetti,R,185,ITA,23.097,16,2650,126610,,,Matteo Berrettini,R,196,ITA,28.986,34,1530,6-3 6-3,3,R16,94,0,1,50,37,27,10,9,0,0,3,2,68,46,31,7,9,7,10
2025-410,Monte Carlo Masters,Clay,56,M,20250407,48,105777,15,,Grigor Dimitrov,R,191,BUL,33.895,18,2495,126214,,,Alejandro Tabilo,L,188,CHI,27.847,32,1575,6-3 3-6 6-2,3,R16,116,7,1,68,47,36,11,13,2,5,0,5,106,68,37,18,13,11,16
2025-410,Monte Carlo Masters,Clay,56,M,20250407,49,207989,2,,Carlos Alcaraz,R,183,ESP,21.925,3,6720,209950,12,,Arthur Fils,R,185,FRA,20.819,15,2670,4-6 7-5 6-3,3,QF,143,3,7,101,62,43,19,16,7,11,0,5,103,62,45,13,15,9,14
2025-410,Monte Carlo Masters,Clay,56,M,20250407,50,207518,13,,Lorenzo Musetti,R,185,ITA,23.097,16,2650,126774,6,,Stefanos Tsitsipas,R,193,GRE,26.653,8,3445,1-6 6-3 6-4,3,QF,141,1,1,102,75,47,15,13,14,17,1,7,85,42,28,23,13,3,6
2025-410,Monte Carlo Masters,Clay,56,M,20250407,51,200282,8,,Alex de Minaur,R,183,AUS,26.136,10,3335,105777,15,,Grigor Dimitrov,R,191,BUL,33.895,18,2495,6-0 6-0,3,QF,44,0,0,31,16,12,12,6,0,0,0,1,32,19,6,2,6,2,8
2025-410,Monte Carlo Masters,Clay,56,M,20250407,52,200221,,,Alejandro Davidovich Fokina,R,180,ESP,25.84,42,1305,200615,,,Alexei Popyrin,R,196,AUS,25.673,27,1760,6-3 6-2,3,QF,69,1,0,47,32,26,11,9,0,0,9,4,57,38,24,8,8,6,9
2025-410,Monte Carlo Masters,Clay,56,M,20250407,53,207989,2,,Carlos Alcaraz,R,183,ESP,21.925,3,6720,200221,,,Alejandro Davidovich Fokina,R,180,ESP,25.84,42,1305,7-6(2) 6-4,3,SF,129,0,1,73,48,31,16,11,5,7,3,3,109,74,47,12,11,16,19
2025-410,Monte Carlo Masters,Clay,56,M,20250407,54,207518,13,,Lorenzo Musetti,R,185,ITA,23.097,16,2650,200282,8,,Alex de Minaur,R,183,AUS,26.136,10,3335,1-6 6-4 7-6(4),3,SF,158,2,1,93,62,37,12,15,5,12,1,3,94,49,36,18,14,4,9
2025-410,Monte Carlo Masters,Clay,56,M,20250407,55,207989,2,,Carlos Alcaraz,R,183,ESP,21.925,3,6720,207518,13,,Lorenzo Musetti,R,185,ITA,23.097,16,2650,3-6 6-1 6-0,3,F,107,3,3,78,56,39,11,11,7,9,3,1,68,43,21,13,11,2,8
2025-425,Barcelona,Clay,32,A,20250414,1,207989,1,,Carlos Alcaraz,R,183,ESP,21.944,2,7720,210319,,Q,Ethan Quinn,R,191,USA,21.09,126,475,6-2 7-6(6),3,R32,106,0,0,66,46,30,9,10,5,8,2,3,83,51,27,11,10,7,12
2025-425,Barcelona,Clay,32,A,20250414,2,134770,2,,Casper Ruud,R,183,NOR,26.311,10,3215,123755,,Q,Daniel Elahi Galan,R,191,COL,28.821,117,521,6-4 6-3,3,R32,93,3,4,52,27,21,19,10,0,0,2,3,62,40,28,10,9,5,7
2025-425,Barcelona,Clay,32,A,20250414,3,126774,3,,Stefanos Tsitsipas,R,193,GRE,26.672,16,2645,124187,,PR,Reilly Opelka,R,211,USA,27.628,105,579,6-2 6-2,3,R32,70,2,1,48,24,18,18,8,3,3,4,3,54,33,19,7,8,5,9
2025-425,Barcelona,Clay,32,A,20250414,4,200282,5,,Alex de Minaur,R,183,AUS,26.155,7,3535,144869,,,Tomas Martin Etcheverry,R,196,ARG,25.741,46,1185,6-4 6-4,3,R32,85,4,1,52,40,33,7,10,0,0,0,0,50,26,21,15,10,0,2
2025-425,Barcelona,Clay,32,A,20250414,5,209950,7,,Arthur Fils,R,185,FRA,20.838,14,2820,105807,,WC,Pablo Carreno Busta,R,188,ESP,33.758,99,607,7-6(6) 6-3,3,R32,93,4,1,71,52,38,13,11,3,4,2,2,64,40,27,12,10,2,4
2025-425,Barcelona,Clay,32,A,20250414,6,144719,,,Jaume Munar,R,183,ESP,27.943,57,977,126207,9,,Frances Tiafoe,R,188,USA,27.231,18,2550,2-6 7-5 6-1,3,R32,161,3,4,93,53,35,20,13,6,9,0,2,94,52,33,17,14,9,14
2025-425,Barcelona,Clay,32,A,20250414,7,202104,,,Sebastian Baez,R,170,ARG,24.293,35,1540,106000,,LL,Damir Dzumhur,R,175,BIH,32.901,65,899,6-1 7-5,3,R32,86,1,0,61,51,31,5,10,4,6,0,1,69,46,19,14,9,4,9
2025-425,Barcelona,Clay,32,A,20250414,8,200221,,,Alejandro Davidovich Fokina,R,180,ESP,25.859,30,1680,104527,,WC,Stan Wawrinka,R,183,SUI,40.047,162,355,6-1 6-4,3,R32,71,3,4,48,28,22,10,8,4,5,0,4,57,23,15,13,9,2,7
2025-425,Barcelona,Clay,32,A,20250414,9,111513,,Q,Laslo Djere,R,188,SRB,29.867,80,797,126239,,LL,Arthur Rinderknech,R,196,FRA,29.728,75,815,6-7(2) 6-1 6-2,3,R32,127,6,3,77,52,39,17,14,2,3,5,5,88,52,36,15,13,2,7
2025-425,Barcelona,Clay,32,A,20250414,10,111575,,,Karen Khachanov,R,198,RUS,28.898,27,1760,111815,,Q,Cameron Norrie,L,188,GBR,29.643,88,742,6-7(3) 6-4 6-3,3,R32,138,6,2,87,50,40,21,16,2,5,7,1,105,71,48,11,15,7,12
2025-425,Barcelona,Clay,32,A,20250414,11,126094,4,,Andrey Rublev,R,188,RUS,27.483,8,3490,207411,,Q,Jesper de Jong,R,180,NED,24.871,94,622,6-1 6-3,3,R32,64,3,1,42,22,17,12,8,1,2,2,3,48,29,14,8,8,1,6
2025-425,Barcelona,Clay,32,A,20250414,12,208029,6,,Holger Rune,R,188,DEN,21.96,13,3080,R772,,WC,Albert Ramos-Vinolas,L,188,ESP,37.24,234,242,7-5 6-4,3,R32,,,,,,,,,,,,,,,,,,,
2025-425,Barcelona,Clay,32,A,20250414,13,207985,,LL,Jacob Fearnley,R,183,GBR,23.748,74,820,106148,,,Roberto Carballes Baena,R,183,ESP,32.06,55,1001,6-1 7-5,3,R32,113,4,1,69,40,26,15,9,7,9,2,2,71,38,19,14,10,10,16
2025-425,Barcelona,Clay,32,A,20250414,14,200624,,,Sebastian Korda,R,196,USA,24.775,24,1970,208286,,,Matteo Arnaldi,R,185,ITA,24.14,42,1340,3-6 6-3 6-2,3,R32,116,5,2,75,52,36,15,13,4,6,0,0,74,46,29,16,13,2,6
2025-425,Barcelona,Clay,32,A,20250414,15,124079,,,Pedro Martinez,R,185,ESP,27.967,49,1130,206909,,,Brandon Nakashima,R,188,USA,23.696,32,1620,7-5 5-7 6-4,3,R32,198,2,2,117,79,53,19,17,2,4,11,1,114,72,48,22,17,3,6
2025-425,Barcelona,Clay,32,A,20250414,16,209098,,Q,Hamad Medjedovic,R,188,SRB,21.741,72,843,208659,,,Giovanni Mpetshi Perricard,R,203,FRA,21.769,34,1579,7-5 7-6(6),3,R32,106,5,0,67,47,38,16,12,2,2,8,6,91,65,47,12,12,4,5
2025-425,Barcelona,Clay,32,A,20250414,17,207989,1,,Carlos Alcaraz,R,183,ESP,21.944,2,7720,111513,,Q,Laslo Djere,R,188,SRB,29.867,80,797,6-2 6-4,3,R16,71,4,0,49,35,27,8,9,2,3,2,3,50,31,18,7,9,2,6
2025-425,Barcelona,Clay,32,A,20250414,18,200221,,,Alejandro Davidovich Fokina,R,180,ESP,25.859,30,1680,126094,4,,Andrey Rublev,R,188,RUS,27.483,8,3490,7-5 6-4,3,R16,114,1,4,86,63,38,11,11,8,11,0,2,73,44,28,11,11,5,10
2025-425,Barcelona,Clay,32,A,20250414,19,200282,5,,Alex de Minaur,R,183,AUS,26.155,7,3535,207985,,LL,Jacob Fearnley,R,183,GBR,23.748,74,820,6-1 6-2,3,R16,62,2,2,45,23,20,13,8,2,2,0,4,42,17,10,11,7,3,7
2025-425,Barcelona,Clay,32,A,20250414,20,111575,,,Karen Khachanov,R,198,RUS,28.898,27,1760,144719,,,Jaume Munar,R,183,ESP,27.943,57,977,7-5 6-4,3,R16,128,1,2,71,40,29,15,11,4,6,1,3,84,50,32,15,11,11,15
2025-425,Barcelona,Clay,32,A,20250414,21,134770,2,,Casper Ruud,R,183,NOR,26.311,10,3215,209098,,Q,Hamad Medjedovic,R,188,SRB,21.741,72,843,7-5 7-5,3,R16,128,3,5,93,55,34,21,12,9,11,4,1,89,59,37,13,12,6,10
2025-425,Barcelona,Clay,32,A,20250414,22,126774,3,,Stefanos Tsitsipas,R,193,GRE,26.672,16,2645,200624,,,Sebastian Korda,R,196,USA,24.775,24,1970,7-6(4) 6-4,3,R16,97,1,3,67,38,28,22,11,0,0,5,2,77,44,33,20,11,6,7
2025-425,Barcelona,Clay,32,A,20250414,23,208029,6,,Holger Rune,R,188,DEN,21.96,13,3080,202104,,,Sebastian Baez,R,170,ARG,24.293,35,1540,4-6 6-1 6-2,3,R16,108,1,2,80,53,33,14,13,7,10,1,1,73,55,32,7,12,5,11
2025-425,Barcelona,Clay,32,A,20250414,24,209950,7,,Arthur Fils,R,185,FRA,20.838,14,2820,124079,,,Pedro Martinez,R,185,ESP,27.967,49,1130,6-3 6-2,3,R16,68,5,0,51,25,20,18,9,1,1,2,3,48,36,21,7,8,2,5
2025-425,Barcelona,Clay,32,A,20250414,25,207989,1,,Carlos Alcaraz,R,183,ESP,21.944,2,7720,200282,5,,Alex de Minaur,R,183,AUS,26.155,7,3535,7-5 6-3,3,QF,99,0,2,62,43,31,9,11,1,3,1,6,77,40,23,19,10,4,8
2025-425,Barcelona,Clay,32,A,20250414,26,208029,6,,Holger Rune,R,188,DEN,21.96,13,3080,134770,2,,Casper Ruud,R,183,NOR,26.311,10,3215,6-4 6-2,3,QF,87,0,2,55,29,23,13,9,3,4,2,3,58,30,18,13,9,3,7
2025-425,Barcelona,Clay,32,A,20250414,27,209950,7,,Arthur Fils,R,185,FRA,20.838,14,2820,126774,3,,Stefanos Tsitsipas,R,193,GRE,26.672,16,2645,2-0 RET,3,QF,17,0,0,6,4,3,1,1,0,0,0,1,10,5,2,1,1,1,2
2025-425,Barcelona,Clay,32,A,20250414,28,111575,,,Karen Khachanov,R,198,RUS,28.898,27,1760,200221,,,Alejandro Davidovich Fokina,R,180,ESP,25.859,30,1680,6-4 7-5,3,QF,105,6,1,71,45,30,12,11,7,10,4,1,68,40,25,14,11,7,12
2025-425,Barcelona,Clay,32,A,20250414,29,207989,1,,Carlos Alcaraz,R,183,ESP,21.944,2,7720,209950,7,,Arthur Fils,R,185,FRA,20.838,14,2820,6-2 6-4,3,SF,75,2,2,53,39,30,9,9,1,1,3,4,56,36,21,10,9,2,5
2025-425,Barcelona,Clay,32,A,20250414,30,208029,6,,Holger Rune,R,188,DEN,21.96,13,3080,111575,,,Karen Khachanov,R,198,RUS,28.898,27,1760,6-3 6-2,3,SF,67,2,1,43,30,22,11,8,0,0,0,2,47,28,13,11,9,2,6
2025-425,Barcelona,Clay,32,A,20250414,31,208029,6,,Holger Rune,R,188,DEN,21.96,13,3080,207989,1,,Carlos Alcaraz,R,183,ESP,21.944,2,7720,7-6(6) 6-2,3,F,100,0,1,72,52,36,11,10,4,5,1,0,57,40,26,9,10,2,5
2025-308,Munich,Clay,32,A,20250414,1,208363,,,Mariano Navone,R,178,ARG,24.126,70,865,200000,3,,Felix Auger-Aliassime,R,193,CAN,24.682,19,2415,2-6 6-4 7-6(3),3,R32,182,0,3,121,79,43,26,15,14,19,2,5,104,69,45,18,15,6,10
2025-308,Munich,Clay,32,A,20250414,2,200005,4,,Ugo Humbert,L,188,FRA,26.801,21,2145,111797,,,Nicolas Jarry,R,201,CHI,29.509,58,965,4-6 6-3 6-2,3,R32,140,4,2,74,45,37,15,14,0,2,13,6,104,61,41,20,13,12,16
2025-308,Munich,Clay,32,A,20250414,3,202103,5,,Francisco Cerundolo,R,185,ARG,26.669,22,2075,105526,,,Jan-Lennard Struff,R,193,GER,34.971,51,1030,6-0 6-2,3,R32,54,3,4,38,18,17,12,7,1,1,0,0,43,22,12,7,7,1,6
2025-308,Munich,Clay,32,A,20250414,4,105870,,WC,Yannick Hanfmann,R,193,GER,33.418,131,453,210150,6,,Jakub Mensik,R,196,CZE,19.617,23,2032,7-6(4) 4-6 6-3,3,R32,152,8,0,109,73,50,21,16,4,6,13,4,94,48,36,25,15,4,6
2025-308,Munich,Clay,32,A,20250414,5,D0LJ,,LL,Diego Dedura-Palomero,L,180,GER,17.09,549,67,133430,8,,Denis Shapovalov,L,185,CAN,25.999,29,1726,7-6(2) 3-0 RET,3,R32,63,0,0,53,39,30,10,8,2,2,5,3,41,27,22,5,7,2,3
2025-308,Munich,Clay,32,A,20250414,6,200267,,,Zizou Bergs,R,185,BEL,25.864,50,1071,122330,,Q,Alexander Bublik,R,196,KAZ,27.825,78,805,6-7(5) 6-4 7-5,3,R32,142,6,6,103,69,51,18,17,1,3,12,9,114,76,52,20,17,8,12
2025-308,Munich,Clay,32,A,20250414,7,209260,,,Luciano Darderi,R,183,ITA,23.162,47,1154,106331,,LL,Christopher O'Connell,R,183,AUS,30.864,87,745,7-6(3) 7-6(3),3,R32,116,12,2,82,55,42,19,12,3,3,8,1,87,55,40,19,12,2,2
2025-308,Munich,Clay,32,A,20250414,8,206681,,,Fabian Marozsan,R,193,HUN,25.517,77,805,211514,,WC,Justin Engel,R,185,GER,17.536,347,146,6-4 6-1,3,R32,68,5,0,51,34,29,9,9,1,1,6,5,54,34,24,7,8,2,5
2025-308,Munich,Clay,32,A,20250414,9,207686,,LL,Alexander Shevchenko,R,188,KAZ,24.372,104,585,207925,,,Flavio Cobolli,R,183,ITA,22.94,36,1520,6-7(2) 6-3 6-4,3,R32,157,5,9,138,89,53,22,16,17,21,2,4,106,48,27,31,15,6,12
2025-308,Munich,Clay,32,A,20250414,10,122298,,LL,Botic van de Zandschulp,R,191,NED,29.528,89,705,105138,,,Roberto Bautista Agut,R,183,ESP,36.999,53,1019,6-4 3-6 6-4,3,R32,152,11,4,83,60,46,10,15,1,3,0,1,97,64,42,19,14,9,11
2025-308,Munich,Clay,32,A,20250414,11,100644,1,,Alexander Zverev,R,198,GER,27.984,3,7595,124186,,,Alexandre Muller,R,183,FRA,28.197,40,1378,6-4 6-1,3,R32,80,4,2,42,20,15,13,8,0,1,1,1,72,52,28,6,9,6,11
2025-308,Munich,Clay,32,A,20250414,12,210097,2,,Ben Shelton,L,193,USA,22.513,15,2700,127339,,Q,Borna Gojo,R,196,CRO,27.127,410,116,4-6 7-6(6) 7-6(3),3,R32,144,9,5,114,62,48,36,17,9,10,14,1,97,68,57,20,17,3,3
2025-308,Munich,Clay,32,A,20250414,13,127157,,WC,Daniel Altmaier,R,188,GER,26.587,68,867,202358,,Q,Chun-Hsin Tseng,R,175,TPE,23.682,103,587,7-6(5) 7-6(5),3,R32,135,8,0,89,50,42,14,12,8,11,1,1,78,49,33,15,12,0,3
2025-308,Munich,Clay,32,A,20250414,14,105676,,,David Goffin,R,180,BEL,34.352,52,1021,126129,,LL,Billy Harris,R,193,GBR,30.218,106,576,6-2 6-7(2) 6-4,3,R32,149,6,3,99,49,39,26,15,6,8,1,3,102,56,38,21,15,10,15
2025-308,Munich,Clay,32,A,20250414,15,134868,,,Tallon Griekspoor,R,188,NED,28.783,37,1485,210530,,Q,Learner Tien,L,180,USA,19.365,69,865,6-4 6-2,3,R32,71,7,1,52,37,29,9,9,4,4,0,3,63,39,24,13,9,4,7
2025-308,Munich,Clay,32,A,20250414,16,200175,,,Miomir Kecmanovic,R,183,SRB,25.621,48,1141,106218,,,Marcos Giron,R,180,USA,31.723,45,1240,6-2 6-7(2) 7-6(9),3,R32,174,4,2,121,78,55,26,16,4,5,8,3,126,75,54,26,16,10,13
2025-308,Munich,Clay,32,A,20250414,17,206681,,,Fabian Marozsan,R,193,HUN,25.517,77,805,200005,4,,Ugo Humbert,L,188,FRA,26.801,21,2145,6-4 6-4,3,R16,83,2,1,59,35,25,16,10,3,4,5,2,59,35,25,11,10,4,7
2025-308,Munich,Clay,32,A,20250414,18,202103,5,,Francisco Cerundolo,R,185,ARG,26.669,22,2075,207686,,LL,Alexander Shevchenko,R,188,KAZ,24.372,104,585,6-3 6-2,3,R16,82,5,3,63,32,26,14,9,9,11,1,2,54,33,13,10,8,3,8
2025-308,Munich,Clay,32,A,20250414,19,200267,,,Zizou Bergs,R,185,BEL,25.864,50,1071,D0LJ,,LL,Diego Dedura-Palomero,L,180,GER,17.09,549,67,6-1 6-1,3,R16,69,2,4,56,29,22,16,7,2,2,1,0,45,27,12,8,7,3,8
2025-308,Munich,Clay,32,A,20250414,20,105676,,,David Goffin,R,180,BEL,34.352,52,1021,208363,,,Mariano Navone,R,178,ARG,24.126,70,865,0-6 7-5 6-1,3,R16,134,2,4,85,45,29,21,12,8,12,0,2,81,51,29,17,13,3,8
2025-308,Munich,Clay,32,A,20250414,21,100644,1,,Alexander Zverev,R,198,GER,27.984,3,7595,127157,,WC,Daniel Altmaier,R,188,GER,26.587,68,867,6-3 6-2,3,R16,79,0,0,56,39,31,6,9,1,2,2,0,51,31,19,7,8,2,6
2025-308,Munich,Clay,32,A,20250414,22,210097,2,,Ben Shelton,L,193,USA,22.513,15,2700,122298,,LL,Botic van de Zandschulp,R,191,NED,29.528,89,705,7-6(1) 6-3,3,R16,89,3,2,59,40,33,11,10,0,1,4,5,68,40,27,14,11,0,3
2025-308,Munich,Clay,32,A,20250414,23,209260,,,Luciano Darderi,R,183,ITA,23.162,47,1154,200175,,,Miomir Kecmanovic,R,183,SRB,25.621,48,1141,2-6 7-6(4) 6-4,3,R16,149,6,2,98,53,41,22,15,5,9,5,1,107,65,46,21,15,7,10
2025-308,Munich,Clay,32,A,20250414,24,134868,,,Tallon Griekspoor,R,188,NED,28.783,37,1485,105870,,WC,Yannick Hanfmann,R,193,GER,33.418,131,453,7-6(3) 6-3,3,R16,90,12,1,65,45,33,15,11,2,3,2,0,61,43,31,9,10,1,3
2025-308,Munich,Clay,32,A,20250414,25,100644,1,,Alexander Zverev,R,198,GER,27.984,3,7595,134868,,,Tallon Griekspoor,R,188,NED,28.783,37,1485,6-7(6) 7-6(3) 6-4,3,QF,194,5,3,116,79,58,22,17,5,6,2,3,121,74,52,25,17,5,7
2025-308,Munich,Clay,32,A,20250414,26,210097,2,,Ben Shelton,L,193,USA,22.513,15,2700,209260,,,Luciano Darderi,R,183,ITA,23.162,47,1154,6-4 6-3,3,QF,73,7,2,55,31,24,14,10,0,1,1,4,55,37,23,9,9,3,6
2025-308,Munich,Clay,32,A,20250414,27,202103,5,,Francisco Cerundolo,R,185,ARG,26.669,22,2075,105676,,,David Goffin,R,180,BEL,34.352,52,1021,6-2 6-4,3,QF,75,2,3,54,28,22,13,9,3,5,1,2,55,39,19,6,9,5,10
2025-308,Munich,Clay,32,A,20250414,28,206681,,,Fabian Marozsan,R,193,HUN,25.517,77,805,200267,,,Zizou Bergs,R,185,BEL,25.864,50,1071,6-3 7-6(4),3,QF,99,3,2,80,56,38,15,11,1,2,4,2,72,49,32,11,10,2,4
2025-308,Munich,Clay,32,A,20250414,29,100644,1,,Alexander Zverev,R,198,GER,27.984,3,7595,206681,,,Fabian Marozsan,R,193,HUN,25.517,77,805,7-6(3) 6-3,3,SF,91,9,2,69,47,35,13,11,0,1,1,3,62,34,23,17,10,1,3
2025-308,Munich,Clay,32,A,20250414,30,210097,2,,Ben Shelton,L,193,USA,22.513,15,2700,202103,5,,Francisco Cerundolo,R,185,ARG,26.669,22,2075,2-6 7-6(7) 6-4,3,SF,127,6,6,94,53,36,23,15,1,5,1,4,90,58,37,21,15,2,5
2025-308,Munich,Clay,32,A,20250414,31,100644,1,,Alexander Zverev,R,198,GER,27.984,3,7595,210097,2,,Ben Shelton,L,193,USA,22.513,15,2700,6-2 6-4,3,F,71,4,5,48,37,33,4,9,0,0,3,3,50,32,23,7,9,1,4
2025-1536,Madrid Masters,Clay,96,M,20250421,1,208286,,,Matteo Arnaldi,R,185,ITA,24.159,44,1240,106432,,Q,Borna Coric,R,188,CRO,28.433,104,576,4-6 6-4 7-5,3,R128,167,13,4,97,49,36,27,16,6,8,5,3,106,74,54,12,16,3,6
2025-1536,Madrid Masters,Clay,96,M,20250421,2,209260,,,Luciano Darderi,R,183,ITA,23.181,46,1229,111460,,,Quentin Halys,R,191,FRA,28.485,52,1005,6-4 6-4,3,R128,73,5,0,48,29,23,15,10,2,3,6,3,59,28,20,17,10,4,7
2025-1536,Madrid Masters,Clay,96,M,20250421,3,209113,,LL,Gabriel Diallo,R,203,CAN,23.573,78,791,200267,,,Zizou Bergs,R,185,BEL,25.884,50,1096,6-1 6-2,3,R128,57,4,0,37,21,18,14,8,0,0,3,0,38,25,14,5,7,0,4
2025-1536,Madrid Masters,Clay,96,M,20250421,4,106000,,,Damir Dzumhur,R,175,BIH,32.92,63,906,208233,,,Mattia Bellucci,L,175,ITA,23.888,66,893,4-6 6-4 6-2,3,R128,154,0,2,92,67,42,16,14,9,11,4,2,95,59,37,17,14,7,11
2025-1536,Madrid Masters,Clay,96,M,20250421,5,144869,,,Tomas Martin Etcheverry,R,196,ARG,25.76,51,1010,209098,,,Hamad Medjedovic,R,188,SRB,21.76,61,911,6-4 6-7(4) 6-4,3,R128,196,10,1,135,92,63,20,16,20,22,8,0,109,62,39,28,16,8,12
2025-1536,Madrid Masters,Clay,96,M,20250421,6,207985,,Q,Jacob Fearnley,R,183,GBR,23.767,68,883,207352,,,Yunchaokete Bu,R,185,CHN,23.253,72,869,6-3 7-6(2),3,R128,105,6,3,60,35,29,15,10,2,3,4,1,75,46,30,13,11,4,7
2025-1536,Madrid Masters,Clay,96,M,20250421,7,211663,,,Joao Fonseca,R,188,BRA,18.667,65,897,209284,,Q,Elmer Moller,R,183,DEN,21.785,114,522,6-2 6-3,3,R128,73,5,1,53,37,27,8,8,0,0,0,2,63,41,23,10,9,9,13
2025-1536,Madrid Masters,Clay,96,M,20250421,8,106218,,,Marcos Giron,R,180,USA,31.743,45,1240,210530,,,Learner Tien,L,180,USA,19.384,69,880,6-1 1-6 7-6(4),3,R128,127,6,4,104,61,43,20,13,5,8,5,3,96,47,33,27,13,4,7
2025-1536,Madrid Masters,Clay,96,M,20250421,9,134868,,,Tallon Griekspoor,R,188,NED,28.802,34,1575,200240,,Q,Vit Kopriva,R,178,CZE,27.849,95,619,6-1 6-4,3,R128,72,5,3,48,35,32,5,9,0,0,3,2,56,31,20,11,8,6,9
2025-1536,Madrid Masters,Clay,96,M,20250421,10,111797,,,Nicolas Jarry,R,201,CHI,29.528,57,965,127157,,Q,Daniel Altmaier,R,188,GER,26.606,67,892,6-3 6-2,3,R128,76,4,0,47,22,21,15,9,0,0,5,0,52,37,23,6,8,4,7
2025-1536,Madrid Masters,Clay,96,M,20250421,11,124186,,,Alexandre Muller,R,183,FRA,28.216,39,1366,105676,,,David Goffin,R,180,BEL,34.371,49,1121,6-3 3-6 1-0 RET,3,R128,99,2,3,73,49,28,11,10,2,6,1,3,50,26,17,9,9,3,7
2025-1536,Madrid Masters,Clay,96,M,20250421,12,105453,,,Kei Nishikori,R,178,JPN,35.31,64,898,126846,,,Aleksandar Vukic,R,188,AUS,29.04,83,758,6-4 3-6 6-3,3,R128,119,4,3,81,50,37,18,14,2,4,10,2,101,66,46,16,14,8,11
2025-1536,Madrid Masters,Clay,96,M,20250421,13,111815,,,Cameron Norrie,L,188,GBR,29.662,91,667,212021,,WC,Martin Landaluce,R,193,ESP,19.283,148,388,6-7(4) 7-5 6-4,3,R128,161,7,4,114,79,52,19,17,7,10,12,15,109,73,50,14,17,5,10
2025-1536,Madrid Masters,Clay,96,M,20250421,14,124187,,PR,Reilly Opelka,R,211,USA,27.647,103,579,208014,,LL,Rinky Hijikata,R,178,AUS,24.156,84,754,7-5 7-5,3,R128,125,8,2,80,49,39,17,12,1,1,2,2,88,53,35,18,12,9,11
2025-1536,Madrid Masters,Clay,96,M,20250421,15,132283,,,Lorenzo Sonego,R,191,ITA,29.947,43,1245,200175,,,Miomir Kecmanovic,R,183,SRB,25.64,47,1166,6-4 7-6(5),3,R128,123,1,4,88,58,43,15,11,6,6,1,1,78,49,35,16,11,8,9
2025-1536,Madrid Masters,Clay,96,M,20250421,16,105526,,,Jan-Lennard Struff,R,193,GER,34.99,79,790,122298,,LL,Botic van de Zandschulp,R,191,NED,29.547,88,743,7-5 2-6 4-1 RET,3,R128,102,5,0,66,37,26,17,12,3,6,9,5,77,42,33,12,13,4,8
2025-1536,Madrid Masters,Clay,96,M,20250421,17,105138,,,Roberto Bautista Agut,R,183,ESP,37.018,55,979,144719,,,Jaume Munar,R,183,ESP,27.962,53,1002,6-4 2-6 6-3,3,R128,137,2,0,85,55,35,13,14,7,12,6,1,73,48,33,8,13,1,6
2025-1536,Madrid Masters,Clay,96,M,20250421,18,126127,,,Benjamin Bonzi,R,183,FRA,28.865,62,908,105227,,WC,Marin Cilic,R,198,CRO,36.561,109,563,6-3 6-2,3,R128,93,6,1,66,45,30,16,9,5,5,3,3,55,23,16,15,8,2,5
2025-1536,Madrid Masters,Clay,96,M,20250421,19,132686,,,Nuno Borges,R,185,POR,28.167,41,1355,105807,,WC,Pablo Carreno Busta,R,188,ESP,33.777,96,607,6-7(7) 7-6(3) 6-3,3,R128,152,10,2,106,63,50,28,17,2,2,3,2,99,56,43,28,16,3,4
2025-1536,Madrid Masters,Clay,96,M,20250421,20,122330,,,Alexander Bublik,R,196,KAZ,27.844,75,820,210506,,,Alex Michelsen,R,193,USA,20.654,38,1445,7-6(2) 7-6(4),3,R128,105,11,3,93,61,44,19,12,8,9,1,0,86,61,46,10,12,7,8
2025-1536,Madrid Masters,Clay,96,M,20250421,21,207678,,Q,Juan Manuel Cerundolo,L,183,ARG,23.431,126,469,206499,,,Aleksandar Kovacevic,R,183,USA,26.645,77,805,3-6 7-5 6-2,3,R128,146,9,6,105,68,50,18,14,9,10,3,4,88,48,36,21,15,5,8
2025-1536,Madrid Masters,Clay,96,M,20250421,22,C0NB,,WC,Federico Cina,R,185,ITA,18.062,373,130,209409,,WC,Coleman Wong,R,191,HKG,20.873,169,322,7-6(5) 6-1,3,R128,78,1,0,63,42,32,15,10,2,2,2,0,58,41,28,10,9,2,4
2025-1536,Madrid Masters,Clay,96,M,20250421,23,207925,,,Flavio Cobolli,R,183,ITA,22.96,36,1520,206681,,,Fabian Marozsan,R,193,HUN,25.536,58,955,7-6(4) 7-5,3,R128,115,3,3,84,47,31,20,12,5,7,3,6,95,56,39,14,12,7,10
2025-1536,Madrid Masters,Clay,96,M,20250421,24,207681,,,Francisco Comesana,R,178,ARG,24.539,70,872,124079,,,Pedro Martinez,R,185,ESP,27.986,48,1130,6-4 6-4,3,R128,108,16,3,66,47,39,6,10,6,7,0,2,84,60,38,10,10,6,9
2025-1536,Madrid Masters,Clay,96,M,20250421,25,111513,,,Laslo Djere,R,188,SRB,29.886,71,872,104926,,Q,Fabio Fognini,R,178,ITA,37.911,112,536,6-2 6-3,3,R128,67,7,1,46,34,28,9,9,3,4,0,7,58,27,16,13,8,4,8
2025-1536,Madrid Masters,Clay,96,M,20250421,26,208004,,Q,Harold Mayot,R,180,FRA,23.209,160,354,144895,,,Corentin Moutet,L,180,FRA,26.007,82,759,6-3 4-2 RET,3,R128,73,0,1,50,36,26,7,8,0,1,0,1,43,27,16,7,7,3,6
2025-1536,Madrid Masters,Clay,96,M,20250421,27,104792,,,Gael Monfils,R,193,FRA,38.637,42,1255,127339,,Q,Borna Gojo,R,196,CRO,27.146,353,141,1-6 6-2 6-4,3,R128,102,6,4,83,54,35,15,13,7,10,4,1,72,46,32,13,12,5,8
2025-1536,Madrid Masters,Clay,96,M,20250421,28,208363,,,Mariano Navone,R,178,ARG,24.145,85,750,208659,,,Giovanni Mpetshi Perricard,R,203,FRA,21.788,37,1464,6-4 6-4,3,R128,84,2,1,53,37,30,12,10,1,1,4,1,69,46,34,8,10,4,6
2025-1536,Madrid Masters,Clay,96,M,20250421,29,106331,,,Christopher O'Connell,R,183,AUS,30.883,87,745,200116,,,Camilo Ugo Carabelli,R,185,ARG,25.845,59,947,6-3 6-4,3,R128,73,5,2,60,38,30,12,10,7,8,2,1,48,34,23,5,9,0,3
2025-1536,Madrid Masters,Clay,96,M,20250421,30,124116,,PR,Sebastian Ofner,R,191,AUT,28.942,153,378,200384,,Q,Hugo Gaston,L,173,FRA,24.567,80,776,6-4 6-3,3,R128,78,6,1,70,35,28,20,10,5,5,2,3,57,29,21,14,9,6,8
2025-1536,Madrid Masters,Clay,96,M,20250421,31,210319,,Q,Ethan Quinn,R,191,USA,21.109,119,494,105583,,Q,Dusan Lajovic,R,183,SRB,34.809,138,426,6-3 6-4,3,R128,86,2,0,64,43,30,10,10,4,6,2,2,66,42,26,9,9,5,9
2025-1536,Madrid Masters,Clay,96,M,20250421,32,126239,,,Arthur Rinderknech,R,196,FRA,29.747,76,809,126128,,,Roman Safiullin,R,185,RUS,27.704,73,856,7-6(4) 6-1,3,R128,81,7,0,57,42,37,6,10,0,1,2,2,65,40,28,11,9,4,7
2025-1536,Madrid Masters,Clay,96,M,20250421,33,208286,,,Matteo Arnaldi,R,185,ITA,24.159,44,1240,104925,4,,Novak Djokovic,R,188,SRB,37.916,5,4120,6-3 6-4,3,R64,101,5,0,74,41,29,17,10,4,5,4,3,53,33,24,8,9,0,3
2025-1536,Madrid Masters,Clay,96,M,20250421,34,207733,5,,Jack Draper,L,193,GBR,23.329,6,3820,134868,,,Tallon Griekspoor,R,188,NED,28.802,34,1575,6-3 6-4,3,R64,75,5,2,53,27,23,18,10,1,1,3,2,50,38,27,6,9,2,4
2025-1536,Madrid Masters,Clay,96,M,20250421,35,200282,6,,Alex de Minaur,R,183,AUS,26.174,7,3585,132283,,,Lorenzo Sonego,R,191,ITA,29.947,43,1245,6-2 6-3,3,R64,75,1,0,40,28,23,11,9,1,2,1,5,52,30,19,8,8,2,6
2025-1536,Madrid Masters,Clay,96,M,20250421,36,207518,10,,Lorenzo Musetti,R,185,ITA,23.135,11,3200,144869,,,Tomas Martin Etcheverry,R,196,ARG,25.76,51,1010,7-6(3) 6-2,3,R64,107,1,1,58,41,29,12,10,0,1,5,2,69,48,32,8,10,10,13
2025-1536,Madrid Masters,Clay,96,M,20250421,37,126205,11,,Tommy Paul,R,185,USA,27.929,12,3160,211663,,,Joao Fonseca,R,188,BRA,18.667,65,897,7-6(7) 7-6(3),3,R64,125,9,1,102,69,51,16,12,10,11,2,2,89,64,47,12,12,0,1
2025-1536,Madrid Masters,Clay,96,M,20250421,38,105777,15,,Grigor Dimitrov,R,191,BUL,33.933,16,2595,111797,,,Nicolas Jarry,R,201,CHI,29.528,57,965,6-3 6-4,3,R64,97,4,4,64,31,23,22,10,5,5,5,3,68,43,32,9,9,3,5
2025-1536,Madrid Masters,Clay,96,M,20250421,39,126207,16,,Frances Tiafoe,R,188,USA,27.25,17,2550,209260,,,Luciano Darderi,R,183,ITA,23.181,46,1229,7-5 3-1 RET,3,R64,67,4,1,38,28,25,7,8,0,0,4,3,61,37,24,12,8,3,5
2025-1536,Madrid Masters,Clay,96,M,20250421,40,126774,17,,Stefanos Tsitsipas,R,193,GRE,26.691,18,2415,105526,,,Jan-Lennard Struff,R,193,GER,34.99,79,790,3-6 6-4 6-3,3,R64,118,6,3,96,60,45,14,14,4,7,7,1,89,52,39,15,14,4,8
2025-1536,Madrid Masters,Clay,96,M,20250421,41,207985,,Q,Jacob Fearnley,R,183,GBR,23.767,68,883,207830,19,,Tomas Machac,R,183,CZE,24.52,20,2235,1-6 6-3 6-2,3,R64,104,9,3,78,46,36,14,12,3,5,5,9,86,45,31,21,12,4,7
2025-1536,Madrid Masters,Clay,96,M,20250421,42,124186,,,Alexandre Muller,R,183,FRA,28.216,39,1366,200005,21,,Ugo Humbert,L,188,FRA,26.82,22,2185,6-2 6-7(3) 7-6(5),3,R64,150,5,2,110,83,55,17,16,5,7,5,3,107,65,44,23,16,3,7
2025-1536,Madrid Masters,Clay,96,M,20250421,43,111575,24,,Karen Khachanov,R,198,RUS,28.917,25,1960,124187,,PR,Reilly Opelka,R,211,USA,27.647,103,579,7-6(3) 7-6(4),3,R64,106,6,1,66,44,40,15,12,0,0,17,3,89,62,47,10,12,4,4
2025-1536,Madrid Masters,Clay,96,M,20250421,44,111815,,,Cameron Norrie,L,188,GBR,29.662,91,667,208103,26,,Jiri Lehecka,R,185,CZE,23.45,27,1795,2-6 6-4 6-0,3,R64,95,4,1,73,47,35,13,12,2,4,9,3,66,39,25,14,12,3,7
2025-1536,Madrid Masters,Clay,96,M,20250421,45,133430,29,,Denis Shapovalov,L,185,CAN,26.018,30,1726,105453,,,Kei Nishikori,R,178,JPN,35.31,64,898,6-1 6-4,3,R64,64,4,1,50,30,25,13,9,1,1,0,0,41,25,17,7,8,3,6
2025-1536,Madrid Masters,Clay,96,M,20250421,46,126610,30,,Matteo Berrettini,R,196,ITA,29.024,31,1620,106218,,,Marcos Giron,R,180,USA,31.743,45,1240,6-7(3) 7-6(6) 6-1,3,R64,154,12,1,97,75,58,14,16,0,0,7,6,105,63,48,20,15,5,7
2025-1536,Madrid Masters,Clay,96,M,20250421,47,106000,,,Damir Dzumhur,R,175,BIH,32.92,63,906,202104,32,,Sebastian Baez,R,170,ARG,24.312,33,1580,1-6 6-1 6-2,3,R64,98,1,5,72,45,30,13,11,9,12,0,1,72,53,26,12,11,5,10
2025-1536,Madrid Masters,Clay,96,M,20250421,48,209113,,LL,Gabriel Diallo,R,203,CAN,23.573,78,791,111794,,LL,Kamil Majchrzak,R,183,POL,29.27,90,669,7-5 4-6 6-4,3,R64,130,10,5,94,66,49,17,16,1,3,7,4,98,60,45,18,16,7,10
2025-1536,Madrid Masters,Clay,96,M,20250421,49,100644,1,,Alexander Zverev,R,198,GER,28.003,2,8085,105138,,,Roberto Bautista Agut,R,183,ESP,37.018,55,979,6-2 6-2,3,R64,70,10,1,42,26,21,11,8,0,0,1,1,51,30,18,8,8,5,9
2025-1536,Madrid Masters,Clay,96,M,20250421,50,126203,3,,Taylor Fritz,R,196,USA,27.48,4,5115,106331,,,Christopher O'Connell,R,183,AUS,30.883,87,745,6-1 6-4,3,R64,75,5,0,54,31,27,9,9,3,4,2,2,50,23,16,10,8,4,8
2025-1536,Madrid Masters,Clay,96,M,20250421,51,126094,7,,Andrey Rublev,R,188,RUS,27.502,8,3530,104792,,,Gael Monfils,R,193,FRA,38.637,42,1255,W/O,3,R64,,,,,,,,,,,,,,,,,,,
2025-1536,Madrid Masters,Clay,96,M,20250421,52,207925,,,Flavio Cobolli,R,183,ITA,22.96,36,1520,208029,8,,Holger Rune,R,188,DEN,21.979,9,3480,6-2 RET,3,R64,43,0,1,28,19,13,6,4,3,3,0,0,24,13,8,5,4,0,2
2025-1536,Madrid Masters,Clay,96,M,20250421,53,106421,9,,Daniil Medvedev,R,198,RUS,29.191,10,3290,111513,,,Laslo Djere,R,188,SRB,29.886,71,872,W/O,3,R64,,,,,,,,,,,,,,,,,,,
2025-1536,Madrid Masters,Clay,96,M,20250421,54,210097,12,,Ben Shelton,L,193,USA,22.533,13,3020,208363,,,Mariano Navone,R,178,ARG,24.145,85,750,4-6 7-6(5) 6-3,3,R64,139,8,5,97,65,50,18,15,9,11,0,2,97,77,54,9,16,2,5
2025-1536,Madrid Masters,Clay,96,M,20250421,55,207681,,,Francisco Comesana,R,178,ARG,24.539,70,872,209950,13,,Arthur Fils,R,185,FRA,20.857,14,2920,7-6(4) 6-4,3,R64,105,11,2,81,46,32,17,11,4,7,2,4,71,49,33,8,11,3,7
2025-1536,Madrid Masters,Clay,96,M,20250421,56,134770,14,,Casper Ruud,R,183,NOR,26.33,15,2815,126239,,,Arthur Rinderknech,R,196,FRA,29.747,76,809,6-3 6-4,3,R64,73,2,2,54,37,28,11,10,1,2,2,0,48,32,23,8,9,0,3
2025-1536,Madrid Masters,Clay,96,M,20250421,57,207678,,Q,Juan Manuel Cerundolo,L,183,ARG,23.431,126,469,200000,18,,Felix Auger-Aliassime,R,193,CAN,24.701,19,2375,7-6(5) 6-4,3,R64,113,5,0,77,57,45,11,11,5,5,8,3,67,50,37,12,11,5,6
2025-1536,Madrid Masters,Clay,96,M,20250421,58,202103,20,,Francisco Cerundolo,R,185,ARG,26.689,21,2225,208004,,Q,Harold Mayot,R,180,FRA,23.209,160,354,6-3 6-4,3,R64,89,3,1,58,35,23,18,10,2,3,1,1,67,47,31,8,9,6,9
2025-1536,Madrid Masters,Clay,96,M,20250421,59,210150,22,,Jakub Mensik,R,196,CZE,19.636,23,2032,210319,,Q,Ethan Quinn,R,191,USA,21.109,119,494,7-6(4) 6-1,3,R64,80,14,4,66,44,33,8,10,1,3,4,3,57,35,21,11,9,3,7
2025-1536,Madrid Masters,Clay,96,M,20250421,60,200624,23,,Sebastian Korda,R,196,USA,24.794,24,2020,C0NB,,WC,Federico Cina,R,185,ITA,18.062,373,130,6-3 3-6 6-1,3,R64,101,7,3,78,44,36,18,13,3,4,2,5,79,52,36,11,12,3,6
2025-1536,Madrid Masters,Clay,96,M,20250421,61,122330,,,Alexander Bublik,R,196,KAZ,27.844,75,820,200615,25,,Alexei Popyrin,R,196,AUS,25.711,26,1860,6-4 7-6(4),3,R64,110,10,5,77,42,34,18,11,5,6,7,5,84,54,39,14,11,5,7
2025-1536,Madrid Masters,Clay,96,M,20250421,62,126127,,,Benjamin Bonzi,R,183,FRA,28.865,62,908,128034,27,,Hubert Hurkacz,R,196,POL,28.189,28,1755,6-4 7-5,3,R64,87,6,1,60,35,27,16,11,1,2,4,0,62,31,23,16,11,3,6
2025-1536,Madrid Masters,Clay,96,M,20250421,63,200221,28,,Alejandro Davidovich Fokina,R,180,ESP,25.878,29,1745,132686,,,Nuno Borges,R,185,POR,28.167,41,1355,6-2 6-3,3,R64,73,2,0,51,36,25,10,9,2,3,4,2,58,32,21,7,8,5,9
2025-1536,Madrid Masters,Clay,96,M,20250421,64,206909,31,,Brandon Nakashima,R,188,USA,23.715,32,1605,124116,,PR,Sebastian Ofner,R,191,AUT,28.942,153,378,6-3 7-6(3),3,R64,90,15,2,73,49,41,10,11,1,1,5,2,62,38,31,10,10,0,1
2025-1536,Madrid Masters,Clay,96,M,20250421,65,207733,5,,Jack Draper,L,193,GBR,23.329,6,3820,126610,30,,Matteo Berrettini,R,196,ITA,29.024,31,1620,7-6(2) RET,3,R32,58,3,0,41,30,22,6,6,1,2,2,1,43,30,23,2,6,5,6
2025-1536,Madrid Masters,Clay,96,M,20250421,66,200282,6,,Alex de Minaur,R,183,AUS,26.174,7,3585,133430,29,,Denis Shapovalov,L,185,CAN,26.018,30,1726,6-3 7-6(3),3,R32,89,1,0,62,34,27,21,10,1,1,6,5,65,41,28,15,11,1,3
2025-1536,Madrid Masters,Clay,96,M,20250421,67,207518,10,,Lorenzo Musetti,R,185,ITA,23.135,11,3200,126774,17,,Stefanos Tsitsipas,R,193,GRE,26.691,18,2415,7-5 7-6(3),3,R32,114,4,0,80,61,47,8,12,4,5,1,6,79,45,35,15,12,6,8
2025-1536,Madrid Masters,Clay,96,M,20250421,68,126205,11,,Tommy Paul,R,185,USA,27.929,12,3160,111575,24,,Karen Khachanov,R,198,RUS,28.917,25,1960,6-3 3-6 6-2,3,R32,103,6,2,70,46,39,12,13,3,4,1,2,71,40,28,18,13,4,7
2025-1536,Madrid Masters,Clay,96,M,20250421,69,126207,16,,Frances Tiafoe,R,188,USA,27.25,17,2550,124186,,,Alexandre Muller,R,183,FRA,28.216,39,1366,6-3 6-3,3,R32,78,3,2,55,31,27,13,9,2,2,4,1,65,46,30,6,9,7,10
2025-1536,Madrid Masters,Clay,96,M,20250421,70,209113,,LL,Gabriel Diallo,R,203,CAN,23.573,78,791,111815,,,Cameron Norrie,L,188,GBR,29.662,91,667,2-6 6-4 6-4,3,R32,151,8,1,104,75,53,12,14,12,14,4,8,108,72,50,16,14,12,14
2025-1536,Madrid Masters,Clay,96,M,20250421,71,105777,15,,Grigor Dimitrov,R,191,BUL,33.933,16,2595,207985,,Q,Jacob Fearnley,R,183,GBR,23.767,68,883,6-4 7-6(3),3,R32,117,11,2,77,42,31,18,11,4,6,7,6,75,45,30,12,11,2,5
2025-1536,Madrid Masters,Clay,96,M,20250421,72,208286,,,Matteo Arnaldi,R,185,ITA,24.159,44,1240,106000,,,Damir Dzumhur,R,175,BIH,32.92,63,906,6-3 6-4,3,R32,104,6,3,77,42,31,21,10,5,5,0,5,64,38,23,15,9,2,4
2025-1536,Madrid Masters,Clay,96,M,20250421,73,100644,1,,Alexander Zverev,R,198,GER,28.003,2,8085,200221,28,,Alejandro Davidovich Fokina,R,180,ESP,25.878,29,1745,2-6 7-6(3) 7-6(0),3,R32,164,11,6,92,64,46,16,16,3,7,2,0,106,71,54,16,16,9,11
2025-1536,Madrid Masters,Clay,96,M,20250421,74,126203,3,,Taylor Fritz,R,196,USA,27.48,4,5115,126127,,,Benjamin Bonzi,R,183,FRA,28.865,62,908,4-6 7-5 RET,3,R32,96,6,1,69,45,34,12,11,1,2,1,0,66,51,37,10,11,4,5
2025-1536,Madrid Masters,Clay,96,M,20250421,75,122330,,,Alexander Bublik,R,196,KAZ,27.844,75,820,126094,7,,Andrey Rublev,R,188,RUS,27.502,8,3530,6-4 0-6 6-4,3,R32,82,12,6,71,38,29,18,13,2,5,12,2,67,48,38,11,13,4,6
2025-1536,Madrid Masters,Clay,96,M,20250421,76,106421,9,,Daniil Medvedev,R,198,RUS,29.191,10,3290,207678,,Q,Juan Manuel Cerundolo,L,183,ARG,23.431,126,469,6-2 6-2,3,R32,63,2,2,45,29,22,11,8,1,1,2,1,42,23,11,9,8,1,5
2025-1536,Madrid Masters,Clay,96,M,20250421,77,210150,22,,Jakub Mensik,R,196,CZE,19.636,23,2032,210097,12,,Ben Shelton,L,193,USA,22.533,13,3020,6-1 6-4,3,R32,68,5,2,43,28,26,6,8,0,0,5,1,59,28,17,15,9,5,9
2025-1536,Madrid Masters,Clay,96,M,20250421,78,134770,14,,Casper Ruud,R,183,NOR,26.33,15,2815,200624,23,,Sebastian Korda,R,196,USA,24.794,24,2020,6-3 6-3,3,R32,70,3,1,58,40,29,10,9,4,5,2,2,52,31,21,8,9,4,8
2025-1536,Madrid Masters,Clay,96,M,20250421,79,202103,20,,Francisco Cerundolo,R,185,ARG,26.689,21,2225,207681,,,Francisco Comesana,R,178,ARG,24.539,70,872,6-4 6-4,3,R32,96,4,3,71,55,38,11,10,4,4,1,0,64,41,28,13,10,3,5
2025-1536,Madrid Masters,Clay,96,M,20250421,80,206909,31,,Brandon Nakashima,R,188,USA,23.715,32,1605,207925,,,Flavio Cobolli,R,183,ITA,22.96,36,1520,7-5 6-3,3,R32,102,4,0,66,47,35,11,11,3,4,1,4,69,41,28,12,10,5,8
2025-1536,Madrid Masters,Clay,96,M,20250421,81,207733,5,,Jack Draper,L,193,GBR,23.329,6,3820,126205,11,,Tommy Paul,R,185,USA,27.929,12,3160,6-2 6-2,3,R16,68,4,1,41,21,18,14,8,0,0,0,1,54,34,18,8,8,2,6
2025-1536,Madrid Masters,Clay,96,M,20250421,82,207518,10,,Lorenzo Musetti,R,185,ITA,23.135,11,3200,200282,6,,Alex de Minaur,R,183,AUS,26.174,7,3585,6-4 6-2,3,R16,83,3,1,48,33,26,11,9,0,0,1,1,58,35,25,9,9,7,10
2025-1536,Madrid Masters,Clay,96,M,20250421,83,209113,,LL,Gabriel Diallo,R,203,CAN,23.573,78,791,105777,15,,Grigor Dimitrov,R,191,BUL,33.933,16,2595,5-7 7-6(7) 6-4,3,R16,142,8,2,97,75,58,14,17,0,1,14,6,94,55,49,22,17,3,4
2025-1536,Madrid Masters,Clay,96,M,20250421,84,208286,,,Matteo Arnaldi,R,185,ITA,24.159,44,1240,126207,16,,Frances Tiafoe,R,188,USA,27.25,17,2550,6-3 7-5,3,R16,97,6,1,76,40,28,21,11,6,7,7,0,51,32,24,9,10,2,5
2025-1536,Madrid Masters,Clay,96,M,20250421,85,202103,20,,Francisco Cerundolo,R,185,ARG,26.689,21,2225,100644,1,,Alexander Zverev,R,198,GER,28.003,2,8085,7-5 6-3,3,R16,89,1,2,70,42,34,16,11,1,1,1,0,47,38,30,5,10,1,3
2025-1536,Madrid Masters,Clay,96,M,20250421,86,134770,14,,Casper Ruud,R,183,NOR,26.33,15,2815,126203,3,,Taylor Fritz,R,196,USA,27.48,4,5115,7-5 6-4,3,R16,96,3,2,72,45,33,15,11,2,3,6,0,62,41,27,12,11,4,7
2025-1536,Madrid Masters,Clay,96,M,20250421,87,106421,9,,Daniil Medvedev,R,198,RUS,29.191,10,3290,206909,31,,Brandon Nakashima,R,188,USA,23.715,32,1605,3-6 6-1 6-4,3,R16,109,7,7,81,49,38,14,13,1,3,6,0,80,60,41,7,13,3,7
2025-1536,Madrid Masters,Clay,96,M,20250421,88,210150,22,,Jakub Mensik,R,196,CZE,19.636,23,2032,122330,,,Alexander Bublik,R,196,KAZ,27.844,75,820,6-3 6-2,3,R16,56,10,1,49,31,24,14,9,3,3,4,1,49,30,20,7,8,1,4
2025-1536,Madrid Masters,Clay,96,M,20250421,89,207733,5,,Jack Draper,L,193,GBR,23.329,6,3820,208286,,,Matteo Arnaldi,R,185,ITA,24.159,44,1240,6-0 6-4,3,QF,77,4,1,43,29,22,11,8,0,0,3,1,57,26,14,15,8,6,10
2025-1536,Madrid Masters,Clay,96,M,20250421,90,134770,14,,Casper Ruud,R,183,NOR,26.33,15,2815,106421,9,,Daniil Medvedev,R,198,RUS,29.191,10,3290,6-3 7-5,3,QF,100,2,2,62,41,31,14,11,2,2,1,4,78,46,31,16,10,6,8
2025-1536,Madrid Masters,Clay,96,M,20250421,91,207518,10,,Lorenzo Musetti,R,185,ITA,23.135,11,3200,209113,,LL,Gabriel Diallo,R,203,CAN,23.573,78,791,6-4 6-3,3,QF,89,4,0,57,36,28,11,9,4,5,0,1,62,36,26,6,10,2,6
2025-1536,Madrid Masters,Clay,96,M,20250421,92,202103,20,,Francisco Cerundolo,R,185,ARG,26.689,21,2225,210150,22,,Jakub Mensik,R,196,CZE,19.636,23,2032,3-6 7-6(5) 6-2,3,QF,131,7,5,90,57,42,21,14,7,8,11,2,95,62,50,14,15,8,10
2025-1536,Madrid Masters,Clay,96,M,20250421,93,207733,5,,Jack Draper,L,193,GBR,23.329,6,3820,207518,10,,Lorenzo Musetti,R,185,ITA,23.135,11,3200,6-3 7-6(4),3,SF,117,3,1,73,49,38,14,11,2,3,3,2,73,53,37,10,10,4,6
2025-1536,Madrid Masters,Clay,96,M,20250421,94,134770,14,,Casper Ruud,R,183,NOR,26.33,15,2815,202103,20,,Francisco Cerundolo,R,185,ARG,26.689,21,2225,6-4 7-5,3,SF,114,4,3,85,57,36,12,11,15,18,2,3,65,40,27,11,11,4,9
2025-1536,Madrid Masters,Clay,96,M,20250421,95,134770,14,,Casper Ruud,R,183,NOR,26.33,15,2815,207733,5,,Jack Draper,L,193,GBR,23.329,6,3820,7-5 3-6 6-4,3,F,149,9,7,96,57,46,15,16,4,7,6,3,102,65,47,17,15,7,10
2025-416,Rome Masters,Clay,96,M,20250505,1,105138,,,Roberto Bautista Agut,R,183,ESP,37.057,56,969,208286,,,Matteo Arnaldi,R,185,ITA,24.197,37,1410,6-4 6-3,3,R128,114,1,2,76,52,33,13,10,7,9,4,2,55,35,22,5,9,4,8
2025-416,Rome Masters,Clay,96,M,20250505,2,122330,,,Alexander Bublik,R,196,KAZ,27.882,76,820,126128,,,Roman Safiullin,R,185,RUS,27.743,77,816,6-3 7-6(4),3,R128,97,6,3,71,45,34,16,11,5,7,1,2,76,52,32,14,10,4,7
2025-416,Rome Masters,Clay,96,M,20250505,3,207411,,LL,Jesper de Jong,R,180,NED,24.928,93,640,207686,,Q,Alexander Shevchenko,R,188,KAZ,24.43,97,605,6-2 6-4,3,R128,86,5,2,54,33,29,11,9,3,3,2,3,65,32,19,16,9,4,7
2025-416,Rome Masters,Clay,96,M,20250505,4,207985,,,Jacob Fearnley,R,183,GBR,23.806,57,953,104926,,WC,Fabio Fognini,R,178,ITA,37.949,107,566,6-2 6-3,3,R128,80,1,5,53,29,20,12,9,2,4,1,1,55,27,14,12,8,3,8
2025-416,Rome Masters,Clay,96,M,20250505,5,209263,,WC,Matteo Gigante,L,180,ITA,23.332,164,341,126239,,,Arthur Rinderknech,R,196,FRA,29.785,75,826,7-6(4) 7-6(4),3,R128,133,5,6,106,63,45,21,12,7,8,8,2,84,50,37,16,12,1,2
2025-416,Rome Masters,Clay,96,M,20250505,6,106218,,,Marcos Giron,R,180,USA,31.781,45,1245,209113,,,Gabriel Diallo,R,203,CAN,23.611,54,995,3-6 6-3 6-4,3,R128,119,2,1,85,49,31,27,14,2,3,4,1,79,55,38,16,14,1,3
2025-416,Rome Masters,Clay,96,M,20250505,7,111797,,,Nicolas Jarry,R,201,CHI,29.566,53,1010,200384,,,Hugo Gaston,L,173,FRA,24.605,78,793,7-6(4) 6-4,3,R128,111,4,1,70,51,40,12,11,2,2,1,3,80,53,38,14,11,7,8
2025-416,Rome Masters,Clay,96,M,20250505,8,206681,,,Fabian Marozsan,R,193,HUN,25.574,61,935,211663,,,Joao Fonseca,R,188,BRA,18.705,65,897,6-3 7-6(4),3,R128,87,3,1,67,40,30,19,11,3,4,4,4,68,37,23,18,10,1,3
2025-416,Rome Masters,Clay,96,M,20250505,9,124079,,,Pedro Martinez,R,185,ESP,28.025,49,1115,208233,,,Mattia Bellucci,L,175,ITA,23.926,68,891,6-4 6-2,3,R128,92,2,0,54,40,28,9,9,4,5,4,5,63,35,24,10,9,3,7
2025-416,Rome Masters,Clay,96,M,20250505,10,144719,,,Jaume Munar,R,183,ESP,28,66,892,144642,,Q,Tomas Barrios Vera,R,191,CHI,27.4,118,506,4-6 6-2 7-5,3,R128,186,8,3,94,56,41,18,15,6,9,1,1,109,72,44,17,15,15,20
2025-416,Rome Masters,Clay,96,M,20250505,11,208134,,WC,Luca Nardi,R,185,ITA,21.747,95,632,207925,,,Flavio Cobolli,R,183,ITA,22.998,34,1520,6-3 6-4,3,R128,88,1,5,56,27,20,19,10,0,1,2,5,64,31,21,16,9,6,9
2025-416,Rome Masters,Clay,96,M,20250505,12,208363,,,Mariano Navone,R,178,ARG,24.183,99,600,C0NB,,WC,Federico Cina,R,185,ITA,18.1,323,160,6-3 6-3,3,R128,84,2,1,60,38,26,13,9,4,5,0,2,51,38,24,5,9,0,4
2025-416,Rome Masters,Clay,96,M,20250505,13,124116,,Q,Sebastian Ofner,R,191,AUT,28.98,143,398,106148,,,Roberto Carballes Baena,R,183,ESP,32.118,59,946,6-3 RET,3,R128,50,3,2,25,12,11,9,5,0,0,0,2,41,19,11,11,4,4,5
2025-416,Rome Masters,Clay,96,M,20250505,14,205734,,Q,Thiago Seyboth Wild,R,185,BRA,25.153,120,493,132686,,,Nuno Borges,R,185,POR,28.205,40,1360,6-1 4-6 6-4,3,R128,143,9,3,99,55,36,26,13,5,6,6,5,88,57,38,13,14,6,10
2025-416,Rome Masters,Clay,96,M,20250505,15,210530,,,Learner Tien,L,180,USA,19.422,70,878,124187,,PR,Reilly Opelka,R,211,USA,27.685,94,634,6-4 7-6(11),3,R128,108,0,6,73,36,29,22,11,4,6,5,4,80,49,33,16,11,4,7
2025-416,Rome Masters,Clay,96,M,20250505,16,126846,,,Aleksandar Vukic,R,188,AUS,29.079,79,792,134457,,Q,Nicolas Moreno De Alboran,R,185,USA,27.808,149,386,7-6(2) 6-2,3,R128,91,6,1,64,38,29,17,10,3,4,3,0,60,46,29,9,10,5,8
2025-416,Rome Masters,Clay,96,M,20250505,17,208882,,Q,Roman Andres Burruchaga,R,183,ARG,23.28,135,439,132283,,,Lorenzo Sonego,R,191,ITA,29.985,44,1245,6-2 6-3,3,R128,92,0,1,58,39,25,10,8,3,4,1,4,57,33,18,9,9,3,8
2025-416,Rome Masters,Clay,96,M,20250505,18,207681,,,Francisco Comesana,R,178,ARG,24.578,63,906,127157,,,Daniel Altmaier,R,188,GER,26.645,71,872,6-1 7-5,3,R128,82,7,4,60,38,29,12,10,4,6,5,2,58,31,18,8,9,4,9
2025-416,Rome Masters,Clay,96,M,20250505,19,209260,,,Luciano Darderi,R,183,ITA,23.22,46,1204,207352,,,Yunchaokete Bu,R,185,CHN,23.291,73,857,7-6(4) 6-3,3,R128,111,7,3,65,36,26,20,10,2,2,4,2,70,35,27,18,11,1,3
2025-416,Rome Masters,Clay,96,M,20250505,20,111513,,,Laslo Djere,R,188,SRB,29.925,64,902,144869,,,Tomas Martin Etcheverry,R,196,ARG,25.799,51,1015,6-3 6-2,3,R128,74,1,2,41,25,21,12,8,0,0,2,2,51,32,21,7,9,3,7
2025-416,Rome Masters,Clay,96,M,20250505,21,209147,,Q,Vilius Gaubas,R,178,LTU,20.348,154,371,106000,,,Damir Dzumhur,R,175,BIH,32.958,69,881,7-6(3) 2-6 6-4,3,R128,147,0,0,103,77,43,15,15,6,12,0,1,85,54,36,12,15,2,7
2025-416,Rome Masters,Clay,96,M,20250505,22,134868,,,Tallon Griekspoor,R,188,NED,28.841,35,1505,200175,,,Miomir Kecmanovic,R,183,SRB,25.678,47,1186,4-6 6-3 6-0,3,R128,94,16,1,73,54,43,8,13,2,4,3,6,71,46,28,8,12,2,7
2025-416,Rome Masters,Clay,96,M,20250505,23,200240,,Q,Vit Kopriva,R,178,CZE,27.888,92,655,111460,,,Quentin Halys,R,191,FRA,28.523,52,1015,6-4 6-3,3,R128,93,2,5,56,33,26,11,9,1,2,3,2,72,48,33,6,10,5,9
2025-416,Rome Masters,Clay,96,M,20250505,24,105583,,Q,Dusan Lajovic,R,183,SRB,34.847,131,446,106415,,,Yoshihito Nishioka,L,170,JPN,29.604,74,833,7-5 6-1,3,R128,80,5,1,60,41,32,8,10,2,3,1,3,55,29,19,12,9,6,10
2025-416,Rome Masters,Clay,96,M,20250505,25,144895,,,Corentin Moutet,L,180,FRA,26.045,83,752,208014,,,Rinky Hijikata,R,178,AUS,24.194,82,761,3-6 6-1 7-5,3,R128,153,1,6,101,62,38,23,14,9,12,1,1,87,53,32,19,14,6,11
2025-416,Rome Masters,Clay,96,M,20250505,26,124186,,,Alexandre Muller,R,183,FRA,28.255,39,1403,208103,,,Jiri Lehecka,R,185,CZE,23.488,38,1405,2-6 6-3 7-6(5),3,R128,156,1,3,111,84,49,9,15,8,14,7,5,96,49,32,20,14,7,12
2025-416,Rome Masters,Clay,96,M,20250505,27,111815,,LL,Cameron Norrie,L,188,GBR,29.7,91,667,106331,,,Christopher O'Connell,R,183,AUS,30.921,81,765,6-3 6-2,3,R128,76,2,1,55,31,27,14,9,3,3,5,0,48,30,16,12,8,2,5
2025-416,Rome Masters,Clay,96,M,20250505,28,208859,,WC,Francesco Passaro,R,180,ITA,24.323,101,593,202358,,Q,Chun-Hsin Tseng,R,175,TPE,23.74,102,593,6-0 2-6 6-3,3,R128,117,8,2,84,56,42,11,12,3,5,1,4,77,44,26,15,11,9,13
2025-416,Rome Masters,Clay,96,M,20250505,29,126535,,Q,Carlos Taberner,R,183,ESP,27.74,139,417,206499,,,Aleksandar Kovacevic,R,183,USA,26.683,80,785,6-3 1-6 7-5,3,R128,137,5,4,80,62,41,8,14,4,8,11,8,88,59,40,14,14,4,8
2025-416,Rome Masters,Clay,96,M,20250505,30,111442,,,Jordan Thompson,R,183,AUS,31.042,41,1355,208659,,,Giovanni Mpetshi Perricard,R,203,FRA,21.826,36,1464,3-6 6-3 7-6(5),3,R128,142,5,3,80,45,36,23,15,0,2,13,2,92,58,43,19,15,3,5
2025-416,Rome Masters,Clay,96,M,20250505,31,200116,,,Camilo Ugo Carabelli,R,185,ARG,25.884,60,944,105807,,LL,Pablo Carreno Busta,R,188,ESP,33.815,98,601,6-2 1-6 6-3,3,R128,126,1,3,78,55,33,13,12,0,3,1,1,75,52,31,13,12,7,11
2025-416,Rome Masters,Clay,96,M,20250505,32,202261,,Q,Otto Virtanen,R,193,FIN,23.871,130,455,209098,,,Hamad Medjedovic,R,188,SRB,21.799,72,871,6-4 6-4,3,R128,99,8,3,79,39,26,25,10,8,9,2,5,55,33,26,7,10,2,5
2025-416,Rome Masters,Clay,96,M,20250505,33,206173,1,,Jannik Sinner,R,191,ITA,23.718,1,9730,208363,,,Mariano Navone,R,178,ARG,24.183,99,600,6-3 6-4,3,R64,98,1,1,63,38,24,17,10,2,3,0,1,60,45,26,8,9,4,7
2025-416,Rome Masters,Clay,96,M,20250505,34,106218,,,Marcos Giron,R,180,USA,31.781,45,1245,126203,4,,Taylor Fritz,R,196,USA,27.518,4,4815,7-6(4) 7-6(3),3,R64,102,4,3,77,44,34,16,12,4,7,4,2,71,43,31,12,12,0,3
2025-416,Rome Masters,Clay,96,M,20250505,35,134770,6,,Casper Ruud,R,183,NOR,26.368,7,3715,122330,,,Alexander Bublik,R,196,KAZ,27.882,76,820,6-4 4-6 6-3,3,R64,116,7,2,78,48,37,19,15,0,2,15,5,95,63,46,12,14,5,8
2025-416,Rome Masters,Clay,96,M,20250505,36,200282,7,,Alex de Minaur,R,183,AUS,26.212,8,3635,208134,,WC,Luca Nardi,R,185,ITA,21.747,95,632,6-4 7-5,3,R64,117,5,0,58,33,29,9,11,1,3,2,3,90,53,36,13,11,12,16
2025-416,Rome Masters,Clay,96,M,20250505,37,126205,11,,Tommy Paul,R,185,USA,27.967,12,3210,105138,,,Roberto Bautista Agut,R,183,ESP,37.057,56,969,6-1 6-4,3,R64,80,2,0,45,22,19,14,8,0,0,0,0,53,28,18,11,9,0,4
2025-416,Rome Masters,Clay,96,M,20250505,38,144719,,,Jaume Munar,R,183,ESP,28,66,892,210097,12,,Ben Shelton,L,193,USA,22.571,13,3020,6-2 6-1,3,R64,77,0,2,47,33,24,10,7,1,1,1,2,56,31,19,7,8,7,12
2025-416,Rome Masters,Clay,96,M,20250505,39,124116,,Q,Sebastian Ofner,R,191,AUT,28.98,143,398,126207,15,,Frances Tiafoe,R,188,USA,27.288,16,2640,6-2 6-7(2) 6-3,3,R64,120,6,1,88,42,35,27,15,3,4,8,2,80,46,36,19,14,3,7
2025-416,Rome Masters,Clay,96,M,20250505,40,206681,,,Fabian Marozsan,R,193,HUN,25.574,61,935,126094,16,,Andrey Rublev,R,188,RUS,27.54,17,2580,7-5 4-6 6-3,3,R64,142,8,2,104,67,48,15,16,5,9,5,1,108,58,42,21,15,13,18
2025-416,Rome Masters,Clay,96,M,20250505,41,202103,17,,Francisco Cerundolo,R,185,ARG,26.727,18,2425,111797,,,Nicolas Jarry,R,201,CHI,29.566,53,1010,7-6(4) 6-3,3,R64,117,3,2,77,51,35,18,11,3,4,7,3,78,47,33,15,10,14,16
2025-416,Rome Masters,Clay,96,M,20250505,42,207830,19,,Tomas Machac,R,183,CZE,24.559,20,2215,210530,,,Learner Tien,L,180,USA,19.422,70,878,6-4 6-4,3,R64,82,0,1,54,25,22,14,10,1,3,2,4,64,37,23,12,10,6,10
2025-416,Rome Masters,Clay,96,M,20250505,43,210150,20,,Jakub Mensik,R,196,CZE,19.674,21,2182,209263,,WC,Matteo Gigante,L,180,ITA,23.332,164,341,7-6(4) 7-5,3,R64,102,7,2,73,38,28,25,12,0,0,5,4,71,41,30,20,12,3,4
2025-416,Rome Masters,Clay,96,M,20250505,44,200624,22,,Sebastian Korda,R,196,USA,24.832,23,2020,126846,,,Aleksandar Vukic,R,188,AUS,29.079,79,792,6-3 6-4,3,R64,87,4,0,65,39,30,17,10,7,7,5,2,65,35,24,15,9,4,6
2025-416,Rome Masters,Clay,96,M,20250505,45,207411,,LL,Jesper de Jong,R,180,NED,24.928,93,640,200221,25,,Alejandro Davidovich Fokina,R,180,ESP,25.916,26,1745,6-0 6-2,3,R64,66,2,1,45,30,23,5,7,3,4,1,2,47,30,13,5,7,6,12
2025-416,Rome Masters,Clay,96,M,20250505,46,126610,29,,Matteo Berrettini,R,196,ITA,29.062,30,1670,207985,,,Jacob Fearnley,R,183,GBR,23.806,57,953,6-4 7-6(0),3,R64,116,6,2,66,44,34,15,11,1,2,3,4,81,48,35,13,11,5,7
2025-416,Rome Masters,Clay,96,M,20250505,47,128034,30,,Hubert Hurkacz,R,196,POL,28.227,31,1665,124079,,,Pedro Martinez,R,185,ESP,28.025,49,1115,6-1 7-5,3,R64,83,7,1,50,38,31,7,10,0,1,0,4,60,44,27,6,9,2,6
2025-416,Rome Masters,Clay,96,M,20250505,48,106198,,LL,Hugo Dellien,R,180,BOL,31.885,103,587,205734,,Q,Thiago Seyboth Wild,R,185,BRA,25.153,120,493,4-6 6-3 6-4,3,R64,135,2,1,88,57,40,17,15,1,4,4,1,88,58,40,11,14,5,9
2025-416,Rome Masters,Clay,96,M,20250505,49,100644,2,,Alexander Zverev,R,198,GER,28.041,2,8085,200116,,,Camilo Ugo Carabelli,R,185,ARG,25.884,60,944,6-2 6-1,3,R64,66,1,1,45,29,20,9,7,3,4,1,4,44,35,16,1,8,4,10
2025-416,Rome Masters,Clay,96,M,20250505,50,207989,3,,Carlos Alcaraz,R,183,ESP,22.001,3,7850,105583,,Q,Dusan Lajovic,R,183,SRB,34.847,131,446,6-3 6-3,3,R64,82,3,2,51,36,26,9,9,1,2,3,1,67,41,24,12,9,6,10
2025-416,Rome Masters,Clay,96,M,20250505,51,207733,5,,Jack Draper,L,193,GBR,23.368,5,4440,209260,,,Luciano Darderi,R,183,ITA,23.22,46,1204,6-1 6-4,3,R64,78,7,0,65,46,35,8,8,7,7,2,1,53,30,18,9,9,1,5
2025-416,Rome Masters,Clay,96,M,20250505,52,207518,8,,Lorenzo Musetti,R,185,ITA,23.173,9,3550,202261,,Q,Otto Virtanen,R,193,FIN,23.871,130,455,6-3 6-2,3,R64,85,1,1,53,37,30,9,9,0,0,1,1,65,38,25,10,8,6,9
2025-416,Rome Masters,Clay,96,M,20250505,53,208029,9,,Holger Rune,R,188,DEN,22.018,10,3440,207681,,,Francisco Comesana,R,178,ARG,24.578,63,906,3-6 6-3 6-4,3,R64,177,3,2,136,93,59,21,14,18,20,4,4,96,59,40,19,14,7,10
2025-416,Rome Masters,Clay,96,M,20250505,54,106421,10,,Daniil Medvedev,R,198,RUS,29.229,11,3290,111815,,LL,Cameron Norrie,L,188,GBR,29.7,91,667,6-4 6-2,3,R64,92,4,4,50,34,25,10,9,0,1,0,2,77,54,33,8,9,10,14
2025-416,Rome Masters,Clay,96,M,20250505,55,209950,13,,Arthur Fils,R,185,FRA,20.895,14,2920,134868,,,Tallon Griekspoor,R,188,NED,28.841,35,1505,6-2 6-2,3,R64,67,2,1,45,25,19,15,8,1,1,2,1,53,33,18,10,8,3,7
2025-416,Rome Masters,Clay,96,M,20250505,56,208859,,WC,Francesco Passaro,R,180,ITA,24.323,101,593,105777,14,,Grigor Dimitrov,R,191,BUL,33.971,15,2685,7-5 6-3,3,R64,104,1,2,58,41,34,7,11,1,3,6,7,77,41,27,16,10,10,14
2025-416,Rome Masters,Clay,96,M,20250505,57,126774,18,,Stefanos Tsitsipas,R,193,GRE,26.73,19,2420,124186,,,Alexandre Muller,R,183,FRA,28.255,39,1403,6-2 7-6(3),3,R64,91,8,3,57,36,29,12,10,0,1,2,3,73,55,32,8,10,4,7
2025-416,Rome Masters,Clay,96,M,20250505,58,144895,,,Corentin Moutet,L,180,FRA,26.045,83,752,200005,21,,Ugo Humbert,L,188,FRA,26.858,22,2145,6-3 4-0 RET,3,R64,69,1,1,39,21,14,11,6,5,6,0,2,51,34,14,8,7,3,8
2025-416,Rome Masters,Clay,96,M,20250505,59,111575,23,,Karen Khachanov,R,198,RUS,28.956,24,1910,208882,,Q,Roman Andres Burruchaga,R,183,ARG,23.28,135,439,6-4 5-7 6-1,3,R64,160,5,3,103,75,48,15,14,7,10,1,3,96,62,37,17,15,4,10
2025-416,Rome Masters,Clay,96,M,20250505,60,200615,24,,Alexei Popyrin,R,196,AUS,25.749,25,1860,126535,,Q,Carlos Taberner,R,183,ESP,27.74,139,417,6-1 7-6(4),3,R64,100,9,1,68,45,32,15,10,2,3,0,3,59,41,27,9,9,5,8
2025-416,Rome Masters,Clay,96,M,20250505,61,209147,,Q,Vilius Gaubas,R,178,LTU,20.348,154,371,133430,27,,Denis Shapovalov,L,185,CAN,26.056,28,1726,6-3 6-4,3,R64,107,0,2,73,57,37,10,10,6,7,4,9,66,35,22,14,9,3,6
2025-416,Rome Masters,Clay,96,M,20250505,62,206909,28,,Brandon Nakashima,R,188,USA,23.754,29,1675,111442,,,Jordan Thompson,R,183,AUS,31.042,41,1355,W/O,3,R64,,,,,,,,,,,,,,,,,,,
2025-416,Rome Masters,Clay,96,M,20250505,63,111513,,,Laslo Djere,R,188,SRB,29.925,64,902,210506,31,,Alex Michelsen,R,193,USA,20.693,32,1570,6-0 6-3,3,R64,71,1,0,55,34,24,12,8,3,4,0,3,49,34,17,5,7,3,8
2025-416,Rome Masters,Clay,96,M,20250505,64,200240,,Q,Vit Kopriva,R,178,CZE,27.888,92,655,202104,32,,Sebastian Baez,R,170,ARG,24.35,33,1540,3-6 6-4 6-4,3,R64,152,3,1,95,66,40,17,15,3,7,2,2,91,64,40,14,14,4,8
2025-416,Rome Masters,Clay,96,M,20250505,65,206173,1,,Jannik Sinner,R,191,ITA,23.718,1,9730,207411,,LL,Jesper de Jong,R,180,NED,24.928,93,640,6-4 6-2,3,R32,93,4,1,52,33,21,13,9,2,4,1,1,58,28,15,11,9,2,7
2025-416,Rome Masters,Clay,96,M,20250505,66,134770,6,,Casper Ruud,R,183,NOR,26.368,7,3715,126610,29,,Matteo Berrettini,R,196,ITA,29.062,30,1670,7-5 2-0 RET,3,R32,60,4,1,35,25,22,6,7,0,0,1,1,44,30,21,6,7,2,4
2025-416,Rome Masters,Clay,96,M,20250505,67,200282,7,,Alex de Minaur,R,183,AUS,26.212,8,3635,106198,,LL,Hugo Dellien,R,180,BOL,31.885,103,587,6-4 6-4,3,R32,117,3,1,62,25,19,23,10,5,6,1,0,57,38,24,11,10,3,6
2025-416,Rome Masters,Clay,96,M,20250505,68,126205,11,,Tommy Paul,R,185,USA,27.967,12,3210,207830,19,,Tomas Machac,R,183,CZE,24.559,20,2215,6-3 6-7(5) 6-4,3,R32,143,7,0,99,57,44,22,16,2,4,3,1,86,50,34,21,15,2,6
2025-416,Rome Masters,Clay,96,M,20250505,69,202103,17,,Francisco Cerundolo,R,185,ARG,26.727,18,2425,124116,,Q,Sebastian Ofner,R,191,AUT,28.98,143,398,6-2 6-4,3,R32,76,2,0,53,35,27,12,9,3,3,4,0,51,27,19,11,9,1,4
2025-416,Rome Masters,Clay,96,M,20250505,70,210150,20,,Jakub Mensik,R,196,CZE,19.674,21,2182,206681,,,Fabian Marozsan,R,193,HUN,25.574,61,935,6-4 7-6(2),3,R32,89,10,2,64,35,29,17,11,4,6,2,5,72,42,29,14,11,3,6
2025-416,Rome Masters,Clay,96,M,20250505,71,144719,,,Jaume Munar,R,183,ESP,28,66,892,200624,22,,Sebastian Korda,R,196,USA,24.832,23,2020,6-4 6-2,3,R32,87,1,2,52,37,28,7,9,2,3,5,1,54,36,21,8,9,3,7
2025-416,Rome Masters,Clay,96,M,20250505,72,128034,30,,Hubert Hurkacz,R,196,POL,28.227,31,1665,106218,,,Marcos Giron,R,180,USA,31.781,45,1245,6-3 1-6 6-1,3,R32,96,12,0,70,45,36,9,12,1,4,6,0,64,38,23,14,11,7,11
2025-416,Rome Masters,Clay,96,M,20250505,73,100644,2,,Alexander Zverev,R,198,GER,28.041,2,8085,209147,,Q,Vilius Gaubas,R,178,LTU,20.348,154,371,6-4 6-0,3,R32,85,0,0,45,29,22,8,8,2,4,0,0,66,44,18,9,8,6,12
2025-416,Rome Masters,Clay,96,M,20250505,74,207989,3,,Carlos Alcaraz,R,183,ESP,22.001,3,7850,111513,,,Laslo Djere,R,188,SRB,29.925,64,902,7-6(2) 6-2,3,R32,103,1,0,66,44,30,14,10,2,4,1,3,72,36,21,19,10,5,9
2025-416,Rome Masters,Clay,96,M,20250505,75,207733,5,,Jack Draper,L,193,GBR,23.368,5,4440,200240,,Q,Vit Kopriva,R,178,CZE,27.888,92,655,6-4 6-3,3,R32,101,3,2,49,29,24,14,9,4,4,1,5,79,43,27,19,10,10,13
2025-416,Rome Masters,Clay,96,M,20250505,76,207518,8,,Lorenzo Musetti,R,185,ITA,23.173,9,3550,206909,28,,Brandon Nakashima,R,188,USA,23.754,29,1675,6-4 6-3,3,R32,83,4,1,52,39,32,6,9,1,1,4,0,49,30,25,7,10,1,4
2025-416,Rome Masters,Clay,96,M,20250505,77,144895,,,Corentin Moutet,L,180,FRA,26.045,83,752,208029,9,,Holger Rune,R,188,DEN,22.018,10,3440,7-5 5-7 7-6(4),3,R32,224,4,4,113,64,50,23,18,1,4,4,8,135,58,40,41,18,10,13
2025-416,Rome Masters,Clay,96,M,20250505,78,106421,10,,Daniil Medvedev,R,198,RUS,29.229,11,3290,200615,24,,Alexei Popyrin,R,196,AUS,25.749,25,1860,6-4 6-1,3,R32,86,4,3,62,39,29,10,9,6,7,2,0,57,32,20,11,8,2,6
2025-416,Rome Masters,Clay,96,M,20250505,79,209950,13,,Arthur Fils,R,185,FRA,20.895,14,2920,126774,18,,Stefanos Tsitsipas,R,193,GRE,26.73,19,2420,2-6 6-4 6-2,3,R32,113,3,0,73,46,29,19,13,2,4,5,4,76,46,32,14,13,0,3
2025-416,Rome Masters,Clay,96,M,20250505,80,111575,23,,Karen Khachanov,R,198,RUS,28.956,24,1910,208859,,WC,Francesco Passaro,R,180,ITA,24.323,101,593,6-3 6-0,3,R32,61,1,1,40,21,17,10,7,1,2,1,2,41,23,10,4,8,0,6
2025-416,Rome Masters,Clay,96,M,20250505,81,134770,6,,Casper Ruud,R,183,NOR,26.368,7,3715,144719,,,Jaume Munar,R,183,ESP,28,66,892,6-3 6-4,3,R16,97,1,1,54,32,25,17,10,2,2,3,3,61,34,23,16,9,3,5
2025-416,Rome Masters,Clay,96,M,20250505,82,206173,1,,Jannik Sinner,R,191,ITA,23.718,1,9730,202103,17,,Francisco Cerundolo,R,185,ARG,26.727,18,2425,7-6(2) 6-3,3,R16,137,2,0,91,60,40,15,11,6,8,2,3,86,60,36,11,10,9,12
2025-416,Rome Masters,Clay,96,M,20250505,83,100644,2,,Alexander Zverev,R,198,GER,28.041,2,8085,209950,13,,Arthur Fils,R,185,FRA,20.895,14,2920,7-6(3) 6-1,3,R16,105,8,0,64,47,34,7,9,5,7,1,5,75,43,27,12,10,5,10
2025-416,Rome Masters,Clay,96,M,20250505,84,207989,3,,Carlos Alcaraz,R,183,ESP,22.001,3,7850,111575,23,,Karen Khachanov,R,198,RUS,28.956,24,1910,6-3 3-6 7-5,3,R16,148,1,2,105,69,45,15,15,5,9,3,3,88,58,40,13,15,5,10
2025-416,Rome Masters,Clay,96,M,20250505,85,207733,5,,Jack Draper,L,193,GBR,23.368,5,4440,144895,,,Corentin Moutet,L,180,FRA,26.045,83,752,1-6 6-4 6-3,3,R16,140,2,2,72,45,32,15,13,1,4,2,3,79,43,29,21,13,5,8
2025-416,Rome Masters,Clay,96,M,20250505,86,126205,11,,Tommy Paul,R,185,USA,27.967,12,3210,200282,7,,Alex de Minaur,R,183,AUS,26.212,8,3635,7-5 6-3,3,R16,114,0,1,74,43,27,19,11,8,10,1,3,72,41,23,15,10,3,7
2025-416,Rome Masters,Clay,96,M,20250505,87,207518,8,,Lorenzo Musetti,R,185,ITA,23.173,9,3550,106421,10,,Daniil Medvedev,R,198,RUS,29.229,11,3290,7-5 6-4,3,R16,99,4,0,58,35,27,16,11,2,3,2,0,58,35,25,12,11,2,5
2025-416,Rome Masters,Clay,96,M,20250505,88,128034,30,,Hubert Hurkacz,R,196,POL,28.227,31,1665,210150,20,,Jakub Mensik,R,196,CZE,19.674,21,2182,7-6(5) 4-6 7-6(5),3,R16,179,19,3,130,85,62,25,17,7,8,17,6,115,63,54,27,17,3,3
2025-416,Rome Masters,Clay,96,M,20250505,89,206173,1,,Jannik Sinner,R,191,ITA,23.718,1,9730,134770,6,,Casper Ruud,R,183,NOR,26.368,7,3715,6-0 6-1,3,QF,64,1,0,33,23,18,7,6,0,0,1,2,44,23,10,4,7,3,9
2025-416,Rome Masters,Clay,96,M,20250505,90,126205,11,,Tommy Paul,R,185,USA,27.967,12,3210,128034,30,,Hubert Hurkacz,R,196,POL,28.227,31,1665,7-6(4) 6-3,3,QF,118,1,1,91,53,39,17,11,5,8,6,2,71,44,31,8,10,5,9
2025-416,Rome Masters,Clay,96,M,20250505,91,207518,8,,Lorenzo Musetti,R,185,ITA,23.173,9,3550,100644,2,,Alexander Zverev,R,198,GER,28.041,2,8085,7-6(1) 6-4,3,QF,135,2,0,74,37,26,22,11,4,6,3,2,73,51,30,11,11,0,3
2025-416,Rome Masters,Clay,96,M,20250505,92,207989,3,,Carlos Alcaraz,R,183,ESP,22.001,3,7850,207733,5,,Jack Draper,L,193,GBR,23.368,5,4440,6-4 6-4,3,QF,97,1,3,80,49,30,18,10,6,8,1,2,47,32,18,7,10,0,4
2025-416,Rome Masters,Clay,96,M,20250505,93,206173,1,,Jannik Sinner,R,191,ITA,23.718,1,9730,126205,11,,Tommy Paul,R,185,USA,27.967,12,3210,1-6 6-0 6-3,3,SF,103,4,1,61,44,32,7,11,3,6,0,3,74,58,33,7,11,5,10
2025-416,Rome Masters,Clay,96,M,20250505,94,207989,3,,Carlos Alcaraz,R,183,ESP,22.001,3,7850,207518,8,,Lorenzo Musetti,R,185,ITA,23.173,9,3550,6-3 7-6(4),3,SF,123,1,5,72,48,32,11,10,5,8,0,1,93,67,41,7,11,9,14
2025-416,Rome Masters,Clay,96,M,20250505,95,207989,3,,Carlos Alcaraz,R,183,ESP,22.001,3,7850,206173,1,,Jannik Sinner,R,191,ITA,23.718,1,9730,7-6(5) 6-1,3,F,103,4,2,75,48,35,16,10,2,2,1,3,58,35,25,10,9,1,3
2025-414,Hamburg,Clay,32,A,20250519,1,126207,2,,Frances Tiafoe,R,188,USA,27.326,15,2625,207352,,,Yunchaokete Bu,R,185,CHN,23.329,70,874,7-5 6-2,3,R32,88,4,3,63,33,26,17,10,3,4,5,5,62,29,21,13,10,5,9
2025-414,Hamburg,Clay,32,A,20250519,2,200221,5,,Alejandro Davidovich Fokina,R,180,ESP,25.955,26,1730,104792,,,Gael Monfils,R,193,FRA,38.713,42,1265,6-3 6-3,3,R32,83,1,1,65,48,33,7,9,3,4,6,4,59,35,21,10,9,6,10
2025-414,Hamburg,Clay,32,A,20250519,3,200000,6,,Felix Auger-Aliassime,R,193,CAN,24.778,30,1685,127157,,,Daniel Altmaier,R,188,GER,26.683,66,906,6-3 6-3,3,R32,79,5,1,48,33,29,8,9,1,1,2,3,59,35,24,10,9,3,6
2025-414,Hamburg,Clay,32,A,20250519,4,200116,,,Camilo Ugo Carabelli,R,185,ARG,25.922,52,1000,202104,8,,Sebastian Baez,R,170,ARG,24.389,36,1450,6-3 2-6 6-4,3,R32,145,3,4,116,69,40,23,14,12,17,0,1,73,55,32,7,13,2,7
2025-414,Hamburg,Clay,32,A,20250519,5,207925,,,Flavio Cobolli,R,183,ITA,23.036,35,1480,126964,,LL,Vitaliy Sachko,R,188,UKR,27.847,235,237,5-7 6-2 6-2,3,R32,157,4,5,106,65,41,16,14,6,11,1,4,106,62,34,16,14,15,23
2025-414,Hamburg,Clay,32,A,20250519,6,144869,,,Tomas Martin Etcheverry,R,196,ARG,25.837,55,975,207681,,,Francisco Comesana,R,178,ARG,24.616,64,911,7-6(4) 6-3,3,R32,119,3,0,75,39,30,19,11,3,4,2,3,65,36,27,11,10,3,5
2025-414,Hamburg,Clay,32,A,20250519,7,208659,,,Giovanni Mpetshi Perricard,R,203,FRA,21.864,32,1614,122330,,,Alexander Bublik,R,196,KAZ,27.921,51,1005,7-6(6) 6-4,3,R32,84,10,5,79,52,42,13,11,4,5,7,2,65,44,31,12,11,2,4
2025-414,Hamburg,Clay,32,A,20250519,8,100644,1,WC,Alexander Zverev,R,198,GER,28.079,3,7285,206499,,Q,Aleksandar Kovacevic,R,183,USA,26.721,80,787,6-1 7-6(5),3,R32,94,7,0,49,35,31,8,9,0,1,4,0,74,38,23,18,10,1,5
2025-414,Hamburg,Clay,32,A,20250519,9,126094,3,,Andrey Rublev,R,188,RUS,27.578,17,2540,106000,,,Damir Dzumhur,R,175,BIH,32.997,69,875,6-4 6-3,3,R32,89,3,1,67,35,29,11,10,3,5,2,5,65,42,22,13,9,5,9
2025-414,Hamburg,Clay,32,A,20250519,10,206909,7,,Brandon Nakashima,R,188,USA,23.792,29,1690,209920,,Q,Raphael Collignon,R,191,BEL,23.346,84,726,6-5 RET,3,R32,60,1,2,39,22,15,4,6,2,5,2,7,34,17,11,4,5,2,5
2025-414,Hamburg,Clay,32,A,20250519,11,105138,,,Roberto Bautista Agut,R,183,ESP,37.095,57,974,106218,,,Marcos Giron,R,180,USA,31.819,43,1265,7-6(5) 6-0,3,R32,97,0,0,65,38,25,14,9,1,3,5,1,58,29,18,9,9,4,9
2025-414,Hamburg,Clay,32,A,20250519,12,211514,,WC,Justin Engel,R,185,GER,17.632,333,154,105526,,WC,Jan-Lennard Struff,R,193,GER,35.066,86,690,7-6(4) 7-6(4),3,R32,100,11,5,87,53,43,17,12,3,4,3,1,70,40,33,19,12,1,2
2025-414,Hamburg,Clay,32,A,20250519,13,208103,,,Jiri Lehecka,R,185,CZE,23.526,37,1415,127339,,Q,Borna Gojo,R,196,CRO,27.222,255,221,6-4 3-6 6-2,3,R32,115,4,1,74,50,36,15,13,3,5,5,1,88,57,39,12,14,3,7
2025-414,Hamburg,Clay,32,A,20250519,14,124186,,,Alexandre Muller,R,183,FRA,28.293,40,1313,111200,,Q,Elias Ymer,R,185,SWE,29.106,279,190,6-3 7-5,3,R32,114,2,1,86,61,34,15,11,12,15,3,3,67,42,26,8,10,5,10
2025-414,Hamburg,Clay,32,A,20250519,15,202103,4,,Francisco Cerundolo,R,185,ARG,26.765,18,2475,124079,,,Pedro Martinez,R,185,ESP,28.063,48,1070,6-2 6-3,3,R32,88,6,6,53,23,13,14,9,1,5,0,1,57,44,17,3,8,3,10
2025-414,Hamburg,Clay,32,A,20250519,16,209260,,,Luciano Darderi,R,183,ITA,23.258,45,1159,D0LJ,,WC,Diego Dedura-Palomero,L,180,GER,17.185,372,130,6-1 6-4,3,R32,69,4,5,57,29,26,14,9,6,6,0,3,45,30,20,5,8,0,3
2025-414,Hamburg,Clay,32,A,20250519,17,124186,,,Alexandre Muller,R,183,FRA,28.293,40,1313,100644,1,WC,Alexander Zverev,R,198,GER,28.079,3,7285,6-3 4-6 7-6(5),3,R16,160,5,3,96,61,45,18,16,0,3,4,4,99,66,41,20,15,6,9
2025-414,Hamburg,Clay,32,A,20250519,18,105138,,,Roberto Bautista Agut,R,183,ESP,37.095,57,974,126207,2,,Frances Tiafoe,R,188,USA,27.326,15,2625,6-2 6-3,3,R16,86,4,6,62,32,26,16,9,1,1,5,1,47,26,17,9,8,2,5
2025-414,Hamburg,Clay,32,A,20250519,19,126094,3,,Andrey Rublev,R,188,RUS,27.578,17,2540,211514,,WC,Justin Engel,R,185,GER,17.632,333,154,6-3 7-5,3,R16,102,7,3,79,45,34,15,11,5,7,3,2,65,40,25,10,10,9,13
2025-414,Hamburg,Clay,32,A,20250519,20,208103,,,Jiri Lehecka,R,185,CZE,23.526,37,1415,202103,4,,Francisco Cerundolo,R,185,ARG,26.765,18,2475,7-5 6-2,3,R16,100,3,0,64,44,27,12,10,5,8,1,4,75,46,26,10,10,4,10
2025-414,Hamburg,Clay,32,A,20250519,21,207925,,,Flavio Cobolli,R,183,ITA,23.036,35,1480,200221,5,,Alejandro Davidovich Fokina,R,180,ESP,25.955,26,1730,6-4 7-5,3,R16,106,2,2,75,45,27,16,11,3,7,0,0,69,52,25,9,11,8,14
2025-414,Hamburg,Clay,32,A,20250519,22,200000,6,,Felix Auger-Aliassime,R,193,CAN,24.778,30,1685,208659,,,Giovanni Mpetshi Perricard,R,203,FRA,21.864,32,1614,6-2 6-4,3,R16,73,7,1,48,34,28,8,9,2,3,1,4,52,31,18,9,9,0,4
2025-414,Hamburg,Clay,32,A,20250519,23,209260,,,Luciano Darderi,R,183,ITA,23.258,45,1159,206909,7,,Brandon Nakashima,R,188,USA,23.792,29,1690,7-5 6-7(7) 6-2,3,R16,167,6,5,104,59,38,22,16,3,8,4,2,116,75,44,16,16,9,17
2025-414,Hamburg,Clay,32,A,20250519,24,144869,,,Tomas Martin Etcheverry,R,196,ARG,25.837,55,975,200116,,,Camilo Ugo Carabelli,R,185,ARG,25.922,52,1000,6-4 6-4,3,R16,114,10,1,68,41,32,14,10,1,1,3,4,80,42,31,17,10,10,12
2025-414,Hamburg,Clay,32,A,20250519,25,126094,3,,Andrey Rublev,R,188,RUS,27.578,17,2540,209260,,,Luciano Darderi,R,183,ITA,23.258,45,1159,6-1 3-6 6-3,3,QF,113,5,2,80,48,39,16,13,5,6,2,4,77,52,34,13,12,4,7
2025-414,Hamburg,Clay,32,A,20250519,26,200000,6,,Felix Auger-Aliassime,R,193,CAN,24.778,30,1685,124186,,,Alexandre Muller,R,183,FRA,28.293,40,1313,7-6(4) 6-7(6) 6-3,3,QF,178,6,3,114,70,50,23,16,4,6,0,3,109,78,54,14,17,8,12
2025-414,Hamburg,Clay,32,A,20250519,27,207925,,,Flavio Cobolli,R,183,ITA,23.036,35,1480,105138,,,Roberto Bautista Agut,R,183,ESP,37.095,57,974,7-6(4) 6-0,3,QF,84,1,1,53,33,22,16,9,0,1,0,3,49,31,20,6,9,3,7
2025-414,Hamburg,Clay,32,A,20250519,28,144869,,,Tomas Martin Etcheverry,R,196,ARG,25.837,55,975,208103,,,Jiri Lehecka,R,185,CZE,23.526,37,1415,7-5 6-3,3,QF,112,2,0,64,40,26,16,11,4,6,2,0,74,53,30,10,10,4,8
2025-414,Hamburg,Clay,32,A,20250519,29,126094,3,,Andrey Rublev,R,188,RUS,27.578,17,2540,200000,6,,Felix Auger-Aliassime,R,193,CAN,24.778,30,1685,6-1 6-4,3,SF,85,4,1,55,33,25,15,9,1,1,5,0,51,35,23,6,8,4,7
2025-414,Hamburg,Clay,32,A,20250519,30,207925,,,Flavio Cobolli,R,183,ITA,23.036,35,1480,144869,,,Tomas Martin Etcheverry,R,196,ARG,25.837,55,975,2-6 7-5 6-4,3,SF,167,6,5,106,60,39,25,15,4,7,4,2,101,56,37,26,15,7,10
2025-414,Hamburg,Clay,32,A,20250519,31,207925,,,Flavio Cobolli,R,183,ITA,23.036,35,1480,126094,3,,Andrey Rublev,R,188,RUS,27.578,17,2540,6-2 6-4,3,F,88,2,2,72,41,23,21,9,6,7,2,2,46,24,15,8,9,0,4
2025-322,Geneva,Clay,28,A,20250519,1,128034,6,,Hubert Hurkacz,R,196,POL,28.266,31,1665,209070,,WC,Arthur Cazaux,R,183,FRA,22.738,113,508,6-3 6-4,3,R32,77,3,3,61,35,24,16,10,3,4,5,1,49,28,21,9,9,2,5
2025-322,Geneva,Clay,28,A,20250519,2,206681,,,Fabian Marozsan,R,193,HUN,25.613,56,975,SM88,,Q,Karue Sell,R,183,BRA,31.513,300,175,6-1 6-1,3,R32,45,4,0,33,23,20,9,7,0,0,0,0,38,19,7,8,7,1,6
2025-322,Geneva,Clay,28,A,20250519,3,126239,,,Arthur Rinderknech,R,196,FRA,29.823,72,820,200175,,,Miomir Kecmanovic,R,183,SRB,25.717,46,1146,6-4 6-2,3,R32,73,4,0,52,31,25,13,9,0,0,1,0,56,36,23,10,9,6,9
2025-322,Geneva,Clay,28,A,20250519,4,208286,8,,Matteo Arnaldi,R,185,ITA,24.235,39,1365,200384,,,Hugo Gaston,L,173,FRA,24.643,74,816,6-7(6) 6-4 6-4,3,R32,144,8,4,95,58,43,18,16,5,8,0,1,95,51,33,25,16,4,9
2025-322,Geneva,Clay,28,A,20250519,5,207985,,,Jacob Fearnley,R,183,GBR,23.844,54,976,105583,,WC,Dusan Lajovic,R,183,SRB,34.886,124,466,6-4 6-1,3,R32,72,5,1,55,28,23,9,8,3,5,2,1,55,33,16,8,9,4,10
2025-322,Geneva,Clay,28,A,20250519,6,105916,,,Marton Fucsovics,R,188,HUN,33.276,134,443,200267,,,Zizou Bergs,R,185,BEL,25.96,49,1051,6-2 6-3,3,R32,80,2,1,51,28,22,10,8,4,5,1,5,59,36,23,7,9,3,8
2025-322,Geneva,Clay,28,A,20250519,7,111460,,,Quentin Halys,R,191,FRA,28.561,50,1024,144719,,,Jaume Munar,R,183,ESP,28.038,58,962,4-6 6-3 7-6(5),3,R32,143,6,2,91,53,41,27,16,1,3,3,6,99,70,54,11,15,5,7
2025-322,Geneva,Clay,28,A,20250519,8,105453,,,Kei Nishikori,R,178,JPN,35.387,62,928,210530,,,Learner Tien,L,180,USA,19.461,67,893,4-6 6-4 6-4,3,R32,126,3,3,98,59,44,20,15,11,13,6,3,96,61,38,19,15,6,9
2025-322,Geneva,Clay,28,A,20250519,9,111815,,Q,Cameron Norrie,L,188,GBR,29.739,90,657,208502,,WC,Dominic Stricker,L,183,SUI,22.757,233,240,7-6(2) 6-3,3,R32,95,1,2,72,43,22,19,10,6,9,8,1,72,40,27,11,11,1,6
2025-322,Geneva,Clay,28,A,20250519,10,124116,,Q,Sebastian Ofner,R,191,AUT,29.018,128,458,123809,,Q,Ivan Gakhov,L,191,RUS,28.537,265,212,6-1 6-2,3,R32,53,6,0,39,17,15,15,7,2,2,3,2,51,28,18,7,8,2,7
2025-322,Geneva,Clay,28,A,20250519,11,200615,5,,Alexei Popyrin,R,196,AUS,25.788,25,1900,111797,,,Nicolas Jarry,R,201,CHI,29.604,150,390,6-4 3-6 7-5,3,R32,147,5,4,94,59,43,16,15,6,9,13,3,100,62,44,18,16,6,10
2025-322,Geneva,Clay,28,A,20250519,12,132686,,,Nuno Borges,R,185,POR,28.244,41,1270,210506,7,,Alex Michelsen,R,193,USA,20.731,33,1550,4-6 6-3 6-3,3,R32,101,4,1,86,57,41,19,14,4,5,6,1,74,48,35,13,14,1,4
2025-322,Geneva,Clay,28,A,20250519,13,126203,1,,Taylor Fritz,R,196,USA,27.556,4,4625,111460,,,Quentin Halys,R,191,FRA,28.561,50,1024,6-4 7-6(5),3,R16,95,8,2,74,47,37,15,11,3,4,6,4,71,38,33,15,11,7,9
2025-322,Geneva,Clay,28,A,20250519,14,104925,2,,Novak Djokovic,R,188,SRB,37.993,6,4080,105916,,,Marton Fucsovics,R,188,HUN,33.276,134,443,6-2 6-3,3,R16,77,4,1,48,35,28,10,9,0,0,0,0,53,30,16,11,8,3,6
2025-322,Geneva,Clay,28,A,20250519,15,111815,,Q,Cameron Norrie,L,188,GBR,29.739,90,657,207830,3,,Tomas Machac,R,183,CZE,24.597,21,2265,3-6 6-2 4-3 RET,3,R16,105,3,3,63,41,27,11,12,0,4,9,3,97,60,35,17,12,9,14
2025-322,Geneva,Clay,28,A,20250519,16,200615,5,,Alexei Popyrin,R,196,AUS,25.788,25,1900,207985,,,Jacob Fearnley,R,183,GBR,23.844,54,976,6-4 6-3,3,R16,70,7,0,63,50,36,7,10,6,7,1,1,43,28,23,6,9,0,3
2025-322,Geneva,Clay,28,A,20250519,17,128034,6,,Hubert Hurkacz,R,196,POL,28.266,31,1665,126239,,,Arthur Rinderknech,R,196,FRA,29.823,72,820,6-4 6-1,3,R16,61,10,0,50,33,27,12,9,3,3,3,3,47,28,21,6,8,1,4
2025-322,Geneva,Clay,28,A,20250519,18,208286,8,,Matteo Arnaldi,R,185,ITA,24.235,39,1365,206681,,,Fabian Marozsan,R,193,HUN,25.613,56,975,6-3 7-6(3),3,R16,112,5,0,75,47,33,20,11,2,2,2,2,76,43,31,16,10,5,6
2025-322,Geneva,Clay,28,A,20250519,19,124116,,Q,Sebastian Ofner,R,191,AUT,29.018,128,458,132686,,,Nuno Borges,R,185,POR,28.244,41,1270,7-6(2) 7-6(4),3,R16,113,6,3,88,49,37,22,12,4,7,4,4,87,62,42,12,12,5,8
2025-322,Geneva,Clay,28,A,20250519,20,111575,4,,Karen Khachanov,R,198,RUS,28.994,24,1910,105453,,,Kei Nishikori,R,178,JPN,35.387,62,928,7-5 2-5 RET,3,R16,84,9,2,55,36,24,10,10,5,8,1,2,56,27,21,14,9,1,3
2025-322,Geneva,Clay,28,A,20250519,21,128034,6,,Hubert Hurkacz,R,196,POL,28.266,31,1665,126203,1,,Taylor Fritz,R,196,USA,27.556,4,4625,6-3 7-6(5),3,QF,85,9,2,71,45,39,13,11,3,3,10,1,69,44,39,9,10,3,4
2025-322,Geneva,Clay,28,A,20250519,22,104925,2,,Novak Djokovic,R,188,SRB,37.993,6,4080,208286,8,,Matteo Arnaldi,R,185,ITA,24.235,39,1365,6-4 6-4,3,QF,99,2,2,57,39,25,14,10,0,1,6,1,68,47,31,9,10,6,9
2025-322,Geneva,Clay,28,A,20250519,23,124116,,Q,Sebastian Ofner,R,191,AUT,29.018,128,458,111575,4,,Karen Khachanov,R,198,RUS,28.994,24,1910,4-6 6-4 6-4,3,QF,116,10,1,84,43,33,25,15,2,4,7,1,84,57,41,15,15,4,7
2025-322,Geneva,Clay,28,A,20250519,24,111815,,Q,Cameron Norrie,L,188,GBR,29.739,90,657,200615,5,,Alexei Popyrin,R,196,AUS,25.788,25,1900,7-6(6) 6-4,3,QF,103,0,2,66,44,33,15,11,4,5,6,0,79,53,37,12,11,5,7
2025-322,Geneva,Clay,28,A,20250519,25,104925,2,,Novak Djokovic,R,188,SRB,37.993,6,4080,111815,,Q,Cameron Norrie,L,188,GBR,29.739,90,657,6-4 6-7(6) 6-1,3,SF,134,11,3,82,52,45,18,15,2,3,3,2,91,55,40,16,14,5,9
2025-322,Geneva,Clay,28,A,20250519,26,128034,6,,Hubert Hurkacz,R,196,POL,28.266,31,1665,124116,,Q,Sebastian Ofner,R,191,AUT,29.018,128,458,6-3 6-4,3,SF,60,7,0,47,33,29,11,10,0,0,1,3,59,38,24,12,9,5,7
2025-322,Geneva,Clay,28,A,20250519,27,104925,2,,Novak Djokovic,R,188,SRB,37.993,6,4080,128034,6,,Hubert Hurkacz,R,196,POL,28.266,31,1665,5-7 7-6(2) 7-6(2),3,F,185,6,3,110,66,57,22,18,0,2,19,4,123,79,58,23,18,4,5
2025-520,Roland Garros,Clay,128,G,20250526,1,100644,3,,Alexander Zverev,R,198,GER,28.099,3,7285,210530,,,Learner Tien,L,180,USA,19.48,67,893,6-3 6-3 6-4,5,R128,,3,3,74,51,46,14,14,4,4,2,3,90,57,37,15,14,8,12
2025-520,Roland Garros,Clay,128,G,20250526,2,207733,5,,Jack Draper,L,193,GBR,23.425,5,4610,208233,,,Mattia Bellucci,L,175,ITA,23.984,68,891,3-6 6-1 6-4 6-2,5,R128,,11,7,101,69,51,19,17,4,6,9,1,111,63,39,24,17,12,18
2025-520,Roland Garros,Clay,128,G,20250526,3,104925,6,,Novak Djokovic,R,188,SRB,38.012,6,4230,111456,,,Mackenzie McDonald,R,178,USA,30.111,98,617,6-3 6-3 6-3,5,R128,,7,1,71,47,38,17,14,4,5,6,3,79,52,31,13,13,4,9
2025-520,Roland Garros,Clay,128,G,20250526,4,200282,9,,Alex de Minaur,R,183,AUS,26.27,9,3635,111513,,,Laslo Djere,R,188,SRB,29.982,59,952,6-3 6-4 7-6(6),5,R128,,2,5,99,43,32,34,16,3,5,2,4,108,69,43,20,15,1,5
2025-520,Roland Garros,Clay,128,G,20250526,5,111815,,,Cameron Norrie,L,188,GBR,29.758,81,762,106421,11,,Daniil Medvedev,R,198,RUS,29.287,11,3290,7-5 6-3 4-6 1-6 7-5,5,R128,,1,2,171,112,71,31,25,9,15,16,3,154,93,65,32,25,6,12
2025-520,Roland Garros,Clay,128,G,20250526,6,210319,,Q,Ethan Quinn,R,191,USA,21.205,106,538,105777,16,,Grigor Dimitrov,R,191,BUL,34.029,17,2595,2-6 3-6 6-2 RET,5,R128,,7,3,86,59,35,14,12,4,8,7,5,84,49,35,14,13,4,7
2025-520,Roland Garros,Clay,128,G,20250526,7,126094,17,,Andrey Rublev,R,188,RUS,27.598,15,2820,144750,,Q,Lloyd Harris,R,193,RSA,28.249,227,244,6-4 4-6 6-3 6-1,5,R128,,13,2,103,65,46,26,18,5,7,13,4,114,73,45,19,18,8,14
2025-520,Roland Garros,Clay,128,G,20250526,8,210150,19,,Jakub Mensik,R,196,CZE,19.732,19,2272,124186,,,Alexandre Muller,R,183,FRA,28.312,39,1388,7-5 6-7(5) 7-5 6-3,5,R128,,20,3,135,89,72,25,23,3,5,8,5,139,94,64,26,22,6,11
2025-520,Roland Garros,Clay,128,G,20250526,9,208286,,,Matteo Arnaldi,R,185,ITA,24.255,36,1415,200000,29,,Felix Auger-Aliassime,R,193,CAN,24.797,27,1875,5-7 2-6 6-3 6-4 6-2,5,R128,,7,8,172,102,73,32,24,16,20,8,7,137,80,57,32,23,12,17
2025-520,Roland Garros,Clay,128,G,20250526,10,211663,,,Joao Fonseca,R,188,BRA,18.762,65,907,128034,30,,Hubert Hurkacz,R,196,POL,28.285,28,1830,6-2 6-4 6-2,5,R128,,9,0,71,51,40,14,13,2,2,6,0,79,51,34,9,13,7,12
2025-520,Roland Garros,Clay,128,G,20250526,11,122330,,,Alexander Bublik,R,196,KAZ,27.94,62,915,105902,,,James Duckworth,R,183,AUS,33.344,92,651,6-2 6-4 6-4,5,R128,,16,9,101,61,50,21,14,4,4,2,5,92,67,42,10,14,5,9
2025-520,Roland Garros,Clay,128,G,20250526,12,207925,,,Flavio Cobolli,R,183,ITA,23.055,26,1920,105227,,LL,Marin Cilic,R,198,CRO,36.657,104,563,6-2 6-1 6-3,5,R128,,3,2,70,46,34,16,12,3,3,4,4,74,35,20,17,12,3,9
2025-520,Roland Garros,Clay,128,G,20250526,13,207411,,,Jesper de Jong,R,180,NED,24.986,88,690,208859,,,Francesco Passaro,R,180,ITA,24.381,139,423,3-6 6-7(7) 6-4 7-6(1) 6-1,5,R128,,9,4,147,96,77,26,25,2,6,3,6,178,123,81,24,25,11,17
2025-520,Roland Garros,Clay,128,G,20250526,14,144870,,LL,Federico Agustin Gomez,R,191,ARG,28.496,144,405,206499,,,Aleksandar Kovacevic,R,183,USA,26.741,76,799,4-6 6-4 6-4 6-1,5,R128,,16,4,111,59,45,30,19,3,6,2,7,116,63,43,24,18,11,17
2025-520,Roland Garros,Clay,128,G,20250526,15,105732,,WC,Pierre-Hugues Herbert,R,188,FRA,34.19,147,399,126127,,,Benjamin Bonzi,R,183,FRA,28.961,60,943,7-5 3-6 4-6 7-5 6-2,5,R128,,11,17,146,90,68,24,26,3,8,3,3,155,117,78,19,25,8,14
2025-520,Roland Garros,Clay,128,G,20250526,16,104792,,,Gael Monfils,R,193,FRA,38.732,42,1265,106198,,,Hugo Dellien,R,180,BOL,31.943,90,656,4-6 3-6 6-1 7-6(4) 6-1,5,R128,,21,4,147,89,66,27,23,11,16,2,1,155,124,73,14,22,14,21
2025-520,Roland Garros,Clay,128,G,20250526,17,144895,,,Corentin Moutet,L,180,FRA,26.103,73,812,T09X,,Q,Clement Tabur,R,173,FRA,25.336,280,196,6-3 7-6(6) 6-3,5,R128,,3,6,109,54,40,31,14,8,10,3,3,111,71,40,24,16,5,11
2025-520,Roland Garros,Clay,128,G,20250526,18,210012,,Q,Henrique Rocha,R,180,POR,21.136,200,278,105932,,Q,Nikoloz Basilashvili,R,185,GEO,33.254,133,449,7-6(0) 2-6 7-6(9) 2-6 6-2,5,R128,,13,5,159,93,67,35,24,6,11,5,10,182,94,76,39,24,12,15
2025-520,Roland Garros,Clay,128,G,20250526,19,207686,,LL,Alexander Shevchenko,R,188,KAZ,24.487,103,580,105583,,,Dusan Lajovic,R,183,SRB,34.905,125,466,6-2 6-4 7-6(4),5,R128,,3,3,100,67,51,15,15,6,8,3,1,100,69,41,18,15,3,8
2025-520,Roland Garros,Clay,128,G,20250526,20,200443,,,Adam Walton,R,183,AUS,26.108,91,653,109739,,Q,Maximilian Marterer,L,188,GER,29.947,239,233,7-6(3) 4-6 6-3 2-6 6-2,5,R128,,11,2,152,101,73,23,24,8,13,6,4,153,112,71,23,23,10,15
2025-520,Roland Garros,Clay,128,G,20250526,21,206173,1,,Jannik Sinner,R,191,ITA,23.775,1,10380,126239,,,Arthur Rinderknech,R,196,FRA,29.843,75,801,6-4 6-3 7-5,5,R128,,4,0,89,60,45,20,16,5,7,7,2,88,52,37,15,15,1,6
2025-520,Roland Garros,Clay,128,G,20250526,22,207989,2,,Carlos Alcaraz,R,183,ESP,22.059,2,8850,206748,,Q,Giulio Zeppieri,L,183,ITA,23.466,310,172,6-3 6-4 6-2,5,R128,,3,4,86,57,44,17,14,3,3,6,0,85,55,37,11,13,4,8
2025-520,Roland Garros,Clay,128,G,20250526,23,127157,,,Daniel Altmaier,R,188,GER,26.702,66,906,126203,4,,Taylor Fritz,R,196,USA,27.576,4,4675,7-5 3-6 6-3 6-1,5,R128,,7,4,112,62,47,30,18,4,5,14,0,110,58,46,25,19,3,8
2025-520,Roland Garros,Clay,128,G,20250526,24,134770,7,,Casper Ruud,R,183,NOR,26.426,8,3655,R772,,Q,Albert Ramos-Vinolas,L,188,ESP,37.355,251,224,6-3 6-4 6-2,5,R128,,,,,,,,,,,,,,,,,,,
2025-520,Roland Garros,Clay,128,G,20250526,25,208029,10,,Holger Rune,R,188,DEN,22.075,10,3440,105138,,,Roberto Bautista Agut,R,183,ESP,37.114,49,1064,6-7(4) 6-4 6-3 6-2,5,R128,,9,0,135,92,65,25,20,10,11,4,2,117,66,51,22,19,8,13
2025-520,Roland Garros,Clay,128,G,20250526,26,209950,14,,Arthur Fils,R,185,FRA,20.953,14,2845,111797,,,Nicolas Jarry,R,201,CHI,29.624,149,390,6-3 6-4 6-7(6) 6-3,5,R128,,8,2,126,83,63,29,21,3,3,4,8,162,106,67,29,19,13,16
2025-520,Roland Garros,Clay,128,G,20250526,27,209113,,,Gabriel Diallo,R,203,CAN,23.669,54,997,202103,18,,Francisco Cerundolo,R,185,ARG,26.784,18,2475,7-5 6-3 6-4,5,R128,,4,2,94,59,46,21,16,0,1,4,3,88,56,37,18,15,7,11
2025-520,Roland Garros,Clay,128,G,20250526,28,126774,20,,Stefanos Tsitsipas,R,193,GRE,26.787,20,2270,144869,,,Tomas Martin Etcheverry,R,196,ARG,25.856,53,1025,7-5 6-3 6-4,5,R128,,12,3,93,53,41,25,16,1,2,8,6,108,58,39,23,15,9,13
2025-520,Roland Garros,Clay,128,G,20250526,29,200005,22,,Ugo Humbert,L,188,FRA,26.916,21,2155,106331,,,Christopher O'Connell,R,183,AUS,30.979,82,762,7-5 6-3 7-6(3),5,R128,,8,2,116,64,40,36,17,12,15,4,6,118,69,44,20,16,12,17
2025-520,Roland Garros,Clay,128,G,20250526,30,200624,23,,Sebastian Korda,R,196,USA,24.89,23,2020,209260,,,Luciano Darderi,R,183,ITA,23.277,45,1159,6-2 4-6 6-3 6-2,5,R128,,7,1,107,68,45,27,18,4,6,5,9,96,54,37,16,17,6,12
2025-520,Roland Garros,Clay,128,G,20250526,31,111575,24,,Karen Khachanov,R,198,RUS,29.013,24,1960,126846,,,Aleksandar Vukic,R,188,AUS,29.136,80,783,6-4 6-4 6-4,5,R128,,9,1,87,54,42,17,15,2,4,2,3,102,52,38,20,15,7,12
2025-520,Roland Garros,Clay,128,G,20250526,32,200615,25,,Alexei Popyrin,R,196,AUS,25.807,25,1950,106415,,,Yoshihito Nishioka,L,170,JPN,29.662,77,794,7-5 6-4 1-2 RET,5,R128,,10,1,63,41,34,17,12,0,0,1,2,83,48,35,18,13,6,8
2025-520,Roland Garros,Clay,128,G,20250526,33,200221,26,,Alejandro Davidovich Fokina,R,180,ESP,25.974,29,1770,208010,,Q,Pablo Llamas Ruiz,R,188,ESP,22.617,872,22,6-3 6-2 6-7(4) 6-3,5,R128,,2,4,129,99,68,16,20,8,11,2,2,128,95,53,18,18,12,19
2025-520,Roland Garros,Clay,128,G,20250526,34,133430,27,,Denis Shapovalov,L,185,CAN,26.114,31,1701,124079,,,Pedro Martinez,R,185,ESP,28.082,48,1070,6-2 6-0 6-3,5,R128,,8,7,71,44,32,12,12,2,4,0,4,67,45,24,4,11,3,11
2025-520,Roland Garros,Clay,128,G,20250526,35,207985,,,Jacob Fearnley,R,183,GBR,23.863,55,991,104527,,WC,Stan Wawrinka,R,183,SUI,40.162,138,432,7-6(6) 6-3 6-2,5,R128,,9,6,81,50,50,14,15,3,5,5,2,86,47,29,23,14,2,7
2025-520,Roland Garros,Clay,128,G,20250526,36,104755,,WC,Richard Gasquet,R,183,FRA,38.938,166,339,209279,,WC,Terence Atmane,L,193,FRA,23.376,121,477,6-2 2-6 6-3 6-0,5,R128,,,,,,,,,,,,,,,,,,,
2025-520,Roland Garros,Clay,128,G,20250526,37,200384,,,Hugo Gaston,L,173,FRA,24.663,83,753,200259,,Q,Ugo Blanchet,R,175,FRA,26.387,193,289,2-6 6-0 2-6 6-3 6-4,5,R128,,1,4,145,94,59,24,20,11,17,9,3,124,65,39,29,21,5,13
2025-520,Roland Garros,Clay,128,G,20250526,38,134868,,,Tallon Griekspoor,R,188,NED,28.898,35,1485,106218,,,Marcos Giron,R,180,USA,31.838,43,1265,4-6 6-3 6-4 7-5,5,R128,,8,2,108,75,63,19,21,0,2,11,2,136,80,56,27,20,9,13
2025-520,Roland Garros,Clay,128,G,20250526,39,200175,,,Miomir Kecmanovic,R,183,SRB,25.736,46,1146,202104,,,Sebastian Baez,R,170,ARG,24.408,38,1410,6-7(3) 6-7(4) 6-4 6-2 6-2,5,R128,,6,2,163,91,61,38,25,8,13,8,6,189,135,78,23,25,17,27
2025-520,Roland Garros,Clay,128,G,20250526,40,208103,,,Jiri Lehecka,R,185,CZE,23.546,34,1505,111442,,,Jordan Thompson,R,183,AUS,31.099,40,1375,6-4 6-2 6-1,5,R128,,8,3,78,49,38,14,13,3,5,3,1,78,42,23,17,12,10,17
2025-520,Roland Garros,Clay,128,G,20250526,41,209209,,Q,Filip Misolic,R,180,AUT,23.797,153,374,207352,,,Yunchaokete Bu,R,185,CHN,23.348,70,874,5-7 7-6(3) 7-6(4) 6-1,5,R128,,9,4,166,111,80,31,22,13,15,12,1,129,71,57,32,21,5,8
2025-520,Roland Garros,Clay,128,G,20250526,42,144719,,,Jaume Munar,R,183,ESP,28.057,57,962,200116,,,Camilo Ugo Carabelli,R,185,ARG,25.941,51,1040,6-4 6-1 7-5,5,R128,,3,4,88,49,40,21,14,3,4,3,5,107,56,32,25,15,8,14
2025-520,Roland Garros,Clay,128,G,20250526,43,124116,,,Sebastian Ofner,R,191,AUT,29.038,108,533,105526,,,Jan-Lennard Struff,R,193,GER,35.086,87,690,7-6(5) 6-3 6-7(5) 6-2,5,R128,,22,3,145,84,65,35,20,11,11,14,6,133,86,69,18,21,5,9
2025-520,Roland Garros,Clay,128,G,20250526,44,126214,,,Alejandro Tabilo,L,188,CHI,27.981,61,940,209070,,WC,Arthur Cazaux,R,183,FRA,22.757,113,508,5-7 6-3 6-2 1-6 6-3,5,R128,,5,2,154,91,59,37,23,10,14,11,5,120,68,49,27,22,4,9
2025-520,Roland Garros,Clay,128,G,20250526,45,207518,8,,Lorenzo Musetti,R,185,ITA,23.231,7,3860,105870,,Q,Yannick Hanfmann,R,193,GER,33.533,142,410,7-5 6-2 6-0,5,R128,,5,1,70,46,38,15,13,0,0,0,3,99,62,31,20,13,7,13
2025-520,Roland Garros,Clay,128,G,20250526,46,126205,12,,Tommy Paul,R,185,USA,28.025,12,3210,209284,,LL,Elmer Moller,R,183,DEN,21.881,112,511,6-7(5) 6-2 6-3 6-1,5,R128,,5,4,126,77,49,28,18,5,9,4,7,121,73,42,21,18,11,21
2025-520,Roland Garros,Clay,128,G,20250526,47,210097,13,,Ben Shelton,L,193,USA,22.628,13,2980,132283,,,Lorenzo Sonego,R,191,ITA,30.042,44,1205,6-4 4-6 3-6 6-2 6-3,5,R128,,15,5,140,103,72,20,23,6,10,3,4,126,85,56,21,23,3,9
2025-520,Roland Garros,Clay,128,G,20250526,48,126207,15,,Frances Tiafoe,R,188,USA,27.346,16,2665,126128,,,Roman Safiullin,R,185,RUS,27.8,72,816,6-4 7-5 6-4,5,R128,,9,1,99,59,45,25,16,6,7,20,2,93,53,44,25,16,8,12
2025-520,Roland Garros,Clay,128,G,20250526,49,111460,,,Quentin Halys,R,191,FRA,28.58,52,1039,207830,21,,Tomas Machac,R,183,CZE,24.616,22,2110,7-6(4) 4-1,5,R128,,8,1,46,25,20,15,8,2,2,5,3,57,41,26,8,9,0,2
2025-520,Roland Garros,Clay,128,G,20250526,50,208363,,,Mariano Navone,R,178,ARG,24.241,97,620,206909,28,,Brandon Nakashima,R,188,USA,23.811,32,1690,7-6(2) 4-6 6-1 6-2,5,R128,,5,2,138,94,64,18,19,12,18,3,2,124,72,38,24,18,8,17
2025-520,Roland Garros,Clay,128,G,20250526,51,208659,31,,Giovanni Mpetshi Perricard,R,203,FRA,21.884,37,1414,200267,,,Zizou Bergs,R,185,BEL,25.979,50,1051,4-6 6-3 7-6(5) 6-4,5,R128,,12,5,127,78,59,27,21,8,11,8,8,138,78,54,34,20,8,12
2025-520,Roland Garros,Clay,128,G,20250526,52,207678,,Q,Juan Manuel Cerundolo,L,183,ARG,23.526,109,530,210506,32,,Alex Michelsen,R,193,USA,20.75,33,1550,6-3 6-2 6-4,5,R128,,1,3,79,35,29,25,14,1,3,2,3,89,66,38,6,13,8,14
2025-520,Roland Garros,Clay,128,G,20250526,53,132686,,,Nuno Borges,R,185,POR,28.263,41,1285,208021,,Q,Kyrian Jacquet,R,175,FRA,24.041,150,388,3-6 6-7(3) 6-4 6-3 6-3,5,R128,,8,4,161,110,79,22,24,7,11,8,6,185,98,71,37,25,15,22
2025-520,Roland Garros,Clay,128,G,20250526,54,202385,,,Jenson Brooksby,R,193,USA,24.58,161,347,210262,,,Jaime Faria,R,188,POR,21.804,115,493,6-1 3-6 6-3 6-2,5,R128,,1,3,105,67,47,26,17,8,9,3,3,95,63,43,15,16,4,9
2025-520,Roland Garros,Clay,128,G,20250526,55,105807,,,Pablo Carreno Busta,R,188,ESP,33.873,99,615,207681,,,Francisco Comesana,R,178,ARG,24.635,64,911,6-2 7-6(3) 7-5,5,R128,,0,3,118,78,56,20,16,5,7,7,3,106,59,39,19,16,3,8
2025-520,Roland Garros,Clay,128,G,20250526,56,106000,,,Damir Dzumhur,R,175,BIH,33.016,69,875,202058,,LL,Thiago Agustin Tirante,R,185,ARG,24.126,132,453,3-6 6-4 6-3 7-5,5,R128,,1,2,137,100,68,21,20,12,14,4,2,148,89,55,33,20,11,15
2025-520,Roland Garros,Clay,128,G,20250526,57,105916,,,Marton Fucsovics,R,188,HUN,33.295,124,468,209262,,WC,Tristan Schoolkate,R,183,AUS,24.244,128,464,6-4 6-2 6-2,5,R128,,1,2,74,51,37,15,13,3,4,5,4,101,61,40,13,13,14,20
2025-520,Roland Garros,Clay,128,G,20250526,58,123755,,LL,Daniel Elahi Galan,R,191,COL,28.936,122,477,R0EB,,WC,Valentin Royer,R,188,FRA,23.992,120,478,7-6(6) 6-3 3-6 6-7(4) 7-5,5,R128,,17,6,200,132,86,36,27,13,19,14,6,155,89,65,34,27,5,12
2025-520,Roland Garros,Clay,128,G,20250526,59,209263,,Q,Matteo Gigante,L,180,ITA,23.389,167,338,133975,,Q,Benjamin Hassan,R,183,LBN,30.305,220,253,6-4 6-2 6-0,5,R128,,5,2,68,40,33,16,12,3,4,1,3,90,42,24,16,12,7,14
2025-520,Roland Garros,Clay,128,G,20250526,60,200240,,,Vit Kopriva,R,178,CZE,27.945,86,715,106329,,,Thiago Monteiro,L,183,BRA,30.987,131,454,6-4 6-3 4-6 6-7(6) 6-1,5,R128,,11,6,131,92,72,22,23,3,5,9,4,166,86,65,36,25,6,13
2025-520,Roland Garros,Clay,128,G,20250526,61,206681,,,Fabian Marozsan,R,193,HUN,25.632,56,990,208134,,,Luca Nardi,R,185,ITA,21.804,95,645,6-2 6-3 7-6(3),5,R128,,0,2,88,51,38,27,15,4,5,5,8,106,66,44,19,14,13,17
2025-520,Roland Garros,Clay,128,G,20250526,62,209098,,,Hamad Medjedovic,R,188,SRB,21.856,74,811,111794,,,Kamil Majchrzak,R,183,POL,29.366,96,645,6-3 6-3 7-6(2),5,R128,,13,5,99,67,48,15,15,3,6,6,3,90,57,34,15,15,4,10
2025-520,Roland Garros,Clay,128,G,20250526,63,207182,,WC,Emilio Nava,R,185,USA,23.48,137,433,122298,,,Botic van de Zandschulp,R,191,NED,29.643,89,670,6-2 7-5 7-5,5,R128,,8,3,122,84,60,18,16,8,10,2,8,125,63,41,27,16,7,13
2025-520,Roland Garros,Clay,128,G,20250526,64,124187,,,Reilly Opelka,R,211,USA,27.743,93,651,208014,,,Rinky Hijikata,R,178,AUS,24.252,78,792,1-6 6-3 7-5 7-6(3),5,R128,,22,7,113,70,56,22,20,1,4,3,5,125,77,58,25,20,8,11
2025-520,Roland Garros,Clay,128,G,20250526,65,206173,1,,Jannik Sinner,R,191,ITA,23.775,1,10380,104755,,WC,Richard Gasquet,R,183,FRA,38.938,166,339,6-3 6-0 6-4,5,R64,,3,0,72,54,46,8,13,3,3,2,5,81,45,30,14,12,6,11
2025-520,Roland Garros,Clay,128,G,20250526,66,100644,3,,Alexander Zverev,R,198,GER,28.099,3,7285,207411,,,Jesper de Jong,R,180,NED,24.986,88,690,3-6 6-1 6-2 6-3,5,R64,,8,1,101,78,52,16,16,7,9,4,3,122,60,32,31,17,6,13
2025-520,Roland Garros,Clay,128,G,20250526,67,207733,5,,Jack Draper,L,193,GBR,23.425,5,4610,104792,,,Gael Monfils,R,193,FRA,38.732,42,1265,6-3 4-6 6-3 7-5,5,R64,,5,3,116,75,54,24,20,6,10,8,7,153,88,59,24,20,15,22
2025-520,Roland Garros,Clay,128,G,20250526,68,104925,6,,Novak Djokovic,R,188,SRB,38.012,6,4230,144895,,,Corentin Moutet,L,180,FRA,26.103,73,812,6-3 6-2 7-6(1),5,R64,,5,2,107,70,51,18,15,3,5,4,3,106,68,41,14,14,9,14
2025-520,Roland Garros,Clay,128,G,20250526,69,122330,,,Alexander Bublik,R,196,KAZ,27.94,62,915,200282,9,,Alex de Minaur,R,183,AUS,26.27,9,3635,2-6 2-6 6-4 6-3 6-2,5,R64,,12,12,130,79,58,22,22,7,13,4,8,128,61,45,35,21,8,14
2025-520,Roland Garros,Clay,128,G,20250526,70,209950,14,,Arthur Fils,R,185,FRA,20.953,14,2845,144719,,,Jaume Munar,R,183,ESP,28.057,57,962,7-6(3) 7-6(4) 2-6 0-6 6-4,5,R64,,2,7,173,110,67,28,24,13,22,9,13,158,100,73,22,24,8,13
2025-520,Roland Garros,Clay,128,G,20250526,71,126094,17,,Andrey Rublev,R,188,RUS,27.598,15,2820,200443,,,Adam Walton,R,183,AUS,26.108,91,653,7-6(1) 6-1 7-6(5),5,R64,,18,4,101,58,49,26,16,1,2,7,1,115,68,48,20,15,11,14
2025-520,Roland Garros,Clay,128,G,20250526,72,210012,,Q,Henrique Rocha,R,180,POR,21.136,200,278,210150,19,,Jakub Mensik,R,196,CZE,19.732,19,2272,2-6 1-6 6-4 6-3 6-3,5,R64,,7,6,133,85,54,25,21,6,12,9,4,122,75,51,26,22,5,11
2025-520,Roland Garros,Clay,128,G,20250526,73,207985,,,Jacob Fearnley,R,183,GBR,23.863,55,991,200005,22,,Ugo Humbert,L,188,FRA,26.916,21,2155,6-3 4-4 RET,5,R64,,3,5,50,28,20,12,8,3,5,3,5,77,47,27,13,9,8,12
2025-520,Roland Garros,Clay,128,G,20250526,74,208103,,,Jiri Lehecka,R,185,CZE,23.546,34,1505,200221,26,,Alejandro Davidovich Fokina,R,180,ESP,25.974,29,1770,6-3 3-6 6-1 6-2,5,R64,,12,0,101,73,57,15,17,3,4,3,3,98,73,48,11,16,2,7
2025-520,Roland Garros,Clay,128,G,20250526,75,209209,,Q,Filip Misolic,R,180,AUT,23.797,153,374,133430,27,,Denis Shapovalov,L,185,CAN,26.114,31,1701,7-6(5) 7-6(6) 4-6 4-6 6-3,5,R64,,9,6,170,107,79,32,27,10,16,6,8,182,111,75,36,26,10,15
2025-520,Roland Garros,Clay,128,G,20250526,76,207925,,,Flavio Cobolli,R,183,ITA,23.055,26,1920,208286,,,Matteo Arnaldi,R,185,ITA,24.255,36,1415,6-3 6-3 6-7(6) 6-1,5,R64,,1,1,122,64,45,30,19,4,9,1,8,121,57,38,23,18,9,19
2025-520,Roland Garros,Clay,128,G,20250526,77,211663,,,Joao Fonseca,R,188,BRA,18.762,65,907,105732,,WC,Pierre-Hugues Herbert,R,188,FRA,34.19,147,399,7-6(4) 7-6(4) 6-4,5,R64,,9,8,108,70,54,15,17,5,9,12,10,127,65,44,31,17,8,13
2025-520,Roland Garros,Clay,128,G,20250526,78,134868,,,Tallon Griekspoor,R,188,NED,28.898,35,1485,209113,,,Gabriel Diallo,R,203,CAN,23.669,54,997,7-5 7-6(3) 1-6 6-3,5,R64,,12,6,133,75,51,30,20,7,13,12,6,113,72,50,19,20,5,11
2025-520,Roland Garros,Clay,128,G,20250526,79,111815,,,Cameron Norrie,L,188,GBR,29.758,81,762,144870,,LL,Federico Agustin Gomez,R,191,ARG,28.496,144,405,7-6(7) 6-2 6-1,5,R64,,4,2,94,73,52,10,13,9,10,3,8,104,69,38,16,14,8,14
2025-520,Roland Garros,Clay,128,G,20250526,80,210319,,Q,Ethan Quinn,R,191,USA,21.205,106,538,207686,,LL,Alexander Shevchenko,R,188,KAZ,24.487,103,580,6-4 4-6 6-7(5) 7-6(3) 7-5,5,R64,,14,6,195,107,78,48,28,12,16,11,2,179,115,85,30,28,8,13
2025-520,Roland Garros,Clay,128,G,20250526,81,207989,2,,Carlos Alcaraz,R,183,ESP,22.059,2,8850,206681,,,Fabian Marozsan,R,193,HUN,25.632,56,990,6-1 4-6 6-1 6-2,5,R64,,5,1,92,71,50,13,16,1,3,4,2,113,75,41,14,16,9,17
2025-520,Roland Garros,Clay,128,G,20250526,82,132686,,,Nuno Borges,R,185,POR,28.263,41,1285,134770,7,,Casper Ruud,R,183,NOR,26.426,8,3655,2-6 6-4 6-1 6-0,5,R64,,8,0,95,72,51,10,15,7,10,8,4,99,63,36,13,16,4,12
2025-520,Roland Garros,Clay,128,G,20250526,83,207518,8,,Lorenzo Musetti,R,185,ITA,23.231,7,3860,123755,,LL,Daniel Elahi Galan,R,191,COL,28.936,122,477,6-4 6-0 6-4,5,R64,,6,0,81,57,40,19,13,6,7,0,2,77,58,32,10,13,6,12
2025-520,Roland Garros,Clay,128,G,20250526,84,208029,10,,Holger Rune,R,188,DEN,22.075,10,3440,207182,,WC,Emilio Nava,R,185,USA,23.48,137,433,6-3 7-6(5) 6-3,5,R64,,4,3,97,64,47,21,16,7,9,5,6,102,69,45,14,14,8,12
2025-520,Roland Garros,Clay,128,G,20250526,85,126205,12,,Tommy Paul,R,185,USA,28.025,12,3210,105916,,,Marton Fucsovics,R,188,HUN,33.295,124,468,4-6 2-6 6-3 7-5 6-4,5,R64,,6,3,138,98,75,17,25,6,11,7,3,141,94,69,23,24,9,14
2025-520,Roland Garros,Clay,128,G,20250526,86,210097,13,,Ben Shelton,L,193,USA,22.628,13,2980,200384,,,Hugo Gaston,L,173,FRA,24.663,83,753,W/O,5,R64,,,,,,,,,,,,,,,,,,,
2025-520,Roland Garros,Clay,128,G,20250526,87,126207,15,,Frances Tiafoe,R,188,USA,27.346,16,2665,105807,,,Pablo Carreno Busta,R,188,ESP,33.873,99,615,6-4 6-3 6-1,5,R64,,9,2,66,40,33,19,13,0,0,2,3,85,52,35,13,13,8,13
2025-520,Roland Garros,Clay,128,G,20250526,88,209263,,Q,Matteo Gigante,L,180,ITA,23.389,167,338,126774,20,,Stefanos Tsitsipas,R,193,GRE,26.787,20,2270,6-4 5-7 6-2 6-4,5,R64,,9,2,123,76,60,24,20,11,13,4,6,119,77,57,18,20,9,14
2025-520,Roland Garros,Clay,128,G,20250526,89,200624,23,,Sebastian Korda,R,196,USA,24.89,23,2020,202385,,,Jenson Brooksby,R,193,USA,24.58,161,347,6-1 6-2 7-6(2),5,R64,,3,2,98,58,40,22,14,6,9,1,1,87,57,30,12,13,7,14
2025-520,Roland Garros,Clay,128,G,20250526,90,111575,24,,Karen Khachanov,R,198,RUS,29.013,24,1960,124116,,,Sebastian Ofner,R,191,AUT,29.038,108,533,7-5 3-6 7-5 4-6 6-2,5,R64,,7,7,173,109,82,26,25,10,15,12,4,183,108,74,33,26,9,16
2025-520,Roland Garros,Clay,128,G,20250526,91,200615,25,,Alexei Popyrin,R,196,AUS,25.807,25,1950,126214,,,Alejandro Tabilo,L,188,CHI,27.981,61,940,7-5 6-3 6-4,5,R64,,8,1,86,56,43,17,15,6,8,2,4,104,70,41,18,16,6,12
2025-520,Roland Garros,Clay,128,G,20250526,92,106000,,,Damir Dzumhur,R,175,BIH,33.016,69,875,208659,31,,Giovanni Mpetshi Perricard,R,203,FRA,21.884,37,1414,7-6(4) 6-3 4-6 6-4,5,R64,,0,4,133,100,75,17,21,3,5,10,3,108,72,53,22,20,0,3
2025-520,Roland Garros,Clay,128,G,20250526,93,127157,,,Daniel Altmaier,R,188,GER,26.702,66,906,200240,,,Vit Kopriva,R,178,CZE,27.945,86,715,6-2 4-6 6-3 7-5,5,R64,,8,4,155,100,67,31,20,17,19,7,1,112,79,53,15,19,1,6
2025-520,Roland Garros,Clay,128,G,20250526,94,111460,,,Quentin Halys,R,191,FRA,28.58,52,1039,200175,,,Miomir Kecmanovic,R,183,SRB,25.736,46,1146,4-6 6-3 7-6(2) 7-5,5,R64,,22,9,150,78,56,46,22,14,15,5,1,126,81,58,27,21,2,4
2025-520,Roland Garros,Clay,128,G,20250526,95,209098,,,Hamad Medjedovic,R,188,SRB,21.856,74,811,207678,,Q,Juan Manuel Cerundolo,L,183,ARG,23.526,109,530,6-3 6-4 7-5,5,R64,,4,5,95,60,44,13,15,5,8,6,6,105,54,33,22,16,7,14
2025-520,Roland Garros,Clay,128,G,20250526,96,208363,,,Mariano Navone,R,178,ARG,24.241,97,620,124187,,,Reilly Opelka,R,211,USA,27.743,93,651,6-1 7-6(1) 6-3,5,R64,,3,0,99,71,50,16,15,10,12,7,9,99,52,31,23,13,11,16
2025-520,Roland Garros,Clay,128,G,20250526,97,206173,1,,Jannik Sinner,R,191,ITA,23.775,1,10380,208103,,,Jiri Lehecka,R,185,CZE,23.546,34,1505,6-0 6-1 6-2,5,R32,,3,0,55,35,29,17,11,1,1,3,1,81,51,22,14,10,11,18
2025-520,Roland Garros,Clay,128,G,20250526,98,100644,3,,Alexander Zverev,R,198,GER,28.099,3,7285,207925,,,Flavio Cobolli,R,183,ITA,23.055,26,1920,6-2 7-6(4) 6-1,5,R32,,8,1,92,72,49,12,14,3,5,0,3,101,57,30,22,13,9,15
2025-520,Roland Garros,Clay,128,G,20250526,99,207733,5,,Jack Draper,L,193,GBR,23.425,5,4610,211663,,,Joao Fonseca,R,188,BRA,18.762,65,907,6-2 6-4 6-2,5,R32,,8,4,68,40,37,17,13,2,2,6,0,84,59,37,9,13,6,11
2025-520,Roland Garros,Clay,128,G,20250526,100,104925,6,,Novak Djokovic,R,188,SRB,38.012,6,4230,209209,,Q,Filip Misolic,R,180,AUT,23.797,153,374,6-3 6-4 6-2,5,R32,,6,0,75,51,41,16,14,1,1,6,2,90,55,39,13,13,12,16
2025-520,Roland Garros,Clay,128,G,20250526,101,126094,17,,Andrey Rublev,R,188,RUS,27.598,15,2820,209950,14,,Arthur Fils,R,185,FRA,20.953,14,2845,W/O,5,R32,,,,,,,,,,,,,,,,,,,
2025-520,Roland Garros,Clay,128,G,20250526,102,122330,,,Alexander Bublik,R,196,KAZ,27.94,62,915,210012,,Q,Henrique Rocha,R,180,POR,21.136,200,278,7-5 6-1 6-2,5,R32,,9,6,68,47,41,17,14,2,2,9,8,68,45,29,17,13,6,11
2025-520,Roland Garros,Clay,128,G,20250526,103,134868,,,Tallon Griekspoor,R,188,NED,28.898,35,1485,210319,,Q,Ethan Quinn,R,191,USA,21.205,106,538,4-6 6-1 6-7(2) 6-1 6-4,5,R32,,7,4,139,101,80,18,24,5,7,8,8,153,101,66,28,22,13,19
2025-520,Roland Garros,Clay,128,G,20250526,104,111815,,,Cameron Norrie,L,188,GBR,29.758,81,762,207985,,,Jacob Fearnley,R,183,GBR,23.863,55,991,6-3 7-6(1) 6-2,5,R32,,2,4,106,60,41,26,15,7,11,8,13,106,61,36,17,14,5,12
2025-520,Roland Garros,Clay,128,G,20250526,105,207989,2,,Carlos Alcaraz,R,183,ESP,22.059,2,8850,106000,,,Damir Dzumhur,R,175,BIH,33.016,69,875,6-1 6-3 4-6 6-4,5,R32,,4,5,131,92,59,22,18,9,12,0,6,126,75,41,27,18,14,21
2025-520,Roland Garros,Clay,128,G,20250526,106,207518,8,,Lorenzo Musetti,R,185,ITA,23.231,7,3860,208363,,,Mariano Navone,R,178,ARG,24.241,97,620,4-6 6-4 6-3 6-2,5,R32,,3,4,115,75,52,18,19,4,9,1,2,132,97,51,17,18,11,19
2025-520,Roland Garros,Clay,128,G,20250526,107,208029,10,,Holger Rune,R,188,DEN,22.075,10,3440,111460,,,Quentin Halys,R,191,FRA,28.58,52,1039,4-6 6-2 5-7 7-5 6-2,5,R32,,8,0,136,99,78,16,25,7,11,13,10,143,81,62,26,25,4,11
2025-520,Roland Garros,Clay,128,G,20250526,108,126205,12,,Tommy Paul,R,185,USA,28.025,12,3210,111575,24,,Karen Khachanov,R,198,RUS,29.013,24,1960,6-3 3-6 7-6(7) 3-6 6-3,5,R32,,8,4,159,100,69,25,24,9,15,5,3,166,104,66,33,24,6,12
2025-520,Roland Garros,Clay,128,G,20250526,109,210097,13,,Ben Shelton,L,193,USA,22.628,13,2980,209263,,Q,Matteo Gigante,L,180,ITA,23.389,167,338,6-3 6-3 6-4,5,R32,,10,7,82,47,37,20,14,3,4,4,2,101,59,38,19,14,6,11
2025-520,Roland Garros,Clay,128,G,20250526,110,126207,15,,Frances Tiafoe,R,188,USA,27.346,16,2665,200624,23,,Sebastian Korda,R,196,USA,24.89,23,2020,7-6(6) 6-3 6-4,5,R32,,9,5,100,52,40,35,16,2,2,11,5,107,57,42,27,15,1,3
2025-520,Roland Garros,Clay,128,G,20250526,111,200615,25,,Alexei Popyrin,R,196,AUS,25.807,25,1950,132686,,,Nuno Borges,R,185,POR,28.263,41,1285,6-4 7-6(11) 7-6(5),5,R32,,13,1,118,78,61,22,17,5,7,5,4,134,102,71,13,17,8,11
2025-520,Roland Garros,Clay,128,G,20250526,112,127157,,,Daniel Altmaier,R,188,GER,26.702,66,906,209098,,,Hamad Medjedovic,R,188,SRB,21.856,74,811,4-6 6-3 6-3 6-2,5,R32,,18,4,104,64,49,24,18,2,4,4,6,128,72,45,23,18,12,18
2025-520,Roland Garros,Clay,128,G,20250526,113,206173,1,,Jannik Sinner,R,191,ITA,23.775,1,10380,126094,17,,Andrey Rublev,R,188,RUS,27.598,15,2820,6-1 6-3 6-4,5,R16,,5,0,68,42,34,20,13,3,3,7,1,89,58,40,9,13,3,8
2025-520,Roland Garros,Clay,128,G,20250526,114,100644,3,,Alexander Zverev,R,198,GER,28.099,3,7285,134868,,,Tallon Griekspoor,R,188,NED,28.898,35,1485,6-4 3-0 RET,5,R16,,3,1,34,26,19,5,6,1,2,0,0,38,29,14,4,7,1,5
2025-520,Roland Garros,Clay,128,G,20250526,115,122330,,,Alexander Bublik,R,196,KAZ,27.94,62,915,207733,5,,Jack Draper,L,193,GBR,23.425,5,4610,5-7 6-3 6-2 6-4,5,R16,,8,7,129,77,62,23,20,6,8,12,4,106,73,52,14,19,1,6
2025-520,Roland Garros,Clay,128,G,20250526,116,104925,6,,Novak Djokovic,R,188,SRB,38.012,6,4230,111815,,,Cameron Norrie,L,188,GBR,29.758,81,762,6-2 6-3 6-2,5,R16,,4,3,90,54,39,17,13,3,5,2,1,69,40,18,12,12,4,11
2025-520,Roland Garros,Clay,128,G,20250526,117,207989,2,,Carlos Alcaraz,R,183,ESP,22.059,2,8850,210097,13,,Ben Shelton,L,193,USA,22.628,13,2980,7-6(8) 6-3 4-6 6-4,5,R16,,5,2,142,99,67,29,21,7,9,6,3,129,88,61,24,20,4,7
2025-520,Roland Garros,Clay,128,G,20250526,118,207518,8,,Lorenzo Musetti,R,185,ITA,23.231,7,3860,208029,10,,Holger Rune,R,188,DEN,22.075,10,3440,7-5 3-6 6-3 6-2,5,R16,,4,1,124,79,53,25,19,2,5,1,3,120,75,43,26,19,3,9
2025-520,Roland Garros,Clay,128,G,20250526,119,126205,12,,Tommy Paul,R,185,USA,28.025,12,3210,200615,25,,Alexei Popyrin,R,196,AUS,25.807,25,1950,6-3 6-3 6-3,5,R16,,1,1,88,55,38,24,14,9,10,5,3,72,43,31,10,13,1,6
2025-520,Roland Garros,Clay,128,G,20250526,120,126207,15,,Frances Tiafoe,R,188,USA,27.346,16,2665,127157,,,Daniel Altmaier,R,188,GER,26.702,66,906,6-3 6-4 7-6(4),5,R16,,6,0,96,65,47,18,16,0,3,8,3,99,56,40,15,15,3,8
2025-520,Roland Garros,Clay,128,G,20250526,121,206173,1,,Jannik Sinner,R,191,ITA,23.775,1,10380,122330,,,Alexander Bublik,R,196,KAZ,27.94,62,915,6-1 7-5 6-0,5,QF,,5,1,77,48,37,20,13,2,2,5,6,89,60,39,6,12,8,14
2025-520,Roland Garros,Clay,128,G,20250526,122,104925,6,,Novak Djokovic,R,188,SRB,38.012,6,4230,100644,3,,Alexander Zverev,R,198,GER,28.099,3,7285,4-6 6-3 6-2 6-4,5,QF,,6,0,119,85,65,19,19,2,3,4,1,103,72,55,11,18,4,8
2025-520,Roland Garros,Clay,128,G,20250526,123,207989,2,,Carlos Alcaraz,R,183,ESP,22.059,2,8850,126205,12,,Tommy Paul,R,185,USA,28.025,12,3210,6-0 6-1 6-4,5,QF,,3,0,55,44,39,9,12,0,0,3,2,87,64,35,9,11,11,17
2025-520,Roland Garros,Clay,128,G,20250526,124,207518,8,,Lorenzo Musetti,R,185,ITA,23.231,7,3860,126207,15,,Frances Tiafoe,R,188,USA,27.346,16,2665,6-2 4-6 7-5 6-2,5,QF,,8,3,108,76,62,15,19,2,3,4,0,114,68,43,25,19,6,11
2025-520,Roland Garros,Clay,128,G,20250526,125,206173,1,,Jannik Sinner,R,191,ITA,23.775,1,10380,104925,6,,Novak Djokovic,R,188,SRB,38.012,6,4230,6-4 7-5 7-6(3),5,SF,,10,1,111,57,45,34,17,5,6,4,1,114,81,54,19,17,6,9
2025-520,Roland Garros,Clay,128,G,20250526,126,207989,2,,Carlos Alcaraz,R,183,ESP,22.059,2,8850,207518,8,,Lorenzo Musetti,R,185,ITA,23.231,7,3860,4-6 7-6(3) 6-0 2-0 RET,5,SF,,1,2,81,47,34,22,15,0,3,2,3,102,69,39,15,15,6,12
2025-520,Roland Garros,Clay,128,G,20250526,127,207989,2,,Carlos Alcaraz,R,183,ESP,22.059,2,8850,206173,1,,Jannik Sinner,R,191,ITA,23.775,1,10380,4-6 6-7(4) 6-4 7-6(3) 7-6(2),5,F,329,7,7,194,113,71,46,28,8,15,8,0,191,103,72,44,28,7,14
2025-321,Stuttgart,Grass,28,A,20250609,1,126239,,,Arthur Rinderknech,R,196,FRA,29.881,81,761,133430,5,,Denis Shapovalov,L,185,CAN,26.152,30,1651,6-4 2-6 6-0,3,R32,102,9,3,66,37,28,18,12,3,5,4,9,73,46,31,10,12,3,7
2025-321,Stuttgart,Grass,28,A,20250609,2,210506,7,,Alex Michelsen,R,193,USA,20.789,35,1550,104792,,,Gael Monfils,R,193,FRA,38.771,42,1265,6-4 4-6 6-3,3,R32,105,6,5,82,57,45,13,15,1,3,14,7,93,63,46,12,14,9,12
2025-321,Stuttgart,Grass,28,A,20250609,3,211514,,WC,Justin Engel,R,185,GER,17.689,281,191,105902,,Q,James Duckworth,R,183,AUS,33.383,94,653,4-6 6-4 7-6(5),3,R32,149,16,4,105,64,48,22,16,4,6,16,4,104,58,41,27,16,4,6
2025-321,Stuttgart,Grass,28,A,20250609,4,105916,,Q,Marton Fucsovics,R,188,HUN,33.333,112,508,105870,,Q,Yannick Hanfmann,R,193,GER,33.572,135,440,7-5 6-4,3,R32,95,8,2,69,40,33,14,11,1,2,3,2,71,46,29,15,11,4,7
2025-321,Stuttgart,Grass,28,A,20250609,5,111460,,,Quentin Halys,R,191,FRA,28.619,47,1123,132283,,,Lorenzo Sonego,R,191,ITA,30.081,45,1165,6-7(6) 7-5 6-4,3,R32,160,10,7,108,65,52,22,17,2,3,1,2,101,65,46,21,17,5,8
2025-321,Stuttgart,Grass,28,A,20250609,6,105732,,Q,Pierre-Hugues Herbert,R,188,FRA,34.229,132,449,106000,,,Damir Dzumhur,R,175,BIH,33.054,67,900,6-4 3-0 RET,3,R32,54,7,5,44,19,17,14,7,2,2,2,4,34,19,13,8,6,1,3
2025-321,Stuttgart,Grass,28,A,20250609,7,144895,,,Corentin Moutet,L,180,FRA,26.141,91,662,104926,,WC,Fabio Fognini,R,178,ITA,38.045,117,486,6-4 6-7(3) 6-3,3,R32,131,4,3,101,51,43,25,16,3,4,1,6,87,48,36,22,15,1,4
2025-321,Stuttgart,Grass,28,A,20250609,8,210530,,,Learner Tien,L,180,USA,19.518,68,888,106415,,,Yoshihito Nishioka,L,170,JPN,29.7,78,787,6-7(3) 7-6(3) RET,3,R32,105,9,7,80,48,41,12,12,1,2,2,3,77,47,37,17,12,1,2
2025-321,Stuttgart,Grass,28,A,20250609,9,206909,6,,Brandon Nakashima,R,188,USA,23.849,31,1650,207985,,,Jacob Fearnley,R,183,GBR,23.901,49,1078,4-6 7-6(4) 6-1,3,R32,113,12,1,85,65,50,8,14,1,3,9,6,86,49,36,17,15,4,8
2025-321,Stuttgart,Grass,28,A,20250609,10,208103,8,,Jiri Lehecka,R,185,CZE,23.584,33,1605,126127,,,Benjamin Bonzi,R,183,FRA,28.999,61,945,6-4 6-4,3,R32,75,13,2,56,37,33,10,10,2,2,4,0,69,49,33,9,10,4,6
2025-321,Stuttgart,Grass,28,A,20250609,11,208659,,,Giovanni Mpetshi Perricard,R,203,FRA,21.922,36,1464,126128,,,Roman Safiullin,R,185,RUS,27.838,74,816,7-6(10) 3-6 7-5,3,R32,135,26,5,119,84,67,15,16,15,17,13,3,97,57,48,27,17,1,3
2025-321,Stuttgart,Grass,28,A,20250609,12,105526,,WC,Jan-Lennard Struff,R,193,GER,35.124,103,600,208286,,,Matteo Arnaldi,R,185,ITA,24.293,41,1265,6-4 6-4,3,R32,73,10,3,54,31,28,13,10,1,1,3,3,65,38,26,14,10,2,4
2025-321,Stuttgart,Grass,28,A,20250609,13,100644,1,,Alexander Zverev,R,198,GER,28.137,3,6385,144895,,,Corentin Moutet,L,180,FRA,26.141,91,662,6-2 7-6(7),3,R16,111,6,4,78,52,35,13,10,5,7,1,6,69,37,23,15,10,2,6
2025-321,Stuttgart,Grass,28,A,20250609,14,200000,4,,Felix Auger-Aliassime,R,193,CAN,24.835,29,1685,208659,,,Giovanni Mpetshi Perricard,R,203,FRA,21.922,36,1464,6-4 6-4,3,R16,77,3,2,50,27,24,15,10,3,4,8,3,60,37,30,8,10,1,4
2025-321,Stuttgart,Grass,28,A,20250609,15,206909,6,,Brandon Nakashima,R,188,USA,23.849,31,1650,210530,,,Learner Tien,L,180,USA,19.518,68,888,7-6(5) 6-3,3,R16,90,4,1,55,37,32,13,10,0,0,5,2,81,48,31,20,11,9,11
2025-321,Stuttgart,Grass,28,A,20250609,16,211514,,WC,Justin Engel,R,185,GER,17.689,281,191,210506,7,,Alex Michelsen,R,193,USA,20.789,35,1550,6-4 6-4,3,R16,77,5,1,47,31,31,9,10,0,0,10,5,69,42,28,12,10,3,5
2025-321,Stuttgart,Grass,28,A,20250609,17,126203,2,,Taylor Fritz,R,196,USA,27.614,7,4485,111460,,,Quentin Halys,R,191,FRA,28.619,47,1123,6-3 7-6(6),3,R16,83,12,3,69,42,34,20,11,2,2,12,4,64,34,29,17,10,1,2
2025-321,Stuttgart,Grass,28,A,20250609,18,210097,3,,Ben Shelton,L,193,USA,22.667,12,3080,105732,,Q,Pierre-Hugues Herbert,R,188,FRA,34.229,132,449,7-6(4) 7-5,3,R16,110,8,3,77,45,37,21,12,4,4,8,6,77,37,29,24,12,4,5
2025-321,Stuttgart,Grass,28,A,20250609,19,208103,8,,Jiri Lehecka,R,185,CZE,23.584,33,1605,105526,,WC,Jan-Lennard Struff,R,193,GER,35.124,103,600,6-4 7-5,3,R16,86,11,1,65,41,31,16,11,2,2,6,6,75,43,34,14,11,7,9
2025-321,Stuttgart,Grass,28,A,20250609,20,105916,,Q,Marton Fucsovics,R,188,HUN,33.333,112,508,126239,,,Arthur Rinderknech,R,196,FRA,29.881,81,761,7-6(4) 6-3,3,R16,91,11,1,59,36,33,16,11,0,0,3,0,64,43,33,10,10,0,1
2025-321,Stuttgart,Grass,28,A,20250609,21,100644,1,,Alexander Zverev,R,198,GER,28.137,3,6385,206909,6,,Brandon Nakashima,R,188,USA,23.849,31,1650,7-5 6-4,3,QF,90,8,1,66,47,36,13,11,2,2,5,0,64,45,29,12,11,1,3
2025-321,Stuttgart,Grass,28,A,20250609,22,126203,2,,Taylor Fritz,R,196,USA,27.614,7,4485,105916,,Q,Marton Fucsovics,R,188,HUN,33.333,112,508,6-3 6-4,3,QF,75,12,2,55,38,35,6,10,2,2,3,1,58,28,24,12,9,2,4
2025-321,Stuttgart,Grass,28,A,20250609,23,210097,3,,Ben Shelton,L,193,USA,22.667,12,3080,208103,8,,Jiri Lehecka,R,185,CZE,23.584,33,1605,6-4 6-4,3,QF,60,18,3,44,28,28,12,10,0,0,7,6,48,30,29,6,10,2,4
2025-321,Stuttgart,Grass,28,A,20250609,24,200000,4,,Felix Auger-Aliassime,R,193,CAN,24.835,29,1685,211514,,WC,Justin Engel,R,185,GER,17.689,281,191,7-6(3) 6-3,3,QF,98,18,2,60,42,36,13,11,1,2,7,4,77,39,30,17,10,4,6
2025-321,Stuttgart,Grass,28,A,20250609,25,100644,1,,Alexander Zverev,R,198,GER,28.137,3,6385,210097,3,,Ben Shelton,L,193,USA,22.667,12,3080,7-6(8) 7-6(1),3,SF,121,15,1,75,58,50,10,12,0,0,21,5,97,60,47,18,12,6,6
2025-321,Stuttgart,Grass,28,A,20250609,26,126203,2,,Taylor Fritz,R,196,USA,27.614,7,4485,200000,4,,Felix Auger-Aliassime,R,193,CAN,24.835,29,1685,6-4 7-6(5),3,SF,88,10,1,57,37,32,17,11,0,0,15,1,67,47,38,10,11,1,2
2025-321,Stuttgart,Grass,28,A,20250609,27,126203,2,,Taylor Fritz,R,196,USA,27.614,7,4485,100644,1,,Alexander Zverev,R,198,GER,28.137,3,6385,6-3 7-6(0),3,F,85,11,0,59,42,37,12,11,0,0,6,2,64,45,33,8,10,2,3
2025-440,'s-Hertogenbosch,Grass,28,A,20250609,1,128034,5,,Hubert Hurkacz,R,196,POL,28.323,32,1640,105138,,,Roberto Bautista Agut,R,183,ESP,37.153,50,1064,7-6(2) 6-4,3,R32,98,16,2,66,45,40,12,11,2,2,0,0,76,50,37,14,11,4,5
2025-440,'s-Hertogenbosch,Grass,28,A,20250609,2,105554,,Q,Daniel Evans,R,175,GBR,35.047,217,253,208014,,,Rinky Hijikata,R,178,AUS,24.29,75,811,3-6 6-4 6-3,3,R32,135,5,5,96,47,29,26,14,10,14,5,4,88,49,32,19,14,6,11
2025-440,'s-Hertogenbosch,Grass,28,A,20250609,3,210136,,Q,Mark Lajal,R,191,EST,22.078,195,279,111513,,,Laslo Djere,R,188,SRB,30.021,64,927,6-2 6-4,3,R32,78,3,2,52,36,28,10,9,4,4,3,3,60,35,22,11,9,1,4
2025-440,'s-Hertogenbosch,Grass,28,A,20250609,4,105173,,LL,Adrian Mannarino,L,180,FRA,36.945,127,462,106331,,,Christopher O'Connell,R,183,AUS,31.017,80,772,6-1 6-3,3,R32,88,3,2,56,26,20,19,8,4,4,1,0,65,35,20,14,8,10,14
2025-440,'s-Hertogenbosch,Grass,28,A,20250609,5,200267,,,Zizou Bergs,R,185,BEL,26.018,63,931,210696,,Q,Alexander Blockx,R,193,BEL,20.17,145,410,6-3 1-6 7-6(3),3,R32,169,5,12,125,72,54,20,14,13,16,3,1,98,65,44,19,14,6,8
2025-440,'s-Hertogenbosch,Grass,28,A,20250609,6,111456,,Q,Mackenzie McDonald,R,178,USA,30.149,99,617,208233,,,Mattia Bellucci,L,175,ITA,24.022,72,861,6-1 6-7(4) 6-3,3,R32,161,4,4,103,74,52,17,15,4,5,6,3,78,43,28,18,13,5,9
2025-440,'s-Hertogenbosch,Grass,28,A,20250609,7,124187,,LL,Reilly Opelka,R,211,USA,27.781,87,701,207411,,WC,Jesper de Jong,R,180,NED,25.024,92,660,6-7(5) 7-6(5) 6-2,3,R32,163,19,3,107,63,48,28,16,9,10,5,6,120,71,52,25,16,6,9
2025-440,'s-Hertogenbosch,Grass,28,A,20250609,8,202261,,WC,Otto Virtanen,R,193,FIN,23.967,101,605,144869,,,Tomas Martin Etcheverry,R,196,ARG,25.895,62,935,7-6(6) 7-5,3,R32,143,7,3,77,45,35,14,12,1,4,4,2,103,75,44,13,12,14,18
2025-440,'s-Hertogenbosch,Grass,28,A,20250609,9,111442,6,,Jordan Thompson,R,183,AUS,31.138,37,1375,206499,,,Aleksandar Kovacevic,R,183,USA,26.779,76,799,6-4 6-4,3,R32,80,7,0,46,24,22,18,10,0,0,6,0,63,37,27,14,10,6,8
2025-440,'s-Hertogenbosch,Grass,28,A,20250609,10,132686,7,,Nuno Borges,R,185,POR,28.301,38,1375,210460,,NG,Nishesh Basavareddy,R,180,USA,20.104,105,582,7-6(2) 6-2,3,R32,73,12,1,54,43,37,6,10,2,3,2,7,69,37,24,15,10,4,7
2025-440,'s-Hertogenbosch,Grass,28,A,20250609,11,111797,,,Nicolas Jarry,R,201,CHI,29.662,150,398,209260,8,,Luciano Darderi,R,183,ITA,23.316,48,1119,5-7 6-4 7-6(3),3,R32,150,15,4,111,77,57,20,17,10,12,7,3,113,75,53,23,17,7,9
2025-440,'s-Hertogenbosch,Grass,28,A,20250609,12,209113,,,Gabriel Diallo,R,203,CAN,23.707,55,1007,126846,,,Aleksandar Vukic,R,188,AUS,29.175,79,783,7-5 7-6(2),3,R32,92,13,0,77,54,41,15,12,4,4,8,3,64,36,30,15,12,0,1
2025-440,'s-Hertogenbosch,Grass,28,A,20250609,13,106421,1,,Daniil Medvedev,R,198,RUS,29.325,11,3100,105173,,LL,Adrian Mannarino,L,180,FRA,36.945,127,462,7-6(6) 6-4,3,R16,125,9,4,63,41,34,14,11,0,1,2,1,98,61,38,20,11,7,9
2025-440,'s-Hertogenbosch,Grass,28,A,20250609,14,200005,2,,Ugo Humbert,L,188,FRA,26.954,20,2195,105554,,Q,Daniel Evans,R,175,GBR,35.047,217,253,7-5 6-3,3,R16,100,5,3,70,37,29,20,11,5,6,2,6,57,29,20,13,10,0,3
2025-440,'s-Hertogenbosch,Grass,28,A,20250609,15,200267,,,Zizou Bergs,R,185,BEL,26.018,63,931,200615,4,,Alexei Popyrin,R,196,AUS,25.845,21,2140,6-7(3) 6-2 7-6(3),3,R16,182,7,11,128,62,40,32,16,13,18,8,6,127,76,45,21,16,10,17
2025-440,'s-Hertogenbosch,Grass,28,A,20250609,16,210136,,Q,Mark Lajal,R,191,EST,22.078,195,279,128034,5,,Hubert Hurkacz,R,196,POL,28.323,32,1640,W/O,3,R16,,,,,,,,,,,,,,,,,,,
2025-440,'s-Hertogenbosch,Grass,28,A,20250609,17,124187,,LL,Reilly Opelka,R,211,USA,27.781,87,701,111797,,,Nicolas Jarry,R,201,CHI,29.662,150,398,7-6(5) 6-3,3,R16,79,12,2,62,40,34,12,11,0,1,9,2,57,36,29,10,10,1,3
2025-440,'s-Hertogenbosch,Grass,28,A,20250609,18,111575,3,,Karen Khachanov,R,198,RUS,29.051,24,2010,111456,,Q,Mackenzie McDonald,R,178,USA,30.149,99,617,6-3 5-7 7-6(4),3,R16,151,13,1,103,61,50,22,17,1,3,4,2,108,75,55,15,16,7,9
2025-440,'s-Hertogenbosch,Grass,28,A,20250609,19,209113,,,Gabriel Diallo,R,203,CAN,23.707,55,1007,111442,6,,Jordan Thompson,R,183,AUS,31.138,37,1375,4-6 6-1 7-5,3,R16,128,11,0,88,65,49,13,15,9,10,4,3,82,50,37,16,14,4,7
2025-440,'s-Hertogenbosch,Grass,28,A,20250609,20,132686,,,Nuno Borges,R,185,POR,28.301,38,1375,202261,,WC,Otto Virtanen,R,193,FIN,23.967,101,605,W/O,3,R16,,,,,,,,,,,,,,,,,,,
2025-440,'s-Hertogenbosch,Grass,28,A,20250609,21,124187,,LL,Reilly Opelka,R,211,USA,27.781,87,701,106421,1,,Daniil Medvedev,R,198,RUS,29.325,11,3100,7-6(5) 7-6(5),3,QF,96,24,0,78,56,47,13,12,3,3,7,5,77,47,43,14,12,1,1
2025-440,'s-Hertogenbosch,Grass,28,A,20250609,22,200005,2,,Ugo Humbert,L,188,FRA,26.954,20,2195,132686,7,,Nuno Borges,R,185,POR,28.301,38,1375,6-1 6-4,3,QF,68,5,2,48,33,27,10,9,0,0,5,0,49,33,18,10,8,3,6
2025-440,'s-Hertogenbosch,Grass,28,A,20250609,23,209113,,,Gabriel Diallo,R,203,CAN,23.707,55,1007,111575,3,,Karen Khachanov,R,198,RUS,29.051,24,2010,7-6(6) 6-4,3,QF,112,19,3,74,47,35,15,11,4,5,7,4,79,46,31,18,11,6,8
2025-440,'s-Hertogenbosch,Grass,28,A,20250609,24,200267,,,Zizou Bergs,R,185,BEL,26.018,63,931,210136,,Q,Mark Lajal,R,191,EST,22.078,195,279,7-6(2) 7-6(4),3,QF,147,8,3,91,47,37,23,12,7,9,6,4,99,64,46,14,12,9,11
2025-440,'s-Hertogenbosch,Grass,28,A,20250609,25,209113,,,Gabriel Diallo,R,203,CAN,23.707,55,1007,200005,2,,Ugo Humbert,L,188,FRA,26.954,20,2195,6-3 7-6(4),3,SF,104,4,0,64,42,35,15,11,0,0,2,0,68,41,27,17,10,4,5
2025-440,'s-Hertogenbosch,Grass,28,A,20250609,26,200267,,,Zizou Bergs,R,185,BEL,26.018,63,931,124187,,LL,Reilly Opelka,R,211,USA,27.781,87,701,6-1 6-4,3,SF,68,5,1,47,23,21,15,9,0,0,3,1,52,34,22,6,8,4,7
2025-440,'s-Hertogenbosch,Grass,28,A,20250609,27,209113,,,Gabriel Diallo,R,203,CAN,23.707,55,1007,200267,,,Zizou Bergs,R,185,BEL,26.018,63,931,7-5 7-6(8),3,F,118,9,2,77,49,37,21,12,2,2,7,5,81,46,33,22,12,0,1
2025-311,Queen's Club,Grass,32,A,20250616,1,207989,1,,Carlos Alcaraz,R,183,ESP,22.116,2,8850,200443,,LL,Adam Walton,R,183,AUS,26.166,86,703,6-4 7-6(4),3,R32,102,10,3,62,42,36,15,11,2,2,6,4,85,49,36,20,11,4,5
2025-311,Queen's Club,Grass,32,A,20250616,2,207733,2,,Jack Draper,L,193,GBR,23.483,6,4550,202385,,PR,Jenson Brooksby,R,193,USA,24.638,149,405,6-3 6-1,3,R32,77,8,5,45,29,27,6,8,0,0,2,1,62,39,24,9,8,4,8
2025-311,Queen's Club,Grass,32,A,20250616,3,144895,,Q,Corentin Moutet,L,180,FRA,26.16,89,677,126203,3,,Taylor Fritz,R,196,USA,27.633,4,4735,6-7(5) 7-6(7) 7-5,3,R32,174,6,4,121,81,60,24,18,3,4,11,3,113,66,51,29,18,2,4
2025-311,Queen's Club,Grass,32,A,20250616,4,208103,,,Jiri Lehecka,R,185,CZE,23.603,30,1645,200282,5,,Alex de Minaur,R,183,AUS,26.327,12,3085,6-4 6-2,3,R32,76,10,0,47,32,27,9,9,0,0,5,3,63,34,23,13,9,3,6
2025-311,Queen's Club,Grass,32,A,20250616,5,126239,,LL,Arthur Rinderknech,R,196,FRA,29.9,80,764,210097,6,,Ben Shelton,L,193,USA,22.686,10,3170,7-6(5) 7-6(4),3,R32,108,14,1,74,55,44,13,12,0,0,22,4,85,60,45,12,12,6,6
2025-311,Queen's Club,Grass,32,A,20250616,6,209113,,,Gabriel Diallo,R,203,CAN,23.726,44,1247,126129,,WC,Billy Harris,R,193,GBR,30.39,113,519,6-1 3-6 6-4,3,R32,110,11,1,78,47,40,14,13,4,6,10,2,80,52,34,16,13,3,7
2025-311,Queen's Club,Grass,32,A,20250616,7,144719,,,Jaume Munar,R,183,ESP,28.115,59,962,111442,,,Jordan Thompson,R,183,AUS,31.157,37,1400,7-5 RET,3,R32,47,2,2,33,20,18,8,6,1,1,5,1,36,22,15,8,6,3,4
2025-311,Queen's Club,Grass,32,A,20250616,8,206909,,,Brandon Nakashima,R,188,USA,23.869,32,1600,208659,,,Giovanni Mpetshi Perricard,R,203,FRA,21.941,36,1476,6-7(10) 7-6(5) 6-4,3,R32,151,13,2,108,73,57,27,17,3,4,23,5,127,83,66,24,17,9,11
2025-311,Queen's Club,Grass,32,A,20250616,9,124187,,PR,Reilly Opelka,R,211,USA,27.8,75,808,200116,,,Camilo Ugo Carabelli,R,185,ARG,25.999,53,1036,7-6(6) 6-4,3,R32,89,21,3,65,44,39,11,11,3,4,4,4,74,41,28,18,11,2,4
2025-311,Queen's Club,Grass,32,A,20250616,10,200615,,,Alexei Popyrin,R,196,AUS,25.864,21,2115,126846,,Q,Aleksandar Vukic,R,188,AUS,29.194,83,733,6-2 6-7(9) 7-6(3),3,R32,151,19,2,113,73,59,22,16,6,7,13,2,113,63,47,24,16,3,6
2025-311,Queen's Club,Grass,32,A,20250616,11,208029,4,,Holger Rune,R,188,DEN,22.133,9,3440,106331,,LL,Christopher O'Connell,R,183,AUS,31.036,79,772,6-3 6-4,3,R32,77,3,2,63,38,30,18,10,3,3,4,1,54,39,30,6,9,5,7
2025-311,Queen's Club,Grass,32,A,20250616,12,105554,,WC,Daniel Evans,R,175,GBR,35.066,199,275,126207,7,,Frances Tiafoe,R,188,USA,27.403,13,2990,7-5 6-2,3,R32,94,3,3,62,33,25,17,10,3,4,8,3,65,32,21,14,10,2,6
2025-311,Queen's Club,Grass,32,A,20250616,13,210150,8,,Jakub Mensik,R,196,CZE,19.789,17,2322,111815,,WC,Cameron Norrie,L,188,GBR,29.815,61,952,7-6(6) 1-6 6-1,3,R32,120,20,3,98,63,52,11,13,4,6,4,4,85,55,46,13,13,3,5
2025-311,Queen's Club,Grass,32,A,20250616,14,105138,,,Roberto Bautista Agut,R,183,ESP,37.172,51,1049,132686,,,Nuno Borges,R,185,POR,28.32,38,1400,6-7(6) 7-5 6-4,3,R32,151,9,0,95,72,53,18,17,1,2,17,3,119,71,50,27,17,7,10
2025-311,Queen's Club,Grass,32,A,20250616,15,207985,,,Jacob Fearnley,R,183,GBR,23.921,60,961,106109,,Q,Alex Bolt,L,183,AUS,32.444,194,284,6-2 6-4,3,R32,67,6,7,49,30,28,8,9,0,0,4,2,50,31,22,9,9,0,3
2025-311,Queen's Club,Grass,32,A,20250616,16,111456,,Q,Mackenzie McDonald,R,178,USA,30.168,98,630,104792,,,Gael Monfils,R,193,FRA,38.79,42,1265,6-4 6-4,3,R32,84,1,0,55,38,28,11,10,2,3,5,8,60,30,21,13,10,2,5
2025-311,Queen's Club,Grass,32,A,20250616,17,207989,1,,Carlos Alcaraz,R,183,ESP,22.116,2,8850,144719,,,Jaume Munar,R,183,ESP,28.115,59,962,6-4 6-7(7) 7-5,3,R16,203,9,8,126,66,50,31,17,10,12,10,8,130,78,54,23,17,3,7
2025-311,Queen's Club,Grass,32,A,20250616,18,207985,,,Jacob Fearnley,R,183,GBR,23.921,60,961,144895,,Q,Corentin Moutet,L,180,FRA,26.16,89,677,6-3 2-6 6-2,3,R16,128,3,7,81,55,37,14,13,9,12,3,2,78,51,34,11,12,7,11
2025-311,Queen's Club,Grass,32,A,20250616,19,208103,,,Jiri Lehecka,R,185,CZE,23.603,30,1645,209113,,,Gabriel Diallo,R,203,CAN,23.726,44,1247,6-4 6-2,3,R16,64,5,3,45,27,26,10,9,0,0,8,2,50,34,22,9,9,1,4
2025-311,Queen's Club,Grass,32,A,20250616,20,126239,,LL,Arthur Rinderknech,R,196,FRA,29.9,80,764,124187,,PR,Reilly Opelka,R,211,USA,27.8,75,808,7-5 7-6(3),3,R16,96,12,5,67,44,38,14,12,0,0,11,5,82,44,38,17,12,5,6
2025-311,Queen's Club,Grass,32,A,20250616,21,207733,2,,Jack Draper,L,193,GBR,23.483,6,4550,200615,,,Alexei Popyrin,R,196,AUS,25.864,21,2115,3-6 6-2 7-6(5),3,R16,133,14,3,83,54,44,15,14,1,2,6,5,95,56,44,19,15,6,8
2025-311,Queen's Club,Grass,32,A,20250616,22,208029,4,,Holger Rune,R,188,DEN,22.133,9,3440,111456,,Q,Mackenzie McDonald,R,178,USA,30.168,98,630,2-6 6-1 6-1,3,R16,81,13,4,62,40,33,10,11,1,3,3,2,66,44,26,8,11,2,7
2025-311,Queen's Club,Grass,32,A,20250616,23,105138,,,Roberto Bautista Agut,R,183,ESP,37.172,51,1049,210150,8,,Jakub Mensik,R,196,CZE,19.789,17,2322,3-6 6-3 7-5,3,R16,141,3,2,91,69,53,9,15,5,7,12,4,100,51,35,29,15,3,6
2025-311,Queen's Club,Grass,32,A,20250616,24,206909,,,Brandon Nakashima,R,188,USA,23.869,32,1600,105554,,WC,Daniel Evans,R,175,GBR,35.066,199,275,7-5 7-6(4),3,R16,115,8,1,77,53,42,13,12,2,3,5,2,72,39,29,19,12,2,4
2025-311,Queen's Club,Grass,32,A,20250616,25,207989,1,,Carlos Alcaraz,R,183,ESP,22.116,2,8850,126239,,LL,Arthur Rinderknech,R,196,FRA,29.9,80,764,7-5 6-4,3,QF,80,8,4,60,36,33,12,11,0,0,12,5,54,33,29,9,11,0,2
2025-311,Queen's Club,Grass,32,A,20250616,26,207733,2,,Jack Draper,L,193,GBR,23.483,6,4550,206909,,,Brandon Nakashima,R,188,USA,23.869,32,1600,6-4 5-7 6-4,3,QF,142,14,2,102,68,53,18,16,10,11,13,2,105,66,48,21,16,8,10
2025-311,Queen's Club,Grass,32,A,20250616,27,105138,,,Roberto Bautista Agut,R,183,ESP,37.172,51,1049,208029,4,,Holger Rune,R,188,DEN,22.133,9,3440,7-6(5) 6-7(4) 6-2,3,QF,146,5,2,88,68,57,14,16,0,0,11,7,129,71,56,26,16,12,14
2025-311,Queen's Club,Grass,32,A,20250616,28,208103,,,Jiri Lehecka,R,185,CZE,23.603,30,1645,207985,,,Jacob Fearnley,R,183,GBR,23.921,60,961,7-5 6-2,3,QF,77,7,0,54,34,27,12,10,0,1,1,10,58,37,25,7,10,6,10
2025-311,Queen's Club,Grass,32,A,20250616,29,207989,1,,Carlos Alcaraz,R,183,ESP,22.116,2,8850,105138,,,Roberto Bautista Agut,R,183,ESP,37.172,51,1049,6-4 6-4,3,SF,89,15,1,58,41,30,13,10,1,1,1,1,72,55,33,9,10,4,6
2025-311,Queen's Club,Grass,32,A,20250616,30,208103,,,Jiri Lehecka,R,185,CZE,23.603,30,1645,207733,2,,Jack Draper,L,193,GBR,23.483,6,4550,6-4 4-6 7-5,3,SF,127,16,4,95,57,44,22,16,5,6,14,3,88,55,45,17,16,3,5
2025-311,Queen's Club,Grass,32,A,20250616,31,207989,1,,Carlos Alcaraz,R,183,ESP,22.116,2,8850,208103,,,Jiri Lehecka,R,185,CZE,23.603,30,1645,7-5 6-7(5) 6-2,3,F,128,18,2,83,54,47,21,16,0,0,7,2,100,55,39,25,16,2,5
2025-500,Halle,Grass,32,A,20250616,1,100644,2,,Alexander Zverev,R,198,GER,28.156,3,6500,106218,,,Marcos Giron,R,180,USA,31.896,43,1265,6-2 6-1,3,R32,79,10,0,44,34,28,6,8,0,0,2,3,65,36,21,10,7,5,9
2025-500,Halle,Grass,32,A,20250616,2,111575,8,,Karen Khachanov,R,198,RUS,29.07,22,2050,200267,,,Zizou Bergs,R,185,BEL,26.037,49,1079,7-5 6-3,3,R32,94,3,1,55,35,27,14,10,2,2,6,8,78,39,27,20,11,2,5
2025-500,Halle,Grass,32,A,20250616,3,206173,1,,Jannik Sinner,R,191,ITA,23.833,1,10880,105870,,Q,Yannick Hanfmann,R,193,GER,33.591,138,428,7-5 6-3,3,R32,90,10,0,62,44,37,9,11,2,2,4,0,66,45,31,11,10,3,5
2025-500,Halle,Grass,32,A,20250616,4,126094,4,,Andrey Rublev,R,188,RUS,27.655,14,2920,124116,,Q,Sebastian Ofner,R,191,AUT,29.095,122,483,6-3 6-4,3,R32,62,10,1,47,31,31,9,10,0,0,8,3,53,25,19,15,9,2,4
2025-500,Halle,Grass,32,A,20250616,5,210506,,,Alex Michelsen,R,193,USA,20.808,33,1570,202103,5,,Francisco Cerundolo,R,185,ARG,26.842,18,2285,2-6 7-5 6-4,3,R32,122,3,1,82,58,44,11,15,2,5,6,1,96,57,42,20,15,4,7
2025-500,Halle,Grass,32,A,20250616,6,133430,,,Denis Shapovalov,L,185,CAN,26.171,31,1626,200005,6,,Ugo Humbert,L,188,FRA,26.973,20,2195,6-4 4-6 7-6(4),3,R32,148,8,6,106,59,39,26,16,8,11,10,6,95,65,50,13,16,4,7
2025-500,Halle,Grass,32,A,20250616,7,207830,7,,Tomas Machac,R,183,CZE,24.674,23,2020,207411,,LL,Jesper de Jong,R,180,NED,25.043,93,660,7-5 3-6 6-3,3,R32,133,12,3,93,55,41,19,15,2,5,9,3,89,49,32,23,15,1,5
2025-500,Halle,Grass,32,A,20250616,8,200000,,,Felix Auger-Aliassime,R,193,CAN,24.854,27,1775,111513,,Q,Laslo Djere,R,188,SRB,30.04,65,911,6-3 6-7(6) 6-1,3,R32,125,17,3,92,67,59,9,15,3,3,3,3,79,51,37,15,13,2,5
2025-500,Halle,Grass,32,A,20250616,9,207925,,,Flavio Cobolli,R,183,ITA,23.113,24,1970,211663,,WC,Joao Fonseca,R,188,BRA,18.82,57,991,5-7 7-6(3) 7-6(8),3,R32,164,11,3,138,83,59,34,18,8,9,9,1,120,82,64,22,18,4,4
2025-500,Halle,Grass,32,A,20250616,10,144869,,,Tomas Martin Etcheverry,R,196,ARG,25.914,63,935,124079,,,Pedro Martinez,R,185,ESP,28.14,54,1030,6-1 6-3,3,R32,91,9,0,40,29,23,9,8,0,0,1,7,62,35,25,6,8,8,12
2025-500,Halle,Grass,32,A,20250616,11,132283,,,Lorenzo Sonego,R,191,ITA,30.1,46,1165,105526,,WC,Jan-Lennard Struff,R,193,GER,35.143,103,575,6-3 6-2,3,R32,60,4,1,48,36,30,8,9,3,3,4,2,43,29,18,8,8,3,6
2025-500,Halle,Grass,32,A,20250616,12,106421,3,,Daniil Medvedev,R,198,RUS,29.344,11,3140,127157,,WC,Daniel Altmaier,R,188,GER,26.76,52,1037,6-3 6-3,3,R32,63,7,3,57,41,29,9,9,2,2,5,0,47,31,24,5,9,3,6
2025-500,Halle,Grass,32,A,20250616,13,122330,,,Alexander Bublik,R,196,KAZ,27.997,45,1225,124186,,,Alexandre Muller,R,183,FRA,28.37,40,1311,6-4 6-4,3,R32,60,12,3,49,28,25,15,10,0,0,6,2,59,41,29,9,10,3,5
2025-500,Halle,Grass,32,A,20250616,14,111460,,,Quentin Halys,R,191,FRA,28.638,48,1134,126127,,Q,Benjamin Bonzi,R,183,FRA,29.018,62,945,6-4 6-4,3,R32,78,18,4,50,30,27,10,10,1,2,3,1,83,61,33,12,10,6,9
2025-500,Halle,Grass,32,A,20250616,15,206681,,,Fabian Marozsan,R,193,HUN,25.689,58,990,200175,,,Miomir Kecmanovic,R,183,SRB,25.793,47,1146,6-7(3) 6-4 6-4,3,R32,131,8,4,109,70,56,21,16,10,10,5,5,121,82,58,20,16,8,10
2025-500,Halle,Grass,32,A,20250616,16,126774,,,Stefanos Tsitsipas,R,193,GRE,26.845,25,1920,209260,,,Luciano Darderi,R,183,ITA,23.335,56,1004,6-4 3-6 7-6(5),3,R32,120,11,2,95,62,46,20,15,5,6,9,2,86,60,49,17,16,2,3
2025-500,Halle,Grass,32,A,20250616,17,122330,,,Alexander Bublik,R,196,KAZ,27.997,45,1225,206173,1,,Jannik Sinner,R,191,ITA,23.833,1,10880,3-6 6-3 6-4,3,R16,122,15,6,92,59,46,17,14,8,9,6,3,90,57,44,16,14,4,6
2025-500,Halle,Grass,32,A,20250616,18,100644,2,,Alexander Zverev,R,198,GER,28.156,3,6500,132283,,,Lorenzo Sonego,R,191,ITA,30.1,46,1165,3-6 6-4 7-6(2),3,R16,143,10,0,82,74,61,4,15,0,1,5,2,104,79,56,13,16,3,4
2025-500,Halle,Grass,32,A,20250616,19,144869,,,Tomas Martin Etcheverry,R,196,ARG,25.914,63,935,126094,4,,Andrey Rublev,R,188,RUS,27.655,14,2920,6-3 6-7(4) 7-6(6),3,R16,181,12,3,100,57,44,22,16,3,6,15,8,123,61,48,27,17,6,11
2025-500,Halle,Grass,32,A,20250616,20,207830,7,,Tomas Machac,R,183,CZE,24.674,23,2020,206681,,,Fabian Marozsan,R,193,HUN,25.689,58,990,6-2 6-3,3,R16,59,3,1,39,19,16,14,8,0,1,3,1,52,36,20,5,9,2,7
2025-500,Halle,Grass,32,A,20250616,21,111575,8,,Karen Khachanov,R,198,RUS,29.07,22,2050,200000,,,Felix Auger-Aliassime,R,193,CAN,24.854,27,1775,6-3 1-6 6-3,3,R16,100,4,2,68,45,31,13,13,1,4,12,3,63,39,30,12,12,4,7
2025-500,Halle,Grass,32,A,20250616,22,207925,,,Flavio Cobolli,R,183,ITA,23.113,24,1970,133430,,,Denis Shapovalov,L,185,CAN,26.171,31,1626,7-6(2) 4-6 7-6(5),3,R16,153,3,2,114,68,48,21,17,4,9,8,6,111,65,38,26,17,7,11
2025-500,Halle,Grass,32,A,20250616,23,106421,3,,Daniil Medvedev,R,198,RUS,29.344,11,3140,111460,,,Quentin Halys,R,191,FRA,28.638,48,1134,6-2 7-5,3,R16,66,10,0,49,32,29,12,10,0,0,4,1,60,36,27,9,10,2,5
2025-500,Halle,Grass,32,A,20250616,24,210506,,,Alex Michelsen,R,193,USA,20.808,33,1570,126774,,,Stefanos Tsitsipas,R,193,GRE,26.845,25,1920,7-6(5) 7-5,3,R16,103,8,0,71,51,40,13,12,1,2,7,5,79,43,33,20,12,2,4
2025-500,Halle,Grass,32,A,20250616,25,100644,2,,Alexander Zverev,R,198,GER,28.156,3,6500,207925,,,Flavio Cobolli,R,183,ITA,23.113,24,1970,6-4 7-6(6),3,QF,101,4,1,71,57,46,7,11,6,6,6,1,69,48,35,13,11,2,3
2025-500,Halle,Grass,32,A,20250616,26,106421,3,,Daniil Medvedev,R,198,RUS,29.344,11,3140,210506,,,Alex Michelsen,R,193,USA,20.808,33,1570,6-4 6-3,3,QF,85,7,5,65,43,32,12,10,0,0,1,3,56,33,24,12,9,8,10
2025-500,Halle,Grass,32,A,20250616,27,122330,,,Alexander Bublik,R,196,KAZ,27.997,45,1225,207830,7,,Tomas Machac,R,183,CZE,24.674,23,2020,7-6(2) 6-3,3,QF,82,19,2,69,50,39,10,10,4,5,5,2,72,44,30,12,11,3,6
2025-500,Halle,Grass,32,A,20250616,28,111575,8,,Karen Khachanov,R,198,RUS,29.07,22,2050,144869,,,Tomas Martin Etcheverry,R,196,ARG,25.914,63,935,6-3 6-2,3,QF,72,6,0,44,25,23,13,9,0,0,2,1,49,29,20,8,8,4,7
2025-500,Halle,Grass,32,A,20250616,29,106421,3,,Daniil Medvedev,R,198,RUS,29.344,11,3140,100644,2,,Alexander Zverev,R,198,GER,28.156,3,6500,7-6(3) 6-7(1) 6-4,3,SF,179,17,5,118,81,61,17,17,6,7,7,1,112,85,63,13,17,5,7
2025-500,Halle,Grass,32,A,20250616,30,122330,,,Alexander Bublik,R,196,KAZ,27.997,45,1225,111575,8,,Karen Khachanov,R,198,RUS,29.07,22,2050,4-6 7-6(5) 6-4,3,SF,122,19,4,100,65,54,18,16,4,5,15,3,96,67,55,17,16,1,2
2025-500,Halle,Grass,32,A,20250616,31,122330,,,Alexander Bublik,R,196,KAZ,27.997,45,1225,106421,3,,Daniil Medvedev,R,198,RUS,29.344,11,3140,6-3 7-6(4),3,F,81,11,5,69,48,38,14,11,2,2,11,3,68,44,32,12,10,3,4
2025-8994,Mallorca,Grass,28,A,20250623,1,105138,7,,Roberto Bautista Agut,R,183,ESP,37.191,43,1236,144869,,,Tomas Martin Etcheverry,R,196,ARG,25.933,53,1025,5-7 6-3 6-2,3,R32,154,3,0,87,60,41,14,15,3,7,7,2,82,44,29,17,14,6,12
2025-8994,Mallorca,Grass,28,A,20250623,2,200587,,Q,Brandon Holt,R,185,USA,27.214,101,568,126127,,,Benjamin Bonzi,R,183,FRA,29.038,64,930,2-6 6-4 6-4,3,R32,109,7,2,81,56,39,16,14,1,3,9,1,83,63,46,10,14,2,4
2025-8994,Mallorca,Grass,28,A,20250623,3,106071,,Q,Bernard Tomic,R,196,AUS,32.671,248,235,208014,,WC,Rinky Hijikata,R,178,AUS,24.329,88,702,3-6 7-5 6-2,3,R32,107,9,2,86,52,40,18,14,6,8,3,2,82,44,29,22,15,1,5
2025-8994,Mallorca,Grass,28,A,20250623,4,126128,,,Roman Safiullin,R,185,RUS,27.877,75,816,124186,5,,Alexandre Muller,R,183,FRA,28.389,40,1311,7-6(5) 7-5,3,R32,115,9,3,85,51,40,15,12,2,4,5,3,80,47,34,15,12,1,4
2025-8994,Mallorca,Grass,28,A,20250623,5,209113,6,,Gabriel Diallo,R,203,CAN,23.745,41,1285,144719,,,Jaume Munar,R,183,ESP,28.134,54,1012,7-5 6-3,3,R32,107,10,2,68,49,35,11,10,2,2,2,5,61,38,28,11,11,1,4
2025-8994,Mallorca,Grass,28,A,20250623,6,209098,,,Hamad Medjedovic,R,188,SRB,21.933,73,853,210460,,Q,Nishesh Basavareddy,R,180,USA,20.142,99,582,6-0 6-4,3,R32,63,11,2,42,23,17,15,8,0,0,2,2,52,29,18,10,8,2,6
2025-8994,Mallorca,Grass,28,A,20250623,7,144895,,,Corentin Moutet,L,180,FRA,26.179,83,739,124079,,,Pedro Martinez,R,185,ESP,28.159,52,1030,4-6 6-3 6-0,3,R32,157,4,4,94,62,46,14,13,8,10,0,4,81,54,34,10,12,9,14
2025-8994,Mallorca,Grass,28,A,20250623,8,210319,,Q,Ethan Quinn,R,191,USA,21.281,95,650,200116,,,Camilo Ugo Carabelli,R,185,ARG,26.018,55,1006,6-3 6-2,3,R32,66,3,2,54,33,24,15,9,3,3,3,5,51,27,14,15,8,3,6
2025-8994,Mallorca,Grass,28,A,20250623,9,126239,,,Arthur Rinderknech,R,196,FRA,29.919,70,864,106000,,,Damir Dzumhur,R,175,BIH,33.092,68,900,6-4 4-6 7-5,3,R32,151,9,9,94,49,41,23,16,4,6,8,6,100,55,39,27,16,5,8
2025-8994,Mallorca,Grass,28,A,20250623,10,210530,,,Learner Tien,L,180,USA,19.556,67,903,211514,,WC,Justin Engel,R,185,GER,17.728,219,253,6-4 6-4,3,R32,74,8,2,58,41,32,11,10,5,5,6,2,52,28,25,11,10,1,3
2025-8994,Mallorca,Grass,28,A,20250623,11,127157,8,,Daniel Altmaier,R,188,GER,26.779,59,983,104926,,WC,Fabio Fognini,R,178,ITA,38.084,130,462,6-3 3-6 6-3,3,R32,107,10,7,91,59,40,17,14,6,8,1,5,76,39,29,21,13,3,6
2025-8994,Mallorca,Grass,28,A,20250623,12,111513,,,Laslo Djere,R,188,SRB,30.059,62,936,207352,,,Yunchaokete Bu,R,185,CHN,23.425,69,874,6-4 6-4,3,R32,96,9,1,62,37,27,14,10,5,7,4,4,65,42,27,10,10,8,12
2025-8994,Mallorca,Grass,28,A,20250623,13,210530,,,Learner Tien,L,180,USA,19.556,67,903,210097,1,,Ben Shelton,L,193,USA,22.705,10,3170,6-4 7-6(2),3,R16,100,7,7,70,38,29,17,11,4,6,7,6,78,45,29,14,11,4,7
2025-8994,Mallorca,Grass,28,A,20250623,14,210506,3,,Alex Michelsen,R,193,USA,20.827,33,1620,200587,,Q,Brandon Holt,R,185,USA,27.214,101,568,6-4 6-4,3,R16,78,6,2,53,33,25,9,10,2,5,4,1,62,37,24,9,10,2,7
2025-8994,Mallorca,Grass,28,A,20250623,15,105138,7,,Roberto Bautista Agut,R,183,ESP,37.191,43,1236,106071,,Q,Bernard Tomic,R,196,AUS,32.671,248,235,6-3 6-3,3,R16,67,4,0,50,37,28,7,9,2,3,6,3,55,25,17,12,9,2,6
2025-8994,Mallorca,Grass,28,A,20250623,16,144895,,,Corentin Moutet,L,180,FRA,26.179,83,739,127157,8,,Daniel Altmaier,R,188,GER,26.779,59,983,7-6(3) 7-6(3),3,R16,134,1,4,78,46,36,19,12,2,3,5,3,84,51,36,17,12,5,6
2025-8994,Mallorca,Grass,28,A,20250623,17,200000,2,,Felix Auger-Aliassime,R,193,CAN,24.873,27,1775,126239,,,Arthur Rinderknech,R,196,FRA,29.919,70,864,7-5 6-3,3,R16,112,8,3,57,31,25,17,11,0,1,7,3,83,53,36,11,10,7,10
2025-8994,Mallorca,Grass,28,A,20250623,18,134868,4,,Tallon Griekspoor,R,188,NED,28.975,34,1535,210319,,Q,Ethan Quinn,R,191,USA,21.281,95,650,7-5 6-4,3,R16,90,7,1,63,41,33,12,11,0,1,10,3,75,48,32,16,11,6,9
2025-8994,Mallorca,Grass,28,A,20250623,19,209113,6,,Gabriel Diallo,R,203,CAN,23.745,41,1285,111513,,,Laslo Djere,R,188,SRB,30.059,62,936,6-3 3-6 6-3,3,R16,107,10,3,78,53,44,13,14,3,4,5,1,76,50,37,14,13,1,3
2025-8994,Mallorca,Grass,28,A,20250623,20,209098,,,Hamad Medjedovic,R,188,SRB,21.933,73,853,126128,,,Roman Safiullin,R,185,RUS,27.877,75,816,6-4 3-6 7-6(4),3,R16,146,12,6,104,71,56,15,15,6,7,12,4,102,68,49,23,16,1,2
2025-8994,Mallorca,Grass,28,A,20250623,21,200000,2,,Felix Auger-Aliassime,R,193,CAN,24.873,27,1775,209098,,,Hamad Medjedovic,R,188,SRB,21.933,73,853,3-6 6-1 6-4,3,QF,129,11,1,77,55,42,13,13,5,6,5,6,78,43,30,19,13,3,6
2025-8994,Mallorca,Grass,28,A,20250623,22,210506,3,,Alex Michelsen,R,193,USA,20.827,33,1620,105138,7,,Roberto Bautista Agut,R,183,ESP,37.191,43,1236,6-4 7-6(4),3,QF,103,10,1,72,48,34,15,11,2,3,3,0,71,50,34,11,11,2,4
2025-8994,Mallorca,Grass,28,A,20250623,23,134868,4,,Tallon Griekspoor,R,188,NED,28.975,34,1535,209113,6,,Gabriel Diallo,R,203,CAN,23.745,41,1285,6-4 6-4,3,QF,88,4,1,54,37,29,12,10,1,1,8,4,61,39,30,10,10,2,4
2025-8994,Mallorca,Grass,28,A,20250623,24,144895,,,Corentin Moutet,L,180,FRA,26.179,83,739,210530,,,Learner Tien,L,180,USA,19.556,67,903,6-2 7-5,3,QF,109,1,1,65,45,34,10,10,5,6,0,5,74,42,27,12,10,6,10
2025-8994,Mallorca,Grass,28,A,20250623,25,134868,4,,Tallon Griekspoor,R,188,NED,28.975,34,1535,200000,2,,Felix Auger-Aliassime,R,193,CAN,24.873,27,1775,6-4 6-4,3,SF,90,5,4,75,48,36,13,10,6,6,11,1,53,33,26,12,10,4,6
2025-8994,Mallorca,Grass,28,A,20250623,26,144895,,,Corentin Moutet,L,180,FRA,26.179,83,739,210506,3,,Alex Michelsen,R,193,USA,20.827,33,1620,6-4 7-6(3),3,SF,115,4,1,76,51,35,14,11,8,10,1,1,72,44,25,16,11,6,9
2025-8994,Mallorca,Grass,28,A,20250623,27,134868,4,,Tallon Griekspoor,R,188,NED,28.975,34,1535,144895,,,Corentin Moutet,L,180,FRA,26.179,83,739,7-5 7-6(3),3,F,116,4,1,81,55,41,17,12,4,4,6,1,73,46,34,17,12,3,4
2025-741,Eastbourne,Grass,28,A,20250623,1,207985,,,Jacob Fearnley,R,183,GBR,23.94,51,1048,207925,5,,Flavio Cobolli,R,183,ITA,23.132,24,2060,6-2 6-2,3,R32,65,4,1,44,35,25,6,8,0,1,1,4,63,36,22,7,8,4,9
2025-741,Eastbourne,Grass,28,A,20250623,2,132686,8,,Nuno Borges,R,185,POR,28.339,37,1400,P0HT,,WC,Jack Pinnington Jones,R,180,GBR,22.234,282,196,4-6 6-3 6-3,3,R32,121,7,1,86,65,47,9,14,5,8,3,14,105,68,45,14,14,8,13
2025-741,Eastbourne,Grass,28,A,20250623,3,202385,,LL,Jenson Brooksby,R,193,USA,24.657,149,405,207681,,,Francisco Comesana,R,178,ARG,24.712,65,914,7-6(6) 6-4,3,R32,105,2,0,68,44,31,16,11,3,5,6,4,74,52,34,11,11,7,10
2025-741,Eastbourne,Grass,28,A,20250623,4,105902,,Q,James Duckworth,R,183,AUS,33.421,106,528,126846,,Q,Aleksandar Vukic,R,188,AUS,29.213,80,758,6-3 6-7(5) 6-1,3,R32,141,10,3,96,63,50,19,15,5,5,5,2,91,55,36,19,13,8,11
2025-741,Eastbourne,Grass,28,A,20250623,5,106218,,,Marcos Giron,R,180,USA,31.915,46,1175,209260,,,Luciano Darderi,R,183,ITA,23.354,56,1004,6-4 7-5,3,R32,82,4,0,74,50,31,17,11,5,6,2,3,66,43,29,11,11,2,5
2025-741,Eastbourne,Grass,28,A,20250623,6,126129,,LL,Billy Harris,R,193,GBR,30.409,142,426,111815,,WC,Cameron Norrie,L,188,GBR,29.834,61,952,6-4 6-4,3,R32,84,4,1,68,48,35,10,10,7,8,0,1,53,35,18,14,10,0,3
2025-741,Eastbourne,Grass,28,A,20250623,7,124187,,PR,Reilly Opelka,R,211,USA,27.819,72,858,207785,,Q,George Loffhagen,R,188,GBR,24.178,302,172,7-6(6) 3-6 7-6(1),3,R32,148,19,4,103,65,51,24,16,5,6,11,6,115,77,61,21,17,4,4
2025-741,Eastbourne,Grass,28,A,20250623,8,200221,6,,Alejandro Davidovich Fokina,R,180,ESP,26.051,28,1770,202358,,LL,Chun-Hsin Tseng,R,175,TPE,23.874,96,648,7-6(6) 6-2,3,R32,93,2,3,60,40,35,13,10,2,2,3,4,79,48,31,17,10,7,9
2025-741,Eastbourne,Grass,28,A,20250623,9,208233,,Q,Mattia Bellucci,L,175,ITA,24.06,74,836,111460,,,Quentin Halys,R,191,FRA,28.657,47,1174,6-4 6-2,3,R32,68,1,2,49,28,23,16,9,1,1,5,3,49,30,22,7,9,1,4
2025-741,Eastbourne,Grass,28,A,20250623,10,105554,,WC,Daniel Evans,R,175,GBR,35.086,170,325,200175,,,Miomir Kecmanovic,R,183,SRB,25.812,49,1146,3-6 6-4 6-4,3,R32,129,6,3,95,63,46,13,15,4,8,5,3,78,55,37,11,14,4,8
2025-741,Eastbourne,Grass,28,A,20250623,11,211663,,,Joao Fonseca,R,188,BRA,18.839,57,991,200267,,,Zizou Bergs,R,185,BEL,26.056,50,1079,6-7(8) 6-0 6-3,3,R32,128,3,2,90,71,50,14,14,2,3,14,8,102,67,42,15,13,7,12
2025-741,Eastbourne,Grass,28,A,20250623,12,132283,,,Lorenzo Sonego,R,191,ITA,30.119,48,1171,206681,,,Fabian Marozsan,R,193,HUN,25.708,58,990,6-2 6-4,3,R32,78,1,3,54,32,27,12,9,2,2,2,2,52,39,24,5,9,0,3
2025-741,Eastbourne,Grass,28,A,20250623,13,126203,1,,Taylor Fritz,R,196,USA,27.652,5,4635,211663,,,Joao Fonseca,R,188,BRA,18.839,57,991,6-3 6-7(5) 7-5,3,R16,122,17,2,106,72,56,17,17,1,2,7,1,90,62,48,14,16,4,7
2025-741,Eastbourne,Grass,28,A,20250623,14,105554,,WC,Daniel Evans,R,175,GBR,35.086,170,325,126205,2,,Tommy Paul,R,185,USA,28.101,13,2970,6-4 3-6 6-3,3,R16,134,4,2,76,43,30,19,14,2,5,6,3,97,53,38,19,14,10,14
2025-741,Eastbourne,Grass,28,A,20250623,15,210150,3,,Jakub Mensik,R,196,CZE,19.808,17,2356,124187,,PR,Reilly Opelka,R,211,USA,27.819,72,858,7-5 6-3,3,R16,86,12,2,64,41,30,17,11,0,0,10,4,72,42,29,13,10,1,3
2025-741,Eastbourne,Grass,28,A,20250623,16,200005,4,,Ugo Humbert,L,188,FRA,26.992,20,2195,132283,,,Lorenzo Sonego,R,191,ITA,30.119,48,1171,7-5 6-4,3,R16,100,4,2,65,33,24,25,11,0,0,3,3,65,53,38,5,11,4,6
2025-741,Eastbourne,Grass,28,A,20250623,17,200221,6,,Alejandro Davidovich Fokina,R,180,ESP,26.051,28,1770,105902,,Q,James Duckworth,R,183,AUS,33.421,106,528,6-7(3) 6-3 6-4,3,R16,135,10,5,114,71,52,24,16,8,9,7,1,86,55,39,16,15,4,7
2025-741,Eastbourne,Grass,28,A,20250623,18,202385,,LL,Jenson Brooksby,R,193,USA,24.657,149,405,132686,8,,Nuno Borges,R,185,POR,28.339,37,1400,6-4 6-4,3,R16,81,2,1,58,35,29,12,10,1,2,2,0,57,40,25,9,10,2,5
2025-741,Eastbourne,Grass,28,A,20250623,19,106218,,,Marcos Giron,R,180,USA,31.915,46,1175,207985,,,Jacob Fearnley,R,183,GBR,23.94,51,1048,6-3 6-1,3,R16,63,1,0,42,24,19,12,8,1,2,1,5,51,35,19,4,8,4,9
2025-741,Eastbourne,Grass,28,A,20250623,20,126129,,LL,Billy Harris,R,193,GBR,30.409,142,426,208233,,Q,Mattia Bellucci,L,175,ITA,24.06,74,836,6-3 6-4,3,R16,89,2,1,66,46,34,11,10,2,2,5,3,53,34,26,8,9,2,4
2025-741,Eastbourne,Grass,28,A,20250623,21,126203,1,,Taylor Fritz,R,196,USA,27.652,5,4635,106218,,,Marcos Giron,R,180,USA,31.915,46,1175,7-5 4-6 7-5,3,QF,144,16,1,99,72,58,10,17,1,4,3,5,102,56,42,22,17,1,5
2025-741,Eastbourne,Grass,28,A,20250623,22,200221,6,,Alejandro Davidovich Fokina,R,180,ESP,26.051,28,1770,210150,3,,Jakub Mensik,R,196,CZE,19.808,17,2356,6-4 7-5,3,QF,104,1,4,76,46,33,17,11,6,7,9,4,85,55,35,14,11,7,10
2025-741,Eastbourne,Grass,28,A,20250623,23,200005,4,,Ugo Humbert,L,188,FRA,26.992,20,2195,126129,,LL,Billy Harris,R,193,GBR,30.409,142,426,7-6(4) 6-1,3,QF,101,3,3,53,35,27,9,9,0,2,2,3,67,42,21,12,10,5,10
2025-741,Eastbourne,Grass,28,A,20250623,24,202385,,LL,Jenson Brooksby,R,193,USA,24.657,149,405,105554,,WC,Daniel Evans,R,175,GBR,35.086,170,325,6-2 6-3,3,QF,83,4,2,38,24,21,11,8,0,0,2,1,63,39,22,10,9,2,6
2025-741,Eastbourne,Grass,28,A,20250623,25,126203,1,,Taylor Fritz,R,196,USA,27.652,5,4635,200221,6,,Alejandro Davidovich Fokina,R,180,ESP,26.051,28,1770,6-3 3-6 6-1,3,SF,93,18,0,77,54,42,12,13,2,3,1,2,65,43,30,11,12,0,3
2025-741,Eastbourne,Grass,28,A,20250623,26,202385,,LL,Jenson Brooksby,R,193,USA,24.657,149,405,200005,4,,Ugo Humbert,L,188,FRA,26.992,20,2195,6-7(7) 6-4 6-4,3,SF,167,4,6,104,56,39,26,16,9,13,4,3,103,65,44,16,16,7,13
2025-741,Eastbourne,Grass,28,A,20250623,27,126203,1,,Taylor Fritz,R,196,USA,27.652,5,4635,202385,,LL,Jenson Brooksby,R,193,USA,24.657,149,405,7-5 6-1,3,F,86,8,1,66,40,29,14,10,6,7,0,0,51,36,19,8,9,3,7
2025-540,Wimbledon,Grass,128,G,20250630,1,206173,1,,Jannik Sinner,R,191,ITA,23.871,1,10430,208134,,,Luca Nardi,R,185,ITA,21.9,95,655,6-4 6-3 6-0,5,R128,108,9,2,65,38,34,19,13,0,0,3,5,88,48,28,17,12,8,13
2025-540,Wimbledon,Grass,128,G,20250630,2,207733,4,,Jack Draper,L,193,GBR,23.521,4,4650,202104,,,Sebastian Baez,R,170,ARG,24.504,38,1370,6-2 6-2 2-1 RET,5,R128,74,10,1,41,27,25,11,9,0,0,1,3,63,42,25,9,10,0,5
2025-540,Wimbledon,Grass,128,G,20250630,3,104925,6,,Novak Djokovic,R,188,SRB,38.108,6,4630,124186,,,Alexandre Muller,R,183,FRA,28.408,41,1311,6-1 6-7(7) 6-2 6-2,5,R128,199,22,1,103,72,59,19,17,3,3,8,7,172,111,67,25,18,20,27
2025-540,Wimbledon,Grass,128,G,20250630,4,105932,,Q,Nikoloz Basilashvili,R,185,GEO,33.35,126,474,207518,7,,Lorenzo Musetti,R,185,ITA,23.326,7,4140,6-2 4-6 7-5 6-1,5,R128,145,15,4,111,52,43,35,19,4,5,6,5,107,63,39,27,18,6,11
2025-540,Wimbledon,Grass,128,G,20250630,5,210097,10,,Ben Shelton,L,193,USA,22.724,10,3130,106109,,Q,Alex Bolt,L,183,AUS,32.482,179,309,6-4 7-6(1) 7-6(4),5,R128,149,15,6,108,72,59,19,17,1,2,7,5,115,78,56,19,17,5,7
2025-540,Wimbledon,Grass,128,G,20250630,6,200282,11,,Alex de Minaur,R,183,AUS,26.366,11,3085,106148,,,Roberto Carballes Baena,R,183,ESP,32.271,74,849,6-2 6-2 7-6(2),5,R128,145,8,3,88,41,33,28,14,4,5,4,4,95,52,34,17,14,5,10
2025-540,Wimbledon,Grass,128,G,20250630,7,126205,13,,Tommy Paul,R,185,USA,28.12,13,2970,M0ON,,WC,Johannus Monday,L,198,GBR,23.436,224,249,6-4 6-4 6-2,5,R128,103,9,3,72,46,40,17,14,2,2,7,2,82,48,35,17,14,2,6
2025-540,Wimbledon,Grass,128,G,20250630,8,210150,15,,Jakub Mensik,R,196,CZE,19.828,17,2356,200384,,,Hugo Gaston,L,173,FRA,24.758,86,693,6-1 4-6 6-2 6-2,5,R128,125,20,4,91,56,50,18,17,1,2,6,1,102,57,34,24,16,6,12
2025-540,Wimbledon,Grass,128,G,20250630,9,104792,,,Gael Monfils,R,193,FRA,38.828,48,1165,200005,18,,Ugo Humbert,L,188,FRA,27.012,18,2285,6-4 3-6 6-7(5) 7-5 6-2,5,R128,237,28,15,161,91,70,35,25,7,11,10,6,170,108,76,31,26,6,13
2025-540,Wimbledon,Grass,128,G,20250630,10,105777,19,,Grigor Dimitrov,R,191,BUL,34.125,21,2155,106415,,,Yoshihito Nishioka,L,170,JPN,29.758,82,724,6-2 6-3 6-4,5,R128,99,26,3,67,49,47,9,14,0,0,1,1,87,54,35,16,13,4,8
2025-540,Wimbledon,Grass,128,G,20250630,11,207830,21,,Tomas Machac,R,183,CZE,24.712,23,2110,106000,,,Damir Dzumhur,R,175,BIH,33.112,67,900,6-3 6-2 6-4,5,R128,100,7,1,73,50,39,16,14,2,3,1,2,83,48,29,16,13,3,8
2025-540,Wimbledon,Grass,128,G,20250630,12,207925,22,,Flavio Cobolli,R,183,ITA,23.151,24,2035,202320,,Q,Beibit Zhukayev,R,198,KAZ,24.715,247,229,6-3 7-6(7) 6-1,5,R128,106,11,3,85,57,46,21,15,2,2,14,6,89,56,42,15,13,5,8
2025-540,Wimbledon,Grass,128,G,20250630,13,208363,,,Mariano Navone,R,178,ARG,24.337,91,670,133430,27,,Denis Shapovalov,L,185,CAN,26.209,30,1676,3-6 6-4 6-1 6-4,5,R128,148,1,5,104,62,43,27,18,4,7,6,11,111,60,43,21,18,4,10
2025-540,Wimbledon,Grass,128,G,20250630,14,144719,,,Jaume Munar,R,183,ESP,28.153,55,1012,122330,28,,Alexander Bublik,R,196,KAZ,28.036,31,1675,6-4 3-6 4-6 7-6(5) 6-2,5,R128,204,8,6,151,88,63,34,24,7,12,21,8,148,86,65,28,25,3,9
2025-540,Wimbledon,Grass,128,G,20250630,15,206909,29,,Brandon Nakashima,R,188,USA,23.907,34,1650,207352,,,Yunchaokete Bu,R,185,CHN,23.444,71,874,6-4 4-6 7-6(1) 6-4,5,R128,214,21,3,131,88,67,23,21,7,9,14,4,148,92,65,24,21,5,8
2025-540,Wimbledon,Grass,128,G,20250630,16,200175,,,Miomir Kecmanovic,R,183,SRB,25.832,49,1106,210506,30,,Alex Michelsen,R,193,USA,20.846,32,1670,6-2 3-6 6-3 3-6 7-6(6),5,R128,193,10,6,147,99,77,25,23,3,5,12,9,151,96,69,30,24,3,6
2025-540,Wimbledon,Grass,128,G,20250630,17,209070,,Q,Arthur Cazaux,R,183,FRA,22.853,115,505,200443,,,Adam Walton,R,183,AUS,26.204,90,678,6-3 7-6(6) 4-6 6-7(5) 6-1,5,R128,254,24,8,163,116,98,17,25,6,7,12,2,176,111,73,40,25,13,17
2025-540,Wimbledon,Grass,128,G,20250630,18,105227,,,Marin Cilic,R,198,CRO,36.753,83,722,209920,,,Raphael Collignon,R,191,BEL,23.461,85,705,6-3 6-4 6-3,5,R128,108,16,0,75,44,37,18,14,3,4,12,9,85,57,39,11,14,8,13
2025-540,Wimbledon,Grass,128,G,20250630,19,207411,,,Jesper de Jong,R,180,NED,25.081,106,548,111153,,,Christopher Eubanks,R,201,USA,29.153,130,454,6-3 6-7(5) 6-7(7) 6-3 7-6(3),5,R128,269,32,15,188,106,84,48,27,12,12,17,7,193,135,99,26,27,8,11
2025-540,Wimbledon,Grass,128,G,20250630,20,105554,,WC,Daniel Evans,R,175,GBR,35.105,154,375,126652,,WC,Jay Clarke,R,183,GBR,26.927,196,283,6-1 7-5 6-2,5,R128,134,6,0,82,46,37,22,14,2,3,6,6,82,47,33,12,13,1,7
2025-540,Wimbledon,Grass,128,G,20250630,21,105916,,LL,Marton Fucsovics,R,188,HUN,33.391,105,564,206499,,,Aleksandar Kovacevic,R,183,USA,26.836,76,799,6-3 6-7(5) 6-1 5-7 6-4,5,R128,217,18,7,161,101,84,32,26,8,10,6,4,146,85,64,31,24,5,10
2025-540,Wimbledon,Grass,128,G,20250630,22,106218,,,Marcos Giron,R,180,USA,31.934,45,1200,200116,,,Camilo Ugo Carabelli,R,185,ARG,26.037,56,1006,7-6(6) 7-6(4) 6-3,5,R128,159,12,0,108,70,51,22,17,4,7,6,2,124,63,39,31,16,8,12
2025-540,Wimbledon,Grass,128,G,20250630,23,208014,,,Rinky Hijikata,R,178,AUS,24.348,87,693,105676,,,David Goffin,R,180,BEL,34.563,63,930,6-3 6-1 6-1,5,R128,76,6,0,65,38,31,20,12,2,2,3,5,63,31,20,11,11,5,11
2025-540,Wimbledon,Grass,128,G,20250630,24,200416,,Q,August Holmgren,R,188,DEN,27.19,192,285,111460,,,Quentin Halys,R,191,FRA,28.676,46,1174,7-6(4) 6-3 6-4,5,R128,107,20,6,106,66,56,23,16,4,4,17,7,80,49,42,18,15,2,4
2025-540,Wimbledon,Grass,128,G,20250630,25,206681,,,Fabian Marozsan,R,193,HUN,25.728,58,990,210317,,Q,James McCabe,R,188,AUS,21.988,181,308,6-1 6-4 6-3,5,R128,118,3,3,83,54,40,18,13,3,3,8,4,93,64,41,10,13,6,11
2025-540,Wimbledon,Grass,128,G,20250630,26,124079,,,Pedro Martinez,R,185,ESP,28.178,52,1030,207785,,WC,George Loffhagen,R,188,GBR,24.197,293,185,2-6 6-2 6-4 6-2,5,R128,159,0,4,99,70,41,17,17,6,12,16,5,95,47,30,17,17,5,14
2025-540,Wimbledon,Grass,128,G,20250630,27,144895,,,Corentin Moutet,L,180,FRA,26.198,69,894,207681,,,Francisco Comesana,R,178,ARG,24.731,65,914,6-4 6-4 6-2,5,R128,136,6,7,87,52,44,16,14,4,5,8,10,98,58,38,16,14,11,16
2025-540,Wimbledon,Grass,128,G,20250630,28,124116,,,Sebastian Ofner,R,191,AUT,29.133,165,343,209098,,,Hamad Medjedovic,R,188,SRB,21.952,68,896,7-6(8) 3-1 RET,5,R128,87,9,1,50,30,27,14,8,1,1,7,1,65,47,32,10,8,4,5
2025-540,Wimbledon,Grass,128,G,20250630,29,124187,,,Reilly Opelka,R,211,USA,27.838,70,877,207686,,,Alexander Shevchenko,R,188,KAZ,24.583,98,610,6-3 7-5 7-6(4),5,R128,115,19,7,106,64,49,25,17,5,7,11,6,93,57,47,12,16,3,7
2025-540,Wimbledon,Grass,128,G,20250630,30,P0HT,,WC,Jack Pinnington Jones,R,180,GBR,22.253,281,196,144869,,,Tomas Martin Etcheverry,R,196,ARG,25.952,53,1025,7-6(4) 6-3 7-5,5,R128,156,11,5,108,62,51,24,17,7,8,11,4,104,65,51,18,16,10,13
2025-540,Wimbledon,Grass,128,G,20250630,31,132283,,,Lorenzo Sonego,R,191,ITA,30.138,47,1171,210262,,Q,Jaime Faria,R,188,POR,21.9,116,503,6-3 6-4 6-2,5,R128,103,15,0,74,60,48,10,14,2,2,4,6,85,58,41,8,13,5,9
2025-540,Wimbledon,Grass,128,G,20250630,32,126846,,,Aleksandar Vukic,R,188,AUS,29.232,93,664,202358,,,Chun-Hsin Tseng,R,175,TPE,23.893,96,643,6-3 6-4 4-6 7-6(5),5,R128,184,11,3,126,67,54,30,21,3,7,12,9,144,85,61,23,20,9,14
2025-540,Wimbledon,Grass,128,G,20250630,33,207989,2,,Carlos Alcaraz,R,183,ESP,22.155,2,9300,104926,,,Fabio Fognini,R,178,ITA,38.103,138,437,7-5 6-7(5) 7-5 2-6 6-1,5,R128,277,14,9,189,110,77,41,26,16,21,1,9,168,107,68,34,25,8,15
2025-540,Wimbledon,Grass,128,G,20250630,34,126239,,,Arthur Rinderknech,R,196,FRA,29.938,72,873,100644,3,,Alexander Zverev,R,198,GER,28.194,3,6500,7-6(3) 6-7(8) 6-3 6-7(5) 6-4,5,R128,280,25,3,174,124,98,32,27,9,9,31,5,189,144,110,24,28,9,12
2025-540,Wimbledon,Grass,128,G,20250630,35,126203,5,,Taylor Fritz,R,196,USA,27.671,5,4635,208659,,,Giovanni Mpetshi Perricard,R,203,FRA,21.979,36,1411,6-7(6) 6-7(8) 6-4 7-6(6) 6-4,5,R128,205,29,2,160,108,92,37,28,0,0,37,13,185,123,101,31,28,4,6
2025-540,Wimbledon,Grass,128,G,20250630,36,111797,,Q,Nicolas Jarry,R,201,CHI,29.719,143,418,208029,8,,Holger Rune,R,188,DEN,22.171,8,3530,4-6 4-6 7-5 6-3 6-4,5,R128,214,31,8,139,84,66,35,26,3,6,7,9,150,90,70,28,25,7,11
2025-540,Wimbledon,Grass,128,G,20250630,37,126127,,,Benjamin Bonzi,R,183,FRA,29.057,64,930,106421,9,,Daniil Medvedev,R,198,RUS,29.383,9,3420,7-6(2) 3-6 7-6(3) 6-2,5,R128,187,5,1,119,77,60,29,20,5,7,14,12,146,86,65,26,21,1,4
2025-540,Wimbledon,Grass,128,G,20250630,38,126207,12,,Frances Tiafoe,R,188,USA,27.441,12,2990,209284,,,Elmer Moller,R,183,DEN,21.977,117,499,6-3 6-4 6-2,5,R128,105,7,4,78,42,37,19,14,1,2,2,13,82,34,24,24,13,6,11
2025-540,Wimbledon,Grass,128,G,20250630,39,126094,14,,Andrey Rublev,R,188,RUS,27.693,14,2920,111513,,,Laslo Djere,R,188,SRB,30.078,60,961,6-0 7-6(5) 6-7(9) 7-6(6),5,R128,195,12,3,142,88,68,37,21,3,3,13,12,163,85,70,35,21,12,15
2025-540,Wimbledon,Grass,128,G,20250630,40,132686,,,Nuno Borges,R,185,POR,28.359,37,1400,202103,16,,Francisco Cerundolo,R,185,ARG,26.88,19,2285,4-6 6-3 7-6(5) 6-0,5,R128,148,9,0,113,77,58,23,19,7,10,5,4,116,81,54,14,18,8,14
2025-540,Wimbledon,Grass,128,G,20250630,41,111575,17,,Karen Khachanov,R,198,RUS,29.109,20,2240,111456,,,Mackenzie McDonald,R,178,USA,30.207,88,689,7-5 6-4 6-4,5,R128,131,11,1,106,66,51,24,16,6,7,7,2,92,62,42,15,16,6,10
2025-540,Wimbledon,Grass,128,G,20250630,42,209259,,WC,Arthur Fery,R,175,GBR,22.968,461,91,200615,20,,Alexei Popyrin,R,196,AUS,25.903,22,2140,6-4 6-1 4-6 6-4,5,R128,169,6,3,114,67,45,32,18,2,3,20,5,124,72,50,25,19,11,16
2025-540,Wimbledon,Grass,128,G,20250630,43,208103,23,,Jiri Lehecka,R,185,CZE,23.641,25,1965,106198,,,Hugo Dellien,R,180,BOL,32.038,79,751,4-6 6-2 6-2 7-6(0),5,R128,145,22,3,102,67,56,23,19,1,2,6,2,114,78,51,19,19,4,8
2025-540,Wimbledon,Grass,128,G,20250630,44,R0EB,,Q,Valentin Royer,R,188,FRA,24.088,113,513,126774,24,,Stefanos Tsitsipas,R,193,GRE,26.883,26,1920,6-3 6-2 RET,5,R128,77,8,1,50,34,27,10,9,3,3,7,7,60,26,16,18,8,1,4
2025-540,Wimbledon,Grass,128,G,20250630,45,200000,25,,Felix Auger-Aliassime,R,193,CAN,24.893,28,1825,105902,,,James Duckworth,R,183,AUS,33.44,103,566,6-2 3-6 6-7(2) 6-4 6-4,5,R128,222,26,11,136,76,65,29,24,2,4,8,7,171,100,66,39,25,10,15
2025-540,Wimbledon,Grass,128,G,20250630,46,200221,26,,Alejandro Davidovich Fokina,R,180,ESP,26.07,27,1845,200587,,,Brandon Holt,R,185,USA,27.233,99,600,6-2 6-4 7-5,5,R128,108,11,3,84,55,44,17,15,2,3,8,1,87,56,39,11,15,4,9
2025-540,Wimbledon,Grass,128,G,20250630,47,202385,,,Jenson Brooksby,R,193,USA,24.676,101,577,134868,31,,Tallon Griekspoor,R,188,NED,28.994,29,1755,6-2 7-5 6-3,5,R128,138,6,3,100,65,48,17,15,4,5,9,10,109,58,41,18,14,13,18
2025-540,Wimbledon,Grass,128,G,20250630,48,111794,,,Kamil Majchrzak,R,183,POL,29.462,109,527,126610,32,,Matteo Berrettini,R,196,ITA,29.216,35,1515,4-6 6-2 6-4 5-7 6-3,5,R128,187,5,3,134,76,56,36,25,4,8,25,4,136,86,65,22,24,9,15
2025-540,Wimbledon,Grass,128,G,20250630,49,208233,,,Mattia Bellucci,L,175,ITA,24.079,73,864,C0AK,,WC,Oliver Crawford,R,180,GBR,26.168,248,229,6-7(2) 6-3 6-4 6-4,5,R128,178,21,6,110,62,57,30,21,0,0,5,3,131,71,51,34,20,7,10
2025-540,Wimbledon,Grass,128,G,20250630,50,209260,,,Luciano Darderi,R,183,ITA,23.373,59,989,126128,,,Roman Safiullin,R,185,RUS,27.896,75,831,7-6(3) 1-6 6-7(2) 6-3 6-1,5,R128,228,9,4,148,90,63,31,24,5,10,17,7,166,95,64,37,23,11,17
2025-540,Wimbledon,Grass,128,G,20250630,51,209113,,,Gabriel Diallo,R,203,CAN,23.765,40,1322,127157,,,Daniel Altmaier,R,188,GER,26.798,57,998,6-1 6-2 6-4,5,R128,101,7,1,74,43,33,21,13,4,5,5,3,71,35,21,16,12,6,12
2025-540,Wimbledon,Grass,128,G,20250630,52,211663,,,Joao Fonseca,R,188,BRA,18.858,54,1016,207985,,,Jacob Fearnley,R,183,GBR,23.959,51,1060,6-4 6-1 7-6(5),5,R128,121,11,4,90,64,54,13,15,4,4,4,10,96,63,41,17,14,8,11
2025-540,Wimbledon,Grass,128,G,20250630,53,106426,,LL,Cristian Garin,R,185,CHI,29.084,110,525,208210,,Q,Chris Rodesch,R,198,LUX,23.951,163,346,7-6(8) 6-4 6-4,5,R128,133,6,2,96,67,56,19,16,3,3,7,5,104,72,56,15,16,3,5
2025-540,Wimbledon,Grass,128,G,20250630,54,126129,,,Billy Harris,R,193,GBR,30.428,151,383,105583,,LL,Dusan Lajovic,R,183,SRB,35.001,118,498,6-3 6-2 6-4,5,R128,112,8,0,93,66,45,17,14,7,8,3,2,75,40,23,20,13,2,7
2025-540,Wimbledon,Grass,128,G,20250630,55,144750,,,Lloyd Harris,R,193,RSA,28.345,320,159,200267,,,Zizou Bergs,R,185,BEL,26.075,50,1079,7-6(7) 7-6(2) 6-7(5) 6-2,5,R128,246,23,4,173,107,78,36,22,12,14,9,17,163,81,60,41,22,9,13
2025-540,Wimbledon,Grass,128,G,20250630,56,105173,,Q,Adrian Mannarino,L,180,FRA,37.002,123,477,106331,,,Christopher O'Connell,R,183,AUS,31.075,77,775,6-2 6-4 6-3,5,R128,136,3,0,72,42,35,17,13,3,4,4,4,103,55,36,18,14,11,17
2025-540,Wimbledon,Grass,128,G,20250630,57,208278,,Q,Shintaro Mochizuki,R,175,JPN,22.078,144,413,206748,,Q,Giulio Zeppieri,L,183,ITA,23.562,351,140,2-6 3-6 6-3 7-6(6) 7-5,5,R128,194,5,5,170,100,75,36,25,9,14,22,7,140,79,63,34,25,4,8
2025-540,Wimbledon,Grass,128,G,20250630,58,111815,,,Cameron Norrie,L,188,GBR,29.854,61,952,105138,,,Roberto Bautista Agut,R,183,ESP,37.21,42,1236,6-3 3-6 6-4 7-6(3),5,R128,184,18,5,143,100,71,19,20,8,11,6,2,113,83,57,19,20,3,7
2025-540,Wimbledon,Grass,128,G,20250630,59,210319,,,Ethan Quinn,R,191,USA,21.3,89,682,211902,,WC,Henry Searle,L,193,GBR,19.255,421,106,4-6 6-2 7-6(11) 6-2,5,R128,160,13,5,124,76,56,27,19,8,12,7,6,120,68,42,26,19,1,8
2025-540,Wimbledon,Grass,128,G,20250630,60,105526,,,Jan-Lennard Struff,R,193,GER,35.181,125,475,209209,,Q,Filip Misolic,R,180,AUT,23.893,111,518,6-2 5-7 6-3 6-3,5,R128,126,18,6,103,56,46,30,19,0,1,7,9,127,80,53,22,19,7,12
2025-540,Wimbledon,Grass,128,G,20250630,61,T0GR,,Q,Oliver Tarvet,R,185,GBR,21.67,733,36,209857,,Q,Leandro Riedi,R,191,SUI,23.422,503,77,6-4 6-4 6-4,5,R128,138,7,1,78,47,43,19,15,0,0,3,5,95,62,41,16,15,4,7
2025-540,Wimbledon,Grass,128,G,20250630,62,111442,,,Jordan Thompson,R,183,AUS,31.195,44,1200,200240,,,Vit Kopriva,R,178,CZE,28.041,78,757,3-6 4-6 6-3 7-6(1) 6-1,5,R128,217,20,2,158,98,72,35,24,14,16,15,10,149,76,59,38,23,13,16
2025-540,Wimbledon,Grass,128,G,20250630,63,210530,,,Learner Tien,L,180,USA,19.576,62,940,210460,,,Nishesh Basavareddy,R,180,USA,20.162,100,595,7-6(5) 6-3 6-2,5,R128,130,8,5,95,56,44,26,15,5,6,3,2,93,57,39,16,14,7,11
2025-540,Wimbledon,Grass,128,G,20250630,64,122298,,,Botic van de Zandschulp,R,191,NED,29.739,92,670,208286,,,Matteo Arnaldi,R,185,ITA,24.35,43,1215,7-6(4) 7-6(5) 6-4,5,R128,179,7,4,121,73,58,29,17,5,6,8,7,136,68,53,35,17,5,7
2025-540,Wimbledon,Grass,128,G,20250630,65,206173,1,,Jannik Sinner,R,191,ITA,23.871,1,10430,126846,,,Aleksandar Vukic,R,188,AUS,29.232,93,664,6-1 6-1 6-3,5,R64,100,12,0,80,51,35,22,11,4,4,3,2,65,38,20,10,11,3,9
2025-540,Wimbledon,Grass,128,G,20250630,66,105227,,,Marin Cilic,R,198,CRO,36.753,83,722,207733,4,,Jack Draper,L,193,GBR,23.521,4,4650,6-4 6-3 1-6 6-4,5,R64,159,16,6,104,59,46,27,18,5,7,14,0,109,68,50,19,18,6,9
2025-540,Wimbledon,Grass,128,G,20250630,67,104925,6,,Novak Djokovic,R,188,SRB,38.108,6,4630,105554,,WC,Daniel Evans,R,175,GBR,35.105,154,375,6-3 6-2 6-0,5,R64,107,11,2,58,45,40,9,12,2,2,5,3,91,59,34,9,11,10,16
2025-540,Wimbledon,Grass,128,G,20250630,68,210097,10,,Ben Shelton,L,193,USA,22.724,10,3130,208014,,,Rinky Hijikata,R,178,AUS,24.348,87,693,6-2 7-5 6-4,5,R64,132,11,4,93,52,39,29,15,3,3,2,2,98,68,42,16,15,8,12
2025-540,Wimbledon,Grass,128,G,20250630,69,200282,11,,Alex de Minaur,R,183,AUS,26.366,11,3085,209070,,Q,Arthur Cazaux,R,183,FRA,22.853,115,505,4-6 6-2 6-4 6-0,5,R64,168,2,2,97,57,42,25,17,2,4,11,4,120,65,42,22,17,13,20
2025-540,Wimbledon,Grass,128,G,20250630,70,124116,,,Sebastian Ofner,R,191,AUT,29.133,165,343,126205,13,,Tommy Paul,R,185,USA,28.12,13,2970,1-6 7-5 6-4 7-5,5,R64,175,9,7,142,67,51,37,21,10,14,5,3,113,60,43,30,20,0,4
2025-540,Wimbledon,Grass,128,G,20250630,71,210150,15,,Jakub Mensik,R,196,CZE,19.828,17,2356,106218,,,Marcos Giron,R,180,USA,31.934,45,1200,6-4 3-6 6-4 7-6(4),5,R64,171,26,6,129,80,64,20,20,9,12,5,3,129,96,64,17,21,4,8
2025-540,Wimbledon,Grass,128,G,20250630,72,105777,19,,Grigor Dimitrov,R,191,BUL,34.125,21,2155,144895,,,Corentin Moutet,L,180,FRA,26.198,69,894,7-5 4-6 7-5 7-5,5,R64,218,11,7,138,79,58,33,23,5,9,11,4,149,103,66,22,23,8,14
2025-540,Wimbledon,Grass,128,G,20250630,73,200416,,Q,August Holmgren,R,188,DEN,27.19,192,285,207830,21,,Tomas Machac,R,183,CZE,24.712,23,2110,7-6(5) 6-7(8) 6-7(5) 7-5 7-6(5),5,R64,279,35,12,204,109,96,49,30,9,10,19,9,205,139,100,41,30,5,7
2025-540,Wimbledon,Grass,128,G,20250630,74,207925,22,,Flavio Cobolli,R,183,ITA,23.151,24,2035,P0HT,,WC,Jack Pinnington Jones,R,180,GBR,22.253,281,196,6-1 7-6(6) 6-2,5,R64,115,2,4,96,54,35,29,13,2,3,4,4,90,55,33,13,14,3,9
2025-540,Wimbledon,Grass,128,G,20250630,75,206909,29,,Brandon Nakashima,R,188,USA,23.907,34,1650,124187,,,Reilly Opelka,R,211,USA,27.838,70,877,7-5 6-2 6-7(6) 6-3,5,R64,146,12,0,112,86,71,18,21,2,2,24,5,130,78,59,24,20,6,10
2025-540,Wimbledon,Grass,128,G,20250630,76,105916,,LL,Marton Fucsovics,R,188,HUN,33.391,105,564,104792,,,Gael Monfils,R,193,FRA,38.828,48,1165,6-4 1-6 4-6 7-6(5) 6-4,5,R64,223,1,10,175,109,71,29,24,10,16,3,3,161,102,68,28,25,5,10
2025-540,Wimbledon,Grass,128,G,20250630,77,200175,,,Miomir Kecmanovic,R,183,SRB,25.832,49,1106,207411,,,Jesper de Jong,R,180,NED,25.081,106,548,1-6 6-3 6-2 6-4,5,R64,133,5,1,88,55,43,22,17,2,4,16,5,112,55,42,25,17,4,8
2025-540,Wimbledon,Grass,128,G,20250630,78,124079,,,Pedro Martinez,R,185,ESP,28.178,52,1030,208363,,,Mariano Navone,R,178,ARG,24.337,91,670,7-5 7-5 7-6(6),5,R64,196,0,5,129,85,55,24,18,7,10,5,3,109,67,49,17,18,5,10
2025-540,Wimbledon,Grass,128,G,20250630,79,144719,,,Jaume Munar,R,183,ESP,28.153,55,1012,206681,,,Fabian Marozsan,R,193,HUN,25.728,58,990,6-2 6-3 7-6(9),5,R64,137,6,4,104,77,56,15,14,2,3,3,3,101,72,43,16,15,4,9
2025-540,Wimbledon,Grass,128,G,20250630,80,132283,,,Lorenzo Sonego,R,191,ITA,30.138,47,1171,105932,,Q,Nikoloz Basilashvili,R,185,GEO,33.35,126,474,6-1 6-3 6-7(3) 7-6(4),5,R64,181,10,0,120,79,60,26,20,2,4,5,9,131,76,57,22,20,6,12
2025-540,Wimbledon,Grass,128,G,20250630,81,207989,2,,Carlos Alcaraz,R,183,ESP,22.155,2,9300,T0GR,,Q,Oliver Tarvet,R,185,GBR,21.67,733,36,6-1 6-4 6-4,5,R64,137,3,4,96,62,43,18,14,9,11,1,1,77,47,25,13,13,4,10
2025-540,Wimbledon,Grass,128,G,20250630,82,126203,5,,Taylor Fritz,R,196,USA,27.671,5,4635,209113,,,Gabriel Diallo,R,203,CAN,23.765,40,1322,3-6 6-3 7-6(0) 4-6 6-3,5,R64,186,27,4,133,88,70,30,25,3,6,26,8,162,120,92,13,24,8,11
2025-540,Wimbledon,Grass,128,G,20250630,83,111815,,,Cameron Norrie,L,188,GBR,29.854,61,952,126207,12,,Frances Tiafoe,R,188,USA,27.441,12,2990,4-6 6-4 6-3 7-5,5,R64,176,17,3,120,91,69,14,21,6,9,20,4,138,71,50,32,20,8,13
2025-540,Wimbledon,Grass,128,G,20250630,84,126094,14,,Andrey Rublev,R,188,RUS,27.693,14,2920,144750,,,Lloyd Harris,R,193,RSA,28.345,320,159,6-7(1) 6-4 7-6(5) 6-3,5,R64,165,12,6,119,81,71,22,22,3,4,25,0,130,88,67,20,21,3,6
2025-540,Wimbledon,Grass,128,G,20250630,85,111575,17,,Karen Khachanov,R,198,RUS,29.109,20,2240,208278,,Q,Shintaro Mochizuki,R,175,JPN,22.078,144,413,1-6 7-6(7) 4-6 6-3 6-4,5,R64,219,10,3,176,111,70,33,25,12,20,6,3,149,79,55,38,23,10,16
2025-540,Wimbledon,Grass,128,G,20250630,86,208233,,,Mattia Bellucci,L,175,ITA,24.079,73,864,208103,23,,Jiri Lehecka,R,185,CZE,23.641,25,1965,7-6(4) 6-1 7-5,5,R64,127,11,5,101,60,50,22,16,6,7,8,2,86,50,35,19,15,0,4
2025-540,Wimbledon,Grass,128,G,20250630,87,105526,,,Jan-Lennard Struff,R,193,GER,35.181,125,475,200000,25,,Felix Auger-Aliassime,R,193,CAN,24.893,28,1825,3-6 7-6(9) 6-3 6-4,5,R64,191,10,4,133,70,50,34,19,10,13,16,8,148,92,62,27,21,9,14
2025-540,Wimbledon,Grass,128,G,20250630,88,200221,26,,Alejandro Davidovich Fokina,R,180,ESP,26.07,27,1845,122298,,,Botic van de Zandschulp,R,191,NED,29.739,92,670,6-1 4-6 6-3 7-6(5),5,R64,187,3,1,125,86,58,25,19,8,11,6,6,137,93,61,15,19,9,15
2025-540,Wimbledon,Grass,128,G,20250630,89,132686,,,Nuno Borges,R,185,POR,28.359,37,1400,126129,,,Billy Harris,R,193,GBR,30.428,151,383,6-3 6-4 7-6(7),5,R64,150,11,3,114,77,62,18,16,8,8,7,2,112,81,53,14,15,4,6
2025-540,Wimbledon,Grass,128,G,20250630,90,209260,,,Luciano Darderi,R,183,ITA,23.373,59,989,209259,,WC,Arthur Fery,R,175,GBR,22.968,461,91,6-4 6-3 6-3,5,R64,141,7,2,102,60,44,18,14,11,13,6,2,106,62,35,21,14,13,19
2025-540,Wimbledon,Grass,128,G,20250630,91,211663,,,Joao Fonseca,R,188,BRA,18.858,54,1016,202385,,,Jenson Brooksby,R,193,USA,24.676,101,577,6-4 5-7 6-2 6-4,5,R64,193,8,4,128,86,59,22,20,10,13,6,2,144,95,57,26,20,11,17
2025-540,Wimbledon,Grass,128,G,20250630,92,111797,,Q,Nicolas Jarry,R,201,CHI,29.719,143,418,210530,,,Learner Tien,L,180,USA,19.576,62,940,6-2 6-2 6-3,5,R64,98,9,2,63,51,44,8,13,0,0,6,5,86,52,33,12,12,5,10
2025-540,Wimbledon,Grass,128,G,20250630,93,111794,,,Kamil Majchrzak,R,183,POL,29.462,109,527,210319,,,Ethan Quinn,R,191,USA,21.3,89,682,6-1 6-4 6-3,5,R64,94,5,0,80,51,35,20,13,4,5,8,4,77,56,35,5,13,3,9
2025-540,Wimbledon,Grass,128,G,20250630,94,105173,,Q,Adrian Mannarino,L,180,FRA,37.002,123,477,R0EB,,Q,Valentin Royer,R,188,FRA,24.088,113,513,6-4 6-4 5-7 7-6(1),5,R64,203,18,2,129,78,67,29,22,3,4,12,4,146,93,63,31,22,9,11
2025-540,Wimbledon,Grass,128,G,20250630,95,126239,,,Arthur Rinderknech,R,196,FRA,29.938,72,873,106426,,LL,Cristian Garin,R,185,CHI,29.084,110,525,3-6 6-3 7-6(3) 4-6 6-3,5,R64,227,14,6,159,99,70,35,25,5,8,10,1,154,109,73,29,24,10,13
2025-540,Wimbledon,Grass,128,G,20250630,96,111442,,,Jordan Thompson,R,183,AUS,31.195,44,1200,126127,,,Benjamin Bonzi,R,183,FRA,29.057,64,930,7-5 6-7(2) 4-6 6-2 6-4,5,R64,231,20,6,170,96,72,37,26,6,8,13,3,173,112,75,32,26,9,14
2025-540,Wimbledon,Grass,128,G,20250630,97,206173,1,,Jannik Sinner,R,191,ITA,23.871,1,10430,124079,,,Pedro Martinez,R,185,ESP,28.178,52,1030,6-1 6-3 6-1,5,R32,115,11,3,74,43,34,19,12,4,4,0,0,79,60,32,7,11,8,14
2025-540,Wimbledon,Grass,128,G,20250630,98,104925,6,,Novak Djokovic,R,188,SRB,38.108,6,4630,200175,,,Miomir Kecmanovic,R,183,SRB,25.832,49,1106,6-3 6-0 6-4,5,R32,107,16,3,69,49,40,12,13,0,1,3,1,89,58,33,12,12,4,10
2025-540,Wimbledon,Grass,128,G,20250630,99,210097,10,,Ben Shelton,L,193,USA,22.724,10,3130,105916,,LL,Marton Fucsovics,R,188,HUN,33.391,105,564,6-3 7-6(4) 6-2,5,R32,120,9,0,91,67,54,12,15,3,4,7,2,86,56,39,14,14,3,7
2025-540,Wimbledon,Grass,128,G,20250630,100,200282,11,,Alex de Minaur,R,183,AUS,26.366,11,3085,200416,,Q,August Holmgren,R,188,DEN,27.19,192,285,6-4 7-6(5) 6-3,5,R32,141,3,1,93,52,44,26,16,4,5,6,5,111,72,53,17,15,9,12
2025-540,Wimbledon,Grass,128,G,20250630,101,207925,22,,Flavio Cobolli,R,183,ITA,23.151,24,2035,210150,15,,Jakub Mensik,R,196,CZE,19.828,17,2356,6-2 6-4 6-2,5,R32,108,9,1,79,43,32,25,13,1,1,11,7,93,54,35,15,13,12,17
2025-540,Wimbledon,Grass,128,G,20250630,102,105777,19,,Grigor Dimitrov,R,191,BUL,34.125,21,2155,124116,,,Sebastian Ofner,R,191,AUT,29.133,165,343,6-3 6-4 7-6(0),5,R32,145,15,7,97,57,46,24,16,2,3,7,4,91,49,33,24,15,3,6
2025-540,Wimbledon,Grass,128,G,20250630,103,132283,,,Lorenzo Sonego,R,191,ITA,30.138,47,1171,206909,29,,Brandon Nakashima,R,188,USA,23.907,34,1650,6-7(5) 7-6(8) 7-6(2) 3-6 7-6(3),5,R32,304,16,1,188,143,101,30,28,7,10,16,1,199,145,106,32,29,10,12
2025-540,Wimbledon,Grass,128,G,20250630,104,105227,,,Marin Cilic,R,198,CRO,36.753,83,722,144719,,,Jaume Munar,R,183,ESP,28.153,55,1012,6-3 3-6 6-2 6-4,5,R32,186,14,1,134,83,61,22,18,6,8,6,6,102,63,48,17,18,3,8
2025-540,Wimbledon,Grass,128,G,20250630,105,207989,2,,Carlos Alcaraz,R,183,ESP,22.155,2,9300,105526,,,Jan-Lennard Struff,R,193,GER,35.181,125,475,6-1 3-6 6-3 6-4,5,R32,145,10,4,108,63,46,28,18,3,5,13,10,122,67,50,21,17,7,12
2025-540,Wimbledon,Grass,128,G,20250630,106,126203,5,,Taylor Fritz,R,196,USA,27.671,5,4635,200221,26,,Alejandro Davidovich Fokina,R,180,ESP,26.07,27,1845,6-4 6-3 6-7(5) 6-1,5,R32,192,17,1,120,78,61,23,18,7,8,5,3,130,96,58,18,20,8,15
2025-540,Wimbledon,Grass,128,G,20250630,107,126094,14,,Andrey Rublev,R,188,RUS,27.693,14,2920,105173,,Q,Adrian Mannarino,L,180,FRA,37.002,123,477,7-5 6-2 6-3,5,R32,119,14,4,99,56,45,23,15,9,10,8,1,79,56,37,11,14,3,8
2025-540,Wimbledon,Grass,128,G,20250630,108,111575,17,,Karen Khachanov,R,198,RUS,29.109,20,2240,132686,,,Nuno Borges,R,185,POR,28.359,37,1400,7-6(6) 4-6 4-6 6-3 7-6(8),5,R32,228,11,6,171,113,82,35,27,8,13,9,4,169,122,92,21,26,8,12
2025-540,Wimbledon,Grass,128,G,20250630,109,111797,,Q,Nicolas Jarry,R,201,CHI,29.719,143,418,211663,,,Joao Fonseca,R,188,BRA,18.858,54,1016,6-3 6-4 3-6 7-6(4),5,R32,188,25,7,133,89,70,24,20,10,11,8,2,132,95,67,20,20,5,7
2025-540,Wimbledon,Grass,128,G,20250630,110,111794,,,Kamil Majchrzak,R,183,POL,29.462,109,527,126239,,,Arthur Rinderknech,R,196,FRA,29.938,72,873,6-3 7-6(4) 7-6(6),5,R32,166,9,1,119,80,55,26,17,4,5,19,6,113,66,51,21,16,7,9
2025-540,Wimbledon,Grass,128,G,20250630,111,111815,,,Cameron Norrie,L,188,GBR,29.854,61,952,208233,,,Mattia Bellucci,L,175,ITA,24.079,73,864,7-6(5) 6-4 6-3,5,R32,148,6,2,103,66,43,23,15,8,11,7,8,108,53,33,28,16,6,12
2025-540,Wimbledon,Grass,128,G,20250630,112,111442,,,Jordan Thompson,R,183,AUS,31.195,44,1200,209260,,,Luciano Darderi,R,183,ITA,23.373,59,989,6-4 6-4 3-6 6-3,5,R32,174,19,0,126,79,60,27,19,7,8,8,4,117,81,54,23,19,7,10
2025-540,Wimbledon,Grass,128,G,20250630,113,206173,1,,Jannik Sinner,R,191,ITA,23.871,1,10430,105777,19,,Grigor Dimitrov,R,191,BUL,34.125,21,2155,3-6 5-7 2-2 RET,5,R16,128,3,3,59,34,28,11,12,2,5,14,3,85,49,41,18,13,1,2
2025-540,Wimbledon,Grass,128,G,20250630,114,104925,6,,Novak Djokovic,R,188,SRB,38.108,6,4630,200282,11,,Alex de Minaur,R,183,AUS,26.366,11,3085,1-6 6-4 6-4 6-4,5,R16,199,6,5,129,85,59,18,19,13,19,1,4,113,62,35,29,18,7,13
2025-540,Wimbledon,Grass,128,G,20250630,115,210097,10,,Ben Shelton,L,193,USA,22.724,10,3130,132283,,,Lorenzo Sonego,R,191,ITA,30.138,47,1171,3-6 6-1 7-6(1) 7-5,5,R16,185,8,5,126,76,56,31,20,4,6,8,3,118,82,59,17,20,2,6
2025-540,Wimbledon,Grass,128,G,20250630,116,207925,22,,Flavio Cobolli,R,183,ITA,23.151,24,2035,105227,,,Marin Cilic,R,198,CRO,36.753,83,722,6-4 6-4 6-7(4) 7-6(3),5,R16,205,11,3,150,92,72,33,22,7,8,19,1,143,93,66,30,22,5,8
2025-540,Wimbledon,Grass,128,G,20250630,117,207989,2,,Carlos Alcaraz,R,183,ESP,22.155,2,9300,126094,14,,Andrey Rublev,R,188,RUS,27.693,14,2920,6-7(5) 6-3 6-4 6-4,5,R16,164,22,3,116,78,64,24,21,3,4,6,4,123,82,59,23,20,7,11
2025-540,Wimbledon,Grass,128,G,20250630,118,126203,5,,Taylor Fritz,R,196,USA,27.671,5,4635,111442,,,Jordan Thompson,R,183,AUS,31.195,44,1200,6-1 3-0 RET,5,R16,41,6,0,24,12,12,11,5,0,0,1,1,28,17,9,2,5,1,5
2025-540,Wimbledon,Grass,128,G,20250630,119,111575,17,,Karen Khachanov,R,198,RUS,29.109,20,2240,111794,,,Kamil Majchrzak,R,183,POL,29.462,109,527,6-4 6-2 6-3,5,R16,107,10,0,70,52,41,12,13,3,4,6,0,90,61,42,9,14,4,10
2025-540,Wimbledon,Grass,128,G,20250630,120,111815,,,Cameron Norrie,L,188,GBR,29.854,61,952,111797,,Q,Nicolas Jarry,R,201,CHI,29.719,143,418,6-3 7-6(4) 6-7(7) 6-7(5) 6-3,5,R16,267,8,6,196,134,101,37,28,8,8,46,8,178,117,93,29,26,7,9
2025-540,Wimbledon,Grass,128,G,20250630,121,206173,1,,Jannik Sinner,R,191,ITA,23.871,1,10430,210097,10,,Ben Shelton,L,193,USA,22.724,10,3130,7-6(2) 6-4 6-4,5,QF,139,7,1,86,56,50,20,16,2,2,14,6,101,60,48,17,16,3,5
2025-540,Wimbledon,Grass,128,G,20250630,122,104925,6,,Novak Djokovic,R,188,SRB,38.108,6,4630,207925,22,,Flavio Cobolli,R,183,ITA,23.151,24,2035,6-7(6) 6-2 7-5 6-4,5,QF,191,13,2,116,81,61,24,21,0,2,13,4,142,90,66,19,21,6,12
2025-540,Wimbledon,Grass,128,G,20250630,123,207989,2,,Carlos Alcaraz,R,183,ESP,22.155,2,9300,111815,,,Cameron Norrie,L,188,GBR,29.854,61,952,6-2 6-3 6-3,5,QF,99,13,4,76,55,49,7,13,5,5,3,3,83,57,36,9,13,6,11
2025-540,Wimbledon,Grass,128,G,20250630,124,126203,5,,Taylor Fritz,R,196,USA,27.671,5,4635,111575,17,,Karen Khachanov,R,198,RUS,29.109,20,2240,6-3 6-4 1-6 7-6(4),5,QF,156,16,2,105,67,54,22,19,1,4,6,3,119,66,48,28,19,5,8
2025-540,Wimbledon,Grass,128,G,20250630,125,206173,1,,Jannik Sinner,R,191,ITA,23.871,1,10430,104925,6,,Novak Djokovic,R,188,SRB,38.108,6,4630,6-3 6-3 6-4,5,SF,115,12,2,73,54,44,12,14,1,2,12,0,92,62,48,5,14,5,10
2025-540,Wimbledon,Grass,128,G,20250630,126,207989,2,,Carlos Alcaraz,R,183,ESP,22.155,2,9300,126203,5,,Taylor Fritz,R,196,USA,27.671,5,4635,6-4 5-7 6-3 7-6(6),5,SF,169,13,3,113,73,64,23,21,1,2,19,6,121,75,60,26,22,4,7
2025-540,Wimbledon,Grass,128,G,20250630,127,206173,1,,Jannik Sinner,R,191,ITA,23.871,1,10430,207989,2,,Carlos Alcaraz,R,183,ESP,22.155,2,9300,4-6 6-4 6-4 6-4,5,F,184,8,2,117,72,54,27,20,4,6,15,7,121,64,48,29,20,5,9
2025-7480,Los Cabos,Hard,28,A,20250714,1,127157,5,,Daniel Altmaier,R,188,GER,26.836,61,958,106283,,,Mitchell Krueger,R,188,USA,31.502,159,352,6-4 6-3,3,R32,92,8,2,58,26,22,18,10,1,2,3,3,59,33,23,11,9,4,7
2025-7480,Los Cabos,Hard,28,A,20250714,2,207352,6,,Yunchaokete Bu,R,185,CHN,23.483,73,862,M0HD,,Q,Alan Magadan,R,183,MEX,24.134,921,18,7-6(5) 6-2,3,R32,124,5,4,85,41,33,20,10,6,7,2,4,69,25,20,20,10,1,4
2025-7480,Los Cabos,Hard,28,A,20250714,3,200443,8,,Adam Walton,R,183,AUS,26.242,97,638,210202,,WC,Rodrigo Pacheco Mendez,L,191,MEX,20.219,219,252,7-6(5) 6-2,3,R32,110,4,1,67,35,27,17,10,0,1,0,3,67,44,29,8,10,0,3
2025-7480,Los Cabos,Hard,28,A,20250714,4,A0IY,,WC,Luis Carlos Alvarez,R,175,MEX,20.86,784,29,210317,,,James McCabe,R,188,AUS,22.026,164,341,6-1 6-2,3,R32,73,0,2,52,27,20,15,7,6,6,4,4,44,15,11,8,8,2,7
2025-7480,Los Cabos,Hard,28,A,20250714,5,210460,,,Nishesh Basavareddy,R,180,USA,20.2,111,561,200711,,Q,Nicolas Mejia,R,183,COL,25.421,244,226,6-4 6-1,3,R32,82,5,1,44,23,18,15,8,1,1,3,1,54,31,18,11,9,2,6
2025-7480,Los Cabos,Hard,28,A,20250714,6,105902,,,James Duckworth,R,183,AUS,33.478,113,550,105173,,,Adrian Mannarino,L,180,FRA,37.04,93,661,6-3 6-4,3,R32,90,9,2,67,39,26,19,10,1,2,2,3,60,29,22,12,9,2,5
2025-7480,Los Cabos,Hard,28,A,20250714,7,N0AL,,Q,Govind Nanda,R,178,USA,24.402,405,115,S0ZE,,,Colton Smith,R,183,USA,22.36,135,448,6-4 6-2,3,R32,87,1,1,56,43,31,8,9,5,6,3,5,67,36,22,13,9,5,9
2025-7480,Los Cabos,Hard,28,A,20250714,8,209262,,,Tristan Schoolkate,R,183,AUS,24.378,110,574,200059,,Q,Yibing Wu,R,183,CHN,25.749,259,215,4-6 6-4 6-1,3,R32,121,9,4,81,47,39,20,14,5,6,4,2,85,49,29,23,13,3,6
2025-7480,Los Cabos,Hard,28,A,20250714,9,206499,7,,Aleksandar Kovacevic,R,183,USA,26.875,76,799,200273,,,Hady Habib,R,188,LBN,26.897,172,326,6-1 3-6 6-3,3,R32,108,10,3,71,39,31,20,13,3,5,5,6,81,40,30,17,12,8,12
2025-7480,Los Cabos,Hard,28,A,20250714,10,126663,,,Juan Pablo Ficovich,R,188,ARG,28.468,148,391,208230,,,Alibek Kachmazov,R,185,RUS,22.908,183,308,6-3 6-2,3,R32,72,2,2,49,31,26,12,9,1,1,2,8,42,16,10,15,8,1,4
2025-7480,Los Cabos,Hard,28,A,20250714,11,H0CD,,WC,Alex Hernandez,R,175,MEX,26.059,493,82,106121,,,Taro Daniel,R,191,JPN,32.46,155,368,3-6 7-5 6-4,3,R32,147,3,1,82,57,42,15,16,1,4,11,3,90,52,41,16,15,3,6
2025-7480,Los Cabos,Hard,28,A,20250714,12,207182,,,Emilio Nava,R,185,USA,23.614,123,495,126846,,,Aleksandar Vukic,R,188,AUS,29.27,90,664,7-6(4) 6-3,3,R32,101,11,6,79,36,30,19,11,4,6,4,0,60,34,24,11,10,2,5
2025-7480,Los Cabos,Hard,28,A,20250714,13,126094,1,,Andrey Rublev,R,188,RUS,27.732,10,3110,H0CD,,WC,Alex Hernandez,R,175,MEX,26.059,493,82,6-3 6-2,3,R16,74,11,6,46,24,22,12,8,1,1,0,3,69,46,25,11,9,5,9
2025-7480,Los Cabos,Hard,28,A,20250714,14,105902,,,James Duckworth,R,183,AUS,33.478,113,550,200221,2,,Alejandro Davidovich Fokina,R,180,ESP,26.108,26,1945,6-3 6-4,3,R16,87,7,2,65,28,20,22,10,3,4,2,6,63,41,28,7,9,3,6
2025-7480,Los Cabos,Hard,28,A,20250714,15,133430,3,,Denis Shapovalov,L,185,CAN,26.248,33,1586,N0AL,,Q,Govind Nanda,R,178,USA,24.402,405,115,6-1 6-2,3,R16,60,4,3,47,22,16,17,8,3,4,1,1,40,23,13,4,7,2,7
2025-7480,Los Cabos,Hard,28,A,20250714,16,126663,,,Juan Pablo Ficovich,R,188,ARG,28.468,148,391,111460,4,,Quentin Halys,R,191,FRA,28.715,52,1054,6-4 6-7(5) 6-3,3,R16,152,5,3,103,62,49,19,16,5,8,4,10,109,56,38,25,15,7,12
2025-7480,Los Cabos,Hard,28,A,20250714,17,209262,,,Tristan Schoolkate,R,183,AUS,24.378,110,574,127157,5,,Daniel Altmaier,R,188,GER,26.836,61,958,6-3 6-4,3,R16,77,9,3,61,32,23,22,10,6,6,3,4,49,28,22,9,9,1,3
2025-7480,Los Cabos,Hard,28,A,20250714,18,207182,,,Emilio Nava,R,185,USA,23.614,123,495,207352,6,,Yunchaokete Bu,R,185,CHN,23.483,73,862,3-6 7-5 7-6(6),3,R16,182,14,5,113,69,58,18,16,6,7,8,3,123,71,53,27,17,8,9
2025-7480,Los Cabos,Hard,28,A,20250714,19,206499,7,,Aleksandar Kovacevic,R,183,USA,26.875,76,799,A0IY,,WC,Luis Carlos Alvarez,R,175,MEX,20.86,784,29,7-5 6-4,3,R16,96,8,7,65,31,24,17,11,0,2,1,2,64,38,22,14,11,3,7
2025-7480,Los Cabos,Hard,28,A,20250714,20,200443,8,,Adam Walton,R,183,AUS,26.242,97,638,210460,,,Nishesh Basavareddy,R,180,USA,20.2,111,561,6-1 6-0,3,R16,61,1,0,40,24,19,11,7,3,3,1,4,42,22,10,5,6,5,10
2025-7480,Los Cabos,Hard,28,A,20250714,21,126094,1,,Andrey Rublev,R,188,RUS,27.732,10,3110,207182,,,Emilio Nava,R,185,USA,23.614,123,495,5-7 6-4 6-3,3,QF,138,5,4,83,49,37,18,16,0,3,6,5,91,51,38,20,15,7,11
2025-7480,Los Cabos,Hard,28,A,20250714,22,133430,3,,Denis Shapovalov,L,185,CAN,26.248,33,1586,209262,,,Tristan Schoolkate,R,183,AUS,24.378,110,574,6-3 6-2,3,QF,77,10,4,55,36,25,12,9,1,2,2,5,53,17,10,17,8,0,4
2025-7480,Los Cabos,Hard,28,A,20250714,23,206499,7,,Aleksandar Kovacevic,R,183,USA,26.875,76,799,126663,,,Juan Pablo Ficovich,R,188,ARG,28.468,148,391,6-3 6-1,3,QF,80,3,3,51,26,21,13,8,3,4,2,1,66,39,22,9,8,8,13
2025-7480,Los Cabos,Hard,28,A,20250714,24,200443,8,,Adam Walton,R,183,AUS,26.242,97,638,105902,,,James Duckworth,R,183,AUS,33.478,113,550,3-6 6-3 6-4,3,QF,120,10,5,81,44,33,18,14,2,5,5,5,85,40,26,26,14,3,7
2025-7480,Los Cabos,Hard,28,A,20250714,25,206499,7,,Aleksandar Kovacevic,R,183,USA,26.875,76,799,126094,1,,Andrey Rublev,R,188,RUS,27.732,10,3110,3-6 6-4 6-4,3,SF,148,5,1,95,50,33,25,15,3,6,10,4,98,49,37,24,14,11,14
2025-7480,Los Cabos,Hard,28,A,20250714,26,133430,3,,Denis Shapovalov,L,185,CAN,26.248,33,1586,200443,8,,Adam Walton,R,183,AUS,26.242,97,638,6-2 6-2,3,SF,66,7,4,52,29,22,14,8,4,4,3,2,37,17,11,9,8,0,4
2025-7480,Los Cabos,Hard,28,A,20250714,27,133430,3,,Denis Shapovalov,L,185,CAN,26.248,33,1586,206499,7,,Aleksandar Kovacevic,R,183,USA,26.875,76,799,6-4 6-2,3,F,75,6,2,51,32,26,12,9,1,1,2,2,50,33,22,8,9,5,8
2025-314,Gstaad,Clay,28,A,20250714,1,105676,6,WC,David Goffin,R,180,BEL,34.601,68,914,212021,,NG,Martin Landaluce,R,193,ESP,19.513,138,440,7-6(2) 6-3,3,R32,120,9,4,72,42,37,18,11,7,7,6,7,96,63,40,17,10,13,14
2025-314,Gstaad,Clay,28,A,20250714,2,207681,7,,Francisco Comesana,R,178,ARG,24.769,74,824,105477,,Q,Marco Trungelliti,R,178,ARG,35.45,147,396,6-3 6-4,3,R32,76,14,1,53,41,35,7,10,1,1,2,2,57,39,28,8,9,2,4
2025-314,Gstaad,Clay,28,A,20250714,3,208859,,Q,Francesco Passaro,R,180,ITA,24.515,131,461,126239,8,,Arthur Rinderknech,R,196,FRA,29.977,64,923,6-1 7-5,3,R32,74,5,0,51,37,30,12,10,2,2,7,3,49,26,22,8,9,1,4
2025-314,Gstaad,Clay,28,A,20250714,4,106148,,,Roberto Carballes Baena,R,183,ESP,32.309,79,740,126535,,,Carlos Taberner,R,183,ESP,27.932,107,581,1-6 6-2 7-6(5),3,R32,153,3,4,95,60,43,14,13,6,9,6,6,98,62,43,16,14,7,10
2025-314,Gstaad,Clay,28,A,20250714,5,207678,,,Juan Manuel Cerundolo,L,183,ARG,23.661,109,577,105526,,,Jan-Lennard Struff,R,193,GER,35.22,129,475,6-3 3-6 6-3,3,R32,140,5,3,90,58,41,20,14,10,11,9,8,116,52,37,32,13,8,10
2025-314,Gstaad,Clay,28,A,20250714,6,208843,,WC,Jerome Kym,R,198,SUI,22.418,154,369,123921,,Q,Calvin Hemery,R,191,FRA,30.459,171,331,7-5 4-6 7-5,3,R32,135,8,6,90,60,53,12,17,0,2,10,10,103,71,55,10,17,6,9
2025-314,Gstaad,Clay,28,A,20250714,7,207686,,,Alexander Shevchenko,R,188,KAZ,24.621,101,610,104527,,,Stan Wawrinka,R,183,SUI,40.296,156,357,6-3 6-2,3,R32,74,7,2,64,38,30,16,9,5,5,6,0,54,32,22,8,8,3,6
2025-314,Gstaad,Clay,28,A,20250714,8,209860,,Q,Ignacio Buse,R,183,PER,21.303,167,340,111513,5,,Laslo Djere,R,188,SRB,30.116,60,961,7-6(4) 1-6 6-4,3,R32,142,5,1,94,55,41,20,15,3,6,9,2,83,55,42,15,14,1,2
2025-314,Gstaad,Clay,28,A,20250714,9,208882,,,Roman Andres Burruchaga,R,183,ARG,23.472,136,445,207494,,,Dalibor Svrcina,R,178,CZE,22.782,120,514,6-3 6-1,3,R32,63,0,0,46,38,28,5,8,3,4,0,2,45,28,14,7,8,0,5
2025-314,Gstaad,Clay,28,A,20250714,10,209070,,,Arthur Cazaux,R,183,FRA,22.891,116,535,105932,,,Nikoloz Basilashvili,R,185,GEO,33.388,112,552,4-6 7-5 7-6(5),3,R32,169,16,2,115,72,52,27,17,4,5,12,9,123,64,46,35,17,7,8
2025-314,Gstaad,Clay,28,A,20250714,11,111794,,,Kamil Majchrzak,R,183,POL,29.5,81,727,209279,,,Terence Atmane,L,193,FRA,23.51,127,477,6-4 3-6 6-2,3,R32,109,10,3,73,42,33,18,13,2,4,13,7,94,59,39,17,14,4,8
2025-314,Gstaad,Clay,28,A,20250714,12,208502,,WC,Dominic Stricker,L,183,SUI,22.91,229,245,105732,,,Pierre-Hugues Herbert,R,188,FRA,34.324,144,431,4-6 6-4 6-2,3,R32,106,9,0,77,43,33,24,14,1,2,7,10,78,40,32,20,14,3,6
2025-314,Gstaad,Clay,28,A,20250714,13,122330,2,,Alexander Bublik,R,196,KAZ,28.074,34,1585,207686,,,Alexander Shevchenko,R,188,KAZ,24.621,101,610,6-2 6-3,3,R16,61,5,5,52,30,24,11,9,2,3,0,2,49,29,17,9,8,3,7
2025-314,Gstaad,Clay,28,A,20250714,14,209070,,,Arthur Cazaux,R,183,FRA,22.891,116,535,144869,4,,Tomas Martin Etcheverry,R,196,ARG,25.99,58,985,6-3 4-6 6-4,3,R16,150,16,2,112,78,61,12,15,10,11,5,2,71,41,34,18,14,4,6
2025-314,Gstaad,Clay,28,A,20250714,15,207681,7,,Francisco Comesana,R,178,ARG,24.769,74,824,106148,,,Roberto Carballes Baena,R,183,ESP,32.309,79,740,6-1 6-4,3,R16,73,10,1,47,32,29,8,9,1,1,1,1,50,26,11,18,8,2,5
2025-314,Gstaad,Clay,28,A,20250714,16,208843,,WC,Jerome Kym,R,198,SUI,22.418,154,369,208859,,Q,Francesco Passaro,R,180,ITA,24.515,131,461,7-6(3) 7-6(3),3,R16,115,9,3,87,57,50,16,12,6,6,3,1,78,48,35,20,12,1,1
2025-314,Gstaad,Clay,28,A,20250714,17,134770,1,,Casper Ruud,R,183,NOR,26.56,13,2855,208502,,WC,Dominic Stricker,L,183,SUI,22.91,229,245,7-5 7-6(6),3,R16,104,9,2,74,46,37,17,12,1,2,7,3,78,40,32,19,12,3,5
2025-314,Gstaad,Clay,28,A,20250714,18,207678,,,Juan Manuel Cerundolo,L,183,ARG,23.661,109,577,105676,6,WC,David Goffin,R,180,BEL,34.601,68,914,5-7 6-4 6-1,3,R16,127,9,2,87,61,44,13,14,5,7,4,3,94,57,39,17,15,4,9
2025-314,Gstaad,Clay,28,A,20250714,19,208882,,,Roman Andres Burruchaga,R,183,ARG,23.472,136,445,Z09F,,LL,Patrick Zahraj,R,191,GER,25.993,283,193,4-6 6-4 6-1,3,R16,135,2,1,92,60,41,18,14,3,6,2,6,81,40,30,14,13,3,8
2025-314,Gstaad,Clay,28,A,20250714,20,209860,,Q,Ignacio Buse,R,183,PER,21.303,167,340,111794,,,Kamil Majchrzak,R,183,POL,29.5,81,727,1-6 7-5 6-1,3,R16,111,5,3,79,50,37,14,13,3,5,1,2,84,48,34,15,13,7,10
2025-314,Gstaad,Clay,28,A,20250714,21,207678,,,Juan Manuel Cerundolo,L,183,ARG,23.661,109,577,134770,1,,Casper Ruud,R,183,NOR,26.56,13,2855,6-2 1-6 6-3,3,QF,129,3,5,87,55,34,12,12,10,15,4,0,79,54,33,9,12,3,9
2025-314,Gstaad,Clay,28,A,20250714,22,122330,2,,Alexander Bublik,R,196,KAZ,28.074,34,1585,207681,7,,Francisco Comesana,R,178,ARG,24.769,74,824,6-4 6-3,3,QF,71,11,5,62,37,28,15,10,2,2,8,3,53,41,31,3,9,2,4
2025-314,Gstaad,Clay,28,A,20250714,23,209860,,Q,Ignacio Buse,R,183,PER,21.303,167,340,208882,,,Roman Andres Burruchaga,R,183,ARG,23.472,136,445,6-3 3-6 6-1,3,QF,134,4,5,95,53,40,19,13,6,8,2,1,94,67,41,11,12,9,13
2025-314,Gstaad,Clay,28,A,20250714,24,209070,,,Arthur Cazaux,R,183,FRA,22.891,116,535,208843,,WC,Jerome Kym,R,198,SUI,22.418,154,369,7-6(3) 3-6 7-5,3,QF,137,7,5,87,49,42,21,16,1,3,11,2,100,59,45,25,17,1,3
2025-314,Gstaad,Clay,28,A,20250714,25,122330,2,,Alexander Bublik,R,196,KAZ,28.074,34,1585,209070,,,Arthur Cazaux,R,183,FRA,22.891,116,535,6-1 7-5,3,SF,73,12,3,53,38,33,7,10,0,0,2,1,58,31,19,13,9,5,8
2025-314,Gstaad,Clay,28,A,20250714,26,207678,,,Juan Manuel Cerundolo,L,183,ARG,23.661,109,577,209860,,Q,Ignacio Buse,R,183,PER,21.303,167,340,6-3 6-3,3,SF,82,3,1,54,40,30,9,9,1,1,3,3,54,26,17,15,9,3,6
2025-314,Gstaad,Clay,28,A,20250714,27,122330,2,,Alexander Bublik,R,196,KAZ,28.074,34,1585,207678,,,Juan Manuel Cerundolo,L,183,ARG,23.661,109,577,6-4 4-6 6-3,3,F,127,13,4,94,62,50,11,15,7,10,1,2,100,73,44,13,14,10,14
2025-316,Bastad,Clay,28,A,20250714,1,209209,,Q,Filip Misolic,R,180,AUT,23.932,105,593,209284,,,Elmer Moller,R,183,DEN,22.015,102,609,6-3 3-6 7-5,3,R32,161,6,1,116,69,40,23,15,9,14,7,3,116,78,43,19,15,12,18
2025-316,Bastad,Clay,28,A,20250714,2,208363,,,Mariano Navone,R,178,ARG,24.375,75,810,144642,,,Tomas Barrios Vera,R,191,CHI,27.592,124,493,7-5 7-5,3,R32,118,4,1,75,47,30,16,12,4,7,1,0,82,63,35,9,12,5,10
2025-316,Bastad,Clay,28,A,20250714,3,200116,5,,Camilo Ugo Carabelli,R,185,ARG,26.075,59,972,106426,,,Cristian Garin,R,185,CHI,29.123,117,535,6-4 6-4,3,R32,123,1,2,71,46,27,12,10,9,12,2,2,83,55,32,10,10,9,14
2025-316,Bastad,Clay,28,A,20250714,4,106000,7,,Damir Dzumhur,R,175,BIH,33.15,70,894,124116,,,Sebastian Ofner,R,191,AUT,29.172,141,433,6-4 6-4,3,R32,87,0,1,56,38,26,12,10,2,3,4,2,64,32,24,13,10,3,6
2025-316,Bastad,Clay,28,A,20250714,5,200240,8,,Vit Kopriva,R,178,CZE,28.079,83,719,106198,,,Hugo Dellien,R,180,BOL,32.077,94,661,6-1 3-0 RET,3,R32,45,1,0,32,18,13,9,5,4,4,0,0,31,23,7,3,5,2,6
2025-316,Bastad,Clay,28,A,20250714,6,149282,,Q,Nicolai Budkov Kjaer,R,191,NOR,18.867,298,180,106329,,Q,Thiago Monteiro,L,183,BRA,31.121,152,375,5-7 6-3 7-6(2),3,R32,161,5,7,106,74,52,17,17,4,7,4,0,104,70,49,13,16,1,4
2025-316,Bastad,Clay,28,A,20250714,7,200384,,,Hugo Gaston,L,173,FRA,24.797,91,663,202358,,,Chun-Hsin Tseng,R,175,TPE,23.932,98,631,6-4 6-3,3,R32,78,2,1,64,41,28,13,9,5,6,2,2,55,36,26,7,10,1,5
2025-316,Bastad,Clay,28,A,20250714,8,126504,,Q,Andrea Pellegrino,R,185,ITA,28.309,139,437,210262,,,Jaime Faria,R,188,POR,21.938,115,543,2-6 6-3 6-3,3,R32,106,3,1,87,59,39,15,13,8,11,4,5,81,46,29,18,13,3,7
2025-316,Bastad,Clay,28,A,20250714,9,122298,,,Botic van de Zandschulp,R,191,NED,29.777,100,622,144707,,WC,Mikael Ymer,R,185,SWE,26.845,618,53,6-4 6-1,3,R32,77,0,3,45,29,23,9,8,1,2,2,1,49,29,17,6,9,5,10
2025-316,Bastad,Clay,28,A,20250714,10,111200,,WC,Elias Ymer,R,185,SWE,29.259,264,211,B0EJ,,,Tristan Boyer,R,188,USA,24.23,126,486,6-3 3-6 6-2,3,R32,134,2,1,73,52,40,11,13,5,7,3,0,77,48,28,17,13,2,6
2025-316,Bastad,Clay,28,A,20250714,11,209260,6,,Luciano Darderi,R,183,ITA,23.411,55,1039,209920,,,Raphael Collignon,R,191,BEL,23.499,84,715,6-2 2-6 6-2,3,R32,129,5,2,91,55,37,20,12,6,8,5,4,81,53,35,12,12,6,10
2025-316,Bastad,Clay,28,A,20250714,12,207411,,,Jesper de Jong,R,180,NED,25.12,106,590,R0IU,,WC,William Rejchtman Vinciguerra,L,178,SWE,18.423,1476,3,6-3 6-2,3,R32,82,8,1,49,28,23,15,9,0,0,1,4,66,37,19,16,8,3,6
2025-316,Bastad,Clay,28,A,20250714,13,202103,1,,Francisco Cerundolo,R,185,ARG,26.919,20,2285,208363,,,Mariano Navone,R,178,ARG,24.375,75,810,6-3 6-3,3,R16,92,1,2,59,38,28,10,9,4,5,2,4,69,42,28,9,9,6,10
2025-316,Bastad,Clay,28,A,20250714,14,209209,,Q,Filip Misolic,R,180,AUT,23.932,105,593,132686,3,,Nuno Borges,R,185,POR,28.397,35,1490,3-6 7-6(1) 6-3,3,R16,119,7,1,87,57,43,19,16,5,8,3,0,81,54,38,18,14,1,3
2025-316,Bastad,Clay,28,A,20250714,15,200116,5,,Camilo Ugo Carabelli,R,185,ARG,26.075,59,972,122298,,,Botic van de Zandschulp,R,191,NED,29.777,100,622,7-6(3) 5-7 6-3,3,R16,170,8,2,124,88,59,18,17,11,13,3,0,94,62,46,16,16,2,4
2025-316,Bastad,Clay,28,A,20250714,16,106000,7,,Damir Dzumhur,R,175,BIH,33.15,70,894,200384,,,Hugo Gaston,L,173,FRA,24.797,91,663,4-6 6-2 6-2,3,R16,108,2,0,77,59,43,10,13,4,6,1,2,80,44,27,18,13,7,12
2025-316,Bastad,Clay,28,A,20250714,17,134868,2,,Tallon Griekspoor,R,188,NED,29.032,29,1715,126504,,Q,Andrea Pellegrino,R,185,ITA,28.309,139,437,4-6 7-6(6) 6-3,3,R16,131,12,6,103,66,47,19,16,4,7,4,3,93,61,38,20,15,2,5
2025-316,Bastad,Clay,28,A,20250714,18,202104,4,,Sebastian Baez,R,170,ARG,24.542,37,1370,149282,,Q,Nicolai Budkov Kjaer,R,191,NOR,18.867,298,180,3-6 6-2 7-5,3,R16,124,1,2,81,57,36,12,14,3,7,4,3,101,67,41,14,15,9,15
2025-316,Bastad,Clay,28,A,20250714,19,209260,6,,Luciano Darderi,R,183,ITA,23.411,55,1039,111200,,WC,Elias Ymer,R,185,SWE,29.259,264,211,6-2 6-2,3,R16,71,8,3,50,27,20,16,8,2,2,2,3,49,30,17,9,8,5,9
2025-316,Bastad,Clay,28,A,20250714,20,207411,,,Jesper de Jong,R,180,NED,25.12,106,590,200240,8,,Vit Kopriva,R,178,CZE,28.079,83,719,7-6(3) 7-5,3,R16,147,8,5,76,42,31,19,12,2,4,9,3,112,58,34,32,12,14,17
2025-316,Bastad,Clay,28,A,20250714,21,202103,1,,Francisco Cerundolo,R,185,ARG,26.919,20,2285,106000,7,,Damir Dzumhur,R,175,BIH,33.15,70,894,6-0 3-6 6-3,3,QF,106,5,5,77,45,33,13,12,2,5,1,0,69,51,26,8,12,2,8
2025-316,Bastad,Clay,28,A,20250714,22,207411,,,Jesper de Jong,R,180,NED,25.12,106,590,134868,2,,Tallon Griekspoor,R,188,NED,29.032,29,1715,4-6 7-6(3) 6-3,3,QF,160,13,3,98,52,40,24,15,7,10,9,1,109,67,45,21,16,4,8
2025-316,Bastad,Clay,28,A,20250714,23,209260,6,,Luciano Darderi,R,183,ITA,23.411,55,1039,202104,4,,Sebastian Baez,R,170,ARG,24.542,37,1370,6-0 6-2,3,QF,64,5,2,38,19,17,12,7,0,0,1,3,51,37,18,4,7,3,8
2025-316,Bastad,Clay,28,A,20250714,24,200116,5,,Camilo Ugo Carabelli,R,185,ARG,26.075,59,972,209209,,Q,Filip Misolic,R,180,AUT,23.932,105,593,6-3 7-5,3,QF,96,7,3,57,41,32,6,10,2,4,2,0,77,54,35,6,11,7,12
2025-316,Bastad,Clay,28,A,20250714,25,209260,6,,Luciano Darderi,R,183,ITA,23.411,55,1039,202103,1,,Francisco Cerundolo,R,185,ARG,26.919,20,2285,6-2 3-6 7-6(3),3,SF,153,5,1,96,56,41,16,14,9,14,1,5,96,56,33,20,15,5,11
2025-316,Bastad,Clay,28,A,20250714,26,207411,,,Jesper de Jong,R,180,NED,25.12,106,590,200116,5,,Camilo Ugo Carabelli,R,185,ARG,26.075,59,972,6-3 7-6(3),3,SF,112,8,2,70,41,34,13,11,0,1,3,3,64,37,26,13,10,1,3
2025-316,Bastad,Clay,28,A,20250714,27,209260,6,,Luciano Darderi,R,183,ITA,23.411,55,1039,207411,,,Jesper de Jong,R,180,NED,25.12,106,590,6-4 3-6 6-3,3,F,126,6,2,72,47,38,13,14,0,2,6,1,85,53,39,17,14,4,7
2025-439,Umag,Clay,28,A,20250721,1,207411,,,Jesper de Jong,R,180,NED,25.139,83,730,209890,,WC,Mili Poljicak,R,185,CRO,21.021,277,193,6-3 6-3,3,R32,83,4,1,49,26,22,15,9,0,0,1,1,52,24,17,15,9,4,7
2025-439,Umag,Clay,28,A,20250721,2,209976,,WC,Dino Prizmic,R,188,CRO,19.959,143,420,209284,,,Elmer Moller,R,183,DEN,22.034,107,601,6-4 6-2,3,R32,110,2,3,64,32,22,13,9,4,7,0,3,69,44,22,9,9,9,15
2025-439,Umag,Clay,28,A,20250721,3,208363,5,,Mariano Navone,R,178,ARG,24.394,76,785,144642,,,Tomas Barrios Vera,R,191,CHI,27.611,142,425,6-1 6-2,3,R32,70,0,0,39,25,19,10,8,0,1,0,0,46,27,13,7,7,5,10
2025-439,Umag,Clay,28,A,20250721,4,105932,,,Nikoloz Basilashvili,R,185,GEO,33.407,114,552,106148,6,,Roberto Carballes Baena,R,183,ESP,32.329,85,715,6-3 6-4,3,R32,91,4,4,57,33,27,4,9,4,7,4,1,71,39,23,12,10,11,17
2025-439,Umag,Clay,28,A,20250721,5,208010,,Q,Pablo Llamas Ruiz,R,188,ESP,22.771,537,70,111794,7,,Kamil Majchrzak,R,183,POL,29.52,78,752,6-2 6-4,3,R32,82,0,1,54,36,23,12,9,4,6,0,3,48,26,15,8,9,1,6
2025-439,Umag,Clay,28,A,20250721,6,209279,,,Terence Atmane,L,193,FRA,23.529,136,439,105583,,,Dusan Lajovic,R,183,SRB,35.058,129,464,6-3 6-4,3,R32,86,5,1,66,37,33,12,10,4,5,2,2,51,33,21,9,9,4,7
2025-439,Umag,Clay,28,A,20250721,7,208169,,Q,Titouan Droguet,R,191,FRA,24.099,176,317,106426,,,Cristian Garin,R,185,CHI,29.142,118,535,6-3 6-3,3,R32,72,4,1,56,36,29,12,9,3,3,5,1,46,33,23,6,9,4,7
2025-439,Umag,Clay,28,A,20250721,8,126535,,,Carlos Taberner,R,183,ESP,27.951,111,581,105732,,,Pierre-Hugues Herbert,R,188,FRA,34.344,140,431,6-4 7-6(1),3,R32,115,1,1,57,44,37,8,11,0,1,6,4,85,57,38,12,11,5,7
2025-439,Umag,Clay,28,A,20250721,9,202358,,,Chun-Hsin Tseng,R,175,TPE,23.951,101,631,206748,,Q,Giulio Zeppieri,L,183,ITA,23.619,290,180,7-5 6-4,3,R32,99,3,2,69,40,27,19,11,6,8,2,5,69,44,28,10,11,4,8
2025-439,Umag,Clay,28,A,20250721,10,104527,,,Stan Wawrinka,R,183,SUI,40.315,156,357,208223,,Q,Alvaro Guillen Meza,R,175,ECU,22.549,244,228,6-4 6-1,3,R32,73,0,0,50,29,20,12,9,4,6,0,4,43,33,19,1,8,1,6
2025-439,Umag,Clay,28,A,20250721,11,200240,8,,Vit Kopriva,R,178,CZE,28.099,79,744,209920,,,Raphael Collignon,R,191,BEL,23.518,88,690,3-6 6-4 6-3,3,R32,154,7,3,104,67,43,16,14,11,16,6,7,82,47,31,14,14,6,12
2025-439,Umag,Clay,28,A,20250721,12,208859,,,Francesco Passaro,R,180,ITA,24.534,121,499,212063,,WC,Matej Dodig,R,188,CRO,20.005,242,231,4-6 6-1 6-2,3,R32,117,2,1,81,54,37,19,13,2,3,2,3,63,40,28,10,12,3,7
2025-439,Umag,Clay,28,A,20250721,13,126535,,,Carlos Taberner,R,183,ESP,27.951,111,581,202103,1,,Francisco Cerundolo,R,185,ARG,26.938,19,2285,6-7(2) 6-4 7-5,3,R16,200,3,7,124,77,45,19,17,10,17,4,3,112,57,32,23,17,6,15
2025-439,Umag,Clay,28,A,20250721,14,209260,2,,Luciano Darderi,R,183,ITA,23.431,46,1189,202358,,,Chun-Hsin Tseng,R,175,TPE,23.951,101,631,7-5 6-0,3,R16,89,5,1,59,36,26,15,9,2,2,4,3,63,31,19,14,9,7,11
2025-439,Umag,Clay,28,A,20250721,15,106000,4,,Damir Dzumhur,R,175,BIH,33.169,61,936,104527,,,Stan Wawrinka,R,183,SUI,40.315,156,357,6-4 7-5,3,R16,119,1,5,86,53,33,13,11,8,12,5,0,68,35,20,15,11,1,7
2025-439,Umag,Clay,28,A,20250721,16,207411,,,Jesper de Jong,R,180,NED,25.139,83,730,208363,5,,Mariano Navone,R,178,ARG,24.394,76,785,6-3 6-4,3,R16,96,2,3,62,42,33,11,10,4,5,1,1,61,42,25,10,9,8,11
2025-439,Umag,Clay,28,A,20250721,17,208169,,Q,Titouan Droguet,R,191,FRA,24.099,176,317,200240,8,,Vit Kopriva,R,178,CZE,28.099,79,744,6-2 6-3,3,R16,79,6,0,48,25,17,12,9,0,3,2,3,56,36,16,7,8,3,9
2025-439,Umag,Clay,28,A,20250721,18,209976,,WC,Dino Prizmic,R,188,CRO,19.959,143,420,105932,,,Nikoloz Basilashvili,R,185,GEO,33.407,114,552,2-6 6-3 6-2,3,R16,113,5,3,77,44,36,16,13,5,7,6,4,73,37,29,16,12,1,4
2025-439,Umag,Clay,28,A,20250721,19,200116,3,,Camilo Ugo Carabelli,R,185,ARG,26.094,51,1058,208859,,,Francesco Passaro,R,180,ITA,24.534,121,499,6-7(5) 6-2 6-3,3,R16,152,2,2,101,67,46,19,15,4,6,8,3,91,60,39,13,14,7,12
2025-439,Umag,Clay,28,A,20250721,20,208010,,Q,Pablo Llamas Ruiz,R,188,ESP,22.771,537,70,209279,,,Terence Atmane,L,193,FRA,23.529,136,439,6-3 6-3,3,R16,77,1,0,49,31,21,12,9,2,4,4,6,58,30,19,7,9,3,8
2025-439,Umag,Clay,28,A,20250721,21,209260,2,,Luciano Darderi,R,183,ITA,23.431,46,1189,209976,,WC,Dino Prizmic,R,188,CRO,19.959,143,420,1-6 6-2 6-3,3,QF,132,6,2,74,42,29,13,12,2,6,3,5,73,44,29,13,12,3,8
2025-439,Umag,Clay,28,A,20250721,22,200116,3,,Camilo Ugo Carabelli,R,185,ARG,26.094,51,1058,208010,,Q,Pablo Llamas Ruiz,R,188,ESP,22.771,537,70,6-4 5-2 RET,3,QF,85,3,2,43,24,18,12,8,0,1,2,2,64,46,26,7,9,3,7
2025-439,Umag,Clay,28,A,20250721,23,106000,4,,Damir Dzumhur,R,175,BIH,33.169,61,936,208169,,Q,Titouan Droguet,R,191,FRA,24.099,176,317,3-6 7-5 6-2,3,QF,139,0,2,81,58,41,14,14,3,6,4,0,115,75,44,20,15,8,13
2025-439,Umag,Clay,28,A,20250721,24,126535,,,Carlos Taberner,R,183,ESP,27.951,111,581,207411,,,Jesper de Jong,R,180,NED,25.139,83,730,7-5 6-3,3,QF,94,0,0,47,31,30,10,10,0,0,9,0,72,48,32,11,11,4,7
2025-439,Umag,Clay,28,A,20250721,25,209260,2,,Luciano Darderi,R,183,ITA,23.431,46,1189,200116,3,,Camilo Ugo Carabelli,R,185,ARG,26.094,51,1058,7-6(6) 6-3,3,SF,104,4,0,69,38,31,21,11,2,2,5,0,70,45,31,15,10,3,4
2025-439,Umag,Clay,28,A,20250721,26,126535,,,Carlos Taberner,R,183,ESP,27.951,111,581,106000,4,,Damir Dzumhur,R,175,BIH,33.169,61,936,6-2 6-1,3,SF,96,2,2,48,28,20,12,8,3,4,1,4,76,51,23,11,7,11,16
2025-439,Umag,Clay,28,A,20250721,27,209260,2,,Luciano Darderi,R,183,ITA,23.431,46,1189,126535,,,Carlos Taberner,R,183,ESP,27.951,111,581,6-3 6-3,3,F,86,7,1,43,23,20,16,9,0,0,0,2,53,31,21,11,9,2,5
2025-319,Kitzbuhel,Clay,28,A,20250721,1,209209,,,Filip Misolic,R,180,AUT,23.951,97,649,144869,5,,Tomas Martin Etcheverry,R,196,ARG,26.01,58,960,7-5 5-7 6-3,3,R32,162,3,4,103,63,44,21,17,6,9,6,1,98,60,41,19,16,3,7
2025-319,Kitzbuhel,Clay,28,A,20250721,2,209070,,SE,Arthur Cazaux,R,183,FRA,22.91,100,635,209860,,SE,Ignacio Buse,R,183,PER,21.322,133,453,6-3 3-6 7-5,3,R32,135,10,2,92,47,36,27,15,6,7,2,2,82,46,36,22,15,0,2
2025-319,Kitzbuhel,Clay,28,A,20250721,3,105870,,Q,Yannick Hanfmann,R,193,GER,33.687,141,429,209903,,WC,Lukas Neumayer,R,183,AUT,22.872,162,345,7-5 6-2,3,R32,101,8,2,64,36,28,15,10,6,7,6,1,75,42,25,15,10,4,8
2025-319,Kitzbuhel,Clay,28,A,20250721,4,205734,,,Thiago Seyboth Wild,R,185,BRA,25.363,132,455,211514,,NG,Justin Engel,R,185,GER,17.804,208,262,7-5 6-3,3,R32,96,1,0,61,43,34,11,11,0,1,6,4,70,39,26,15,10,4,7
2025-319,Kitzbuhel,Clay,28,A,20250721,5,105526,,Q,Jan-Lennard Struff,R,193,GER,35.239,152,375,124116,,,Sebastian Ofner,R,191,AUT,29.191,138,433,6-4 6-2,3,R32,64,3,1,51,36,29,7,9,2,3,6,6,59,33,22,8,9,1,5
2025-319,Kitzbuhel,Clay,28,A,20250721,6,202058,,,Thiago Agustin Tirante,R,185,ARG,24.279,130,461,210262,,,Jaime Faria,R,188,POR,21.958,119,530,6-2 6-2,3,R32,62,9,4,43,25,22,8,8,1,2,7,5,57,25,20,7,8,1,6
2025-319,Kitzbuhel,Clay,28,A,20250721,7,122298,,,Botic van de Zandschulp,R,191,NED,29.796,103,622,111797,,WC,Nicolas Jarry,R,201,CHI,29.777,98,638,6-4 4-6 6-3,3,R32,145,4,10,83,47,34,22,15,4,6,7,3,86,49,36,19,14,1,4
2025-319,Kitzbuhel,Clay,28,A,20250721,8,126239,6,,Arthur Rinderknech,R,196,FRA,29.996,65,914,105487,,Q,Facundo Bagnis,L,183,ARG,35.395,772,31,7-6(4) 4-6 6-3,3,R32,166,12,5,115,64,47,26,16,4,8,2,1,110,66,43,24,15,14,18
2025-319,Kitzbuhel,Clay,28,A,20250721,9,207681,7,,Francisco Comesana,R,178,ARG,24.789,73,861,B0EJ,,,Tristan Boyer,R,188,USA,24.249,126,480,6-3 7-6(1),3,R32,98,4,1,67,45,36,12,11,1,2,2,3,61,35,26,12,10,1,3
2025-319,Kitzbuhel,Clay,28,A,20250721,10,105916,8,,Marton Fucsovics,R,188,HUN,33.448,91,670,212082,,WC,Joel Schwaerzler,L,188,AUT,19.48,354,140,6-2 2-6 6-3,3,R32,107,5,2,70,41,32,16,12,5,7,6,3,81,55,39,9,13,7,11
2025-319,Kitzbuhel,Clay,28,A,20250721,11,105613,,Q,Norbert Gombos,R,193,SVK,34.938,307,166,200384,,,Hugo Gaston,L,173,FRA,24.816,99,638,6-3 6-4,3,R32,86,4,0,64,41,28,16,10,4,5,0,4,59,30,19,15,9,5,8
2025-319,Kitzbuhel,Clay,28,A,20250721,12,207686,,,Alexander Shevchenko,R,188,KAZ,24.641,110,585,123755,,,Daniel Elahi Galan,R,191,COL,29.09,125,487,2-6 6-3 6-4,3,R32,135,8,7,106,60,42,19,14,3,7,4,6,93,46,39,15,13,5,9
2025-319,Kitzbuhel,Clay,28,A,20250721,13,122330,1,,Alexander Bublik,R,196,KAZ,28.093,30,1825,202058,,,Thiago Agustin Tirante,R,185,ARG,24.279,130,461,6-3 6-4,3,R16,73,17,2,65,46,35,12,10,3,3,3,1,53,34,27,7,9,0,2
2025-319,Kitzbuhel,Clay,28,A,20250721,14,105870,,Q,Yannick Hanfmann,R,193,GER,33.687,141,429,202104,2,,Sebastian Baez,R,170,ARG,24.561,43,1220,5-7 6-3 7-5,3,R16,162,4,1,105,74,51,17,16,4,7,2,5,117,77,52,18,17,8,13
2025-319,Kitzbuhel,Clay,28,A,20250721,15,105526,,Q,Jan-Lennard Struff,R,193,GER,35.239,152,375,124079,3,,Pedro Martinez,R,185,ESP,28.235,62,930,6-2 6-2,3,R16,71,9,1,43,22,18,12,8,0,1,0,6,66,47,26,6,8,10,15
2025-319,Kitzbuhel,Clay,28,A,20250721,16,205734,,,Thiago Seyboth Wild,R,185,BRA,25.363,132,455,105138,4,,Roberto Bautista Agut,R,183,ESP,37.268,53,1046,7-5 7-5,3,R16,118,2,0,64,45,36,6,12,0,2,2,3,90,56,34,16,12,10,14
2025-319,Kitzbuhel,Clay,28,A,20250721,17,126239,6,,Arthur Rinderknech,R,196,FRA,29.996,65,914,105613,,Q,Norbert Gombos,R,193,SVK,34.938,307,166,6-7(3) 6-4 6-4,3,R16,151,21,5,99,64,55,16,16,3,3,11,2,102,61,43,27,16,4,6
2025-319,Kitzbuhel,Clay,28,A,20250721,18,209070,,SE,Arthur Cazaux,R,183,FRA,22.91,100,635,207681,7,,Francisco Comesana,R,178,ARG,24.789,73,861,6-4 7-6(7),3,R16,106,11,3,69,40,31,20,11,1,1,8,9,73,42,32,17,11,3,4
2025-319,Kitzbuhel,Clay,28,A,20250721,19,207686,,,Alexander Shevchenko,R,188,KAZ,24.641,110,585,105916,8,,Marton Fucsovics,R,188,HUN,33.448,91,670,7-5 6-4,3,R16,86,5,4,60,33,26,15,11,1,3,2,4,62,32,22,13,11,3,7
2025-319,Kitzbuhel,Clay,28,A,20250721,20,122298,,,Botic van de Zandschulp,R,191,NED,29.796,103,622,209209,,,Filip Misolic,R,180,AUT,23.951,97,649,6-3 7-6(4),3,R16,101,8,3,72,47,37,14,11,2,3,3,2,70,44,32,12,10,5,7
2025-319,Kitzbuhel,Clay,28,A,20250721,21,122330,1,,Alexander Bublik,R,196,KAZ,28.093,30,1825,207686,,,Alexander Shevchenko,R,188,KAZ,24.641,110,585,6-4 6-2,3,QF,75,5,6,56,26,25,16,9,5,5,2,2,64,40,25,8,9,4,7
2025-319,Kitzbuhel,Clay,28,A,20250721,22,126239,6,,Arthur Rinderknech,R,196,FRA,29.996,65,914,105870,,Q,Yannick Hanfmann,R,193,GER,33.687,141,429,6-4 3-6 6-1,3,QF,131,13,4,80,53,41,13,13,3,4,2,3,91,60,43,12,13,6,9
2025-319,Kitzbuhel,Clay,28,A,20250721,23,209070,,SE,Arthur Cazaux,R,183,FRA,22.91,100,635,105526,,Q,Jan-Lennard Struff,R,193,GER,35.239,152,375,6-3 6-4,3,QF,82,7,4,63,38,30,15,10,3,3,4,0,56,34,23,14,9,2,4
2025-319,Kitzbuhel,Clay,28,A,20250721,24,122298,,,Botic van de Zandschulp,R,191,NED,29.796,103,622,205734,,,Thiago Seyboth Wild,R,185,BRA,25.363,132,455,7-6(2) 6-2,3,QF,110,4,3,63,49,39,3,10,6,8,2,1,81,57,34,9,10,4,8
2025-319,Kitzbuhel,Clay,28,A,20250721,25,122330,1,,Alexander Bublik,R,196,KAZ,28.093,30,1825,122298,,,Botic van de Zandschulp,R,191,NED,29.796,103,622,6-3 6-4,3,SF,82,9,6,57,37,30,11,10,1,2,2,3,63,42,27,9,9,6,9
2025-319,Kitzbuhel,Clay,28,A,20250721,26,209070,,SE,Arthur Cazaux,R,183,FRA,22.91,100,635,126239,6,,Arthur Rinderknech,R,196,FRA,29.996,65,914,7-5 6-3,3,SF,115,8,0,61,37,31,14,11,0,0,4,1,58,38,26,11,10,2,4
2025-319,Kitzbuhel,Clay,28,A,20250721,27,122330,1,,Alexander Bublik,R,196,KAZ,28.093,30,1825,209070,,SE,Arthur Cazaux,R,183,FRA,22.91,100,635,6-4 6-3,3,F,84,5,7,61,32,27,15,10,4,5,7,0,61,32,22,14,9,4,7
2025-418,Washington,Hard,48,A,20250721,1,207352,,,Yunchaokete Bu,R,185,CHN,23.502,75,812,105676,,,David Goffin,R,180,BEL,34.62,60,939,6-4 7-5,3,R64,104,10,4,68,40,31,15,11,6,7,6,9,74,35,28,17,11,4,7
2025-418,Washington,Hard,48,A,20250721,2,206499,,,Aleksandar Kovacevic,R,183,USA,26.894,66,914,111460,,,Quentin Halys,R,191,FRA,28.734,71,886,6-2 3-6 6-3,3,R64,116,8,9,83,46,39,15,13,2,3,8,6,87,56,40,13,13,5,8
2025-418,Washington,Hard,48,A,20250721,3,144719,,,Jaume Munar,R,183,ESP,28.211,50,1062,106218,,,Marcos Giron,R,180,USA,31.992,57,960,7-5 6-3,3,R64,110,2,5,67,36,26,22,11,8,8,2,2,67,35,24,17,10,5,7
2025-418,Washington,Hard,48,A,20250721,4,208260,,Q,Zachary Svajda,R,175,USA,22.642,153,371,200175,,,Miomir Kecmanovic,R,183,SRB,25.889,49,1106,1-6 6-2 6-2,3,R64,88,14,4,83,45,32,19,12,5,8,3,2,68,34,22,17,11,6,10
2025-418,Washington,Hard,48,A,20250721,5,200059,,Q,Yibing Wu,R,183,CHN,25.769,243,228,104792,,,Gael Monfils,R,193,FRA,38.886,48,1115,6-3 6-1,3,R64,78,1,3,50,32,26,9,8,4,4,3,4,49,31,19,6,8,1,5
2025-418,Washington,Hard,48,A,20250721,6,208286,,,Matteo Arnaldi,R,185,ITA,24.408,44,1215,127157,,,Daniel Altmaier,R,188,GER,26.856,56,973,4-6 6-2 7-6(2),3,R64,162,3,2,95,53,35,28,15,8,11,7,1,113,71,45,22,15,11,15
2025-418,Washington,Hard,48,A,20250721,7,105554,,WC,Daniel Evans,R,175,GBR,35.162,144,415,200267,,,Zizou Bergs,R,185,BEL,26.133,52,1049,3-6 6-4 6-3,3,R64,149,5,6,84,43,29,25,14,2,5,10,15,98,53,38,18,14,8,12
2025-418,Washington,Hard,48,A,20250721,8,206681,,,Fabian Marozsan,R,193,HUN,25.785,54,1030,126127,,,Benjamin Bonzi,R,183,FRA,29.114,69,905,7-5 6-1,3,R64,77,10,1,60,37,28,11,9,4,5,7,6,58,37,23,6,10,3,8
2025-418,Washington,Hard,48,A,20250721,9,111456,,WC,Mackenzie McDonald,R,178,USA,30.264,95,655,S0ZE,,Q,Colton Smith,R,183,USA,22.379,139,432,6-4 6-1,3,R64,65,4,2,49,28,22,12,9,2,3,1,1,48,30,20,6,8,3,7
2025-418,Washington,Hard,48,A,20250721,10,124186,,,Alexandre Muller,R,183,FRA,28.465,39,1271,202320,,Q,Beibit Zhukayev,R,198,KAZ,24.772,218,253,6-4 6-4,3,R64,86,3,1,59,36,27,15,10,4,5,14,5,62,37,29,8,10,6,9
2025-418,Washington,Hard,48,A,20250721,11,106415,,,Yoshihito Nishioka,L,170,JPN,29.815,89,684,202385,,PR,Jenson Brooksby,R,193,USA,24.734,102,627,6-4 5-7 6-1,3,R64,158,0,6,91,42,32,21,15,2,6,5,5,104,53,34,20,14,8,14
2025-418,Washington,Hard,48,A,20250721,12,111815,,,Cameron Norrie,L,188,GBR,29.911,41,1227,126129,,Q,Billy Harris,R,193,GBR,30.486,148,402,6-3 7-6(4),3,R64,103,3,1,76,44,35,17,11,3,4,6,0,60,40,29,12,10,2,4
2025-418,Washington,Hard,48,A,20250721,13,124187,,,Reilly Opelka,R,211,USA,27.896,74,827,C0HT,,Q,Murphy Cassone,R,188,USA,22.93,185,299,7-6(4) 6-7(5) 6-3,3,R64,140,23,3,108,61,53,27,17,3,4,11,8,100,56,46,24,16,4,6
2025-418,Washington,Hard,48,A,20250721,14,210319,,WC,Ethan Quinn,R,191,USA,21.358,86,707,106331,,,Christopher O'Connell,R,183,AUS,31.132,77,775,6-3 6-2,3,R64,71,6,2,51,27,21,17,9,1,1,7,2,52,35,23,7,8,1,4
2025-418,Washington,Hard,48,A,20250721,15,210530,,,Learner Tien,L,180,USA,19.633,67,912,207182,,WC,Emilio Nava,R,185,USA,23.633,116,539,6-1 6-4,3,R64,75,2,1,53,28,20,16,9,4,5,6,7,60,35,20,10,8,4,8
2025-418,Washington,Hard,48,A,20250721,16,126846,,,Aleksandar Vukic,R,188,AUS,29.29,105,614,208659,,,Giovanni Mpetshi Perricard,R,203,FRA,22.037,45,1205,6-4 3-6 6-3,3,R64,100,17,2,86,55,42,17,14,7,8,15,5,84,50,41,15,14,4,6
2025-418,Washington,Hard,48,A,20250721,17,126203,1,,Taylor Fritz,R,196,USA,27.729,4,5035,126846,,,Aleksandar Vukic,R,188,AUS,29.29,105,614,6-3 6-2,3,R32,59,11,2,48,33,29,9,9,1,1,9,1,52,32,21,8,8,1,4
2025-418,Washington,Hard,48,A,20250721,18,210530,,,Learner Tien,L,180,USA,19.633,67,912,126094,5,,Andrey Rublev,R,188,RUS,27.751,10,3160,7-5 6-2,3,R32,91,6,5,77,44,28,20,10,7,8,6,8,62,33,26,9,10,2,6
2025-418,Washington,Hard,48,A,20250721,19,126207,6,,Frances Tiafoe,R,188,USA,27.499,11,2940,206499,,,Aleksandar Kovacevic,R,183,USA,26.894,66,914,7-5 3-6 6-3,3,R32,115,12,3,80,46,40,21,15,2,3,12,3,84,58,42,16,15,3,5
2025-418,Washington,Hard,48,A,20250721,20,200282,7,,Alex de Minaur,R,183,AUS,26.423,13,2885,207352,,,Yunchaokete Bu,R,185,CHN,23.502,75,812,7-6(5) 6-2,3,R32,109,2,1,67,40,29,18,10,2,3,6,3,64,28,20,18,10,4,7
2025-418,Washington,Hard,48,A,20250721,21,106421,8,,Daniil Medvedev,R,198,RUS,29.44,14,2630,124187,,,Reilly Opelka,R,211,USA,27.896,74,827,3-6 7-5 6-1,3,R32,120,14,6,76,46,40,16,14,1,2,16,7,99,56,43,19,14,10,13
2025-418,Washington,Hard,48,A,20250721,22,207925,9,,Flavio Cobolli,R,183,ITA,23.209,18,2360,106415,,,Yoshihito Nishioka,L,170,JPN,29.815,89,684,6-2 7-6(3),3,R32,89,10,5,71,39,32,13,10,3,5,2,3,64,31,17,17,10,1,5
2025-418,Washington,Hard,48,A,20250721,23,200059,,Q,Yibing Wu,R,183,CHN,25.769,243,228,200615,10,,Alexei Popyrin,R,196,AUS,25.96,24,2050,7-5 5-7 6-3,3,R32,157,8,7,113,65,44,29,17,8,10,13,3,90,54,39,17,16,2,5
2025-418,Washington,Hard,48,A,20250721,24,208103,11,,Jiri Lehecka,R,185,CZE,23.699,25,2015,208260,,Q,Zachary Svajda,R,175,USA,22.642,153,371,6-4 6-7(5) 6-3,3,R32,124,11,1,87,55,46,20,16,0,1,9,4,91,47,33,26,15,1,4
2025-418,Washington,Hard,48,A,20250721,25,200221,12,,Alejandro Davidovich Fokina,R,180,ESP,26.127,26,1945,144719,,,Jaume Munar,R,183,ESP,28.211,50,1062,6-4 6-2,3,R32,87,3,1,57,35,23,14,9,5,6,1,2,54,32,18,11,9,1,5
2025-418,Washington,Hard,48,A,20250721,26,208286,,,Matteo Arnaldi,R,185,ITA,24.408,44,1215,132283,16,,Lorenzo Sonego,R,191,ITA,30.196,37,1321,7-5 7-5,3,R32,126,4,6,70,38,30,17,12,2,4,4,3,77,51,31,14,12,4,8
2025-418,Washington,Hard,48,A,20250721,27,111815,,,Cameron Norrie,L,188,GBR,29.911,41,1227,207518,2,,Lorenzo Musetti,R,185,ITA,23.384,7,3350,3-6 6-2 6-3,3,R32,126,4,8,91,55,41,17,13,9,11,5,4,73,39,31,15,13,3,7
2025-418,Washington,Hard,48,A,20250721,28,210097,4,,Ben Shelton,L,193,USA,22.782,8,3330,111456,,WC,Mackenzie McDonald,R,178,USA,30.264,95,655,6-3 6-4,3,R32,75,9,0,47,31,27,13,10,0,0,3,5,60,36,29,7,9,1,3
2025-418,Washington,Hard,48,A,20250721,29,105554,,WC,Daniel Evans,R,175,GBR,35.162,144,415,210506,13,,Alex Michelsen,R,193,USA,20.903,34,1555,6-4 6-4,3,R32,104,2,2,79,46,34,14,10,1,2,6,7,61,31,22,14,10,1,4
2025-418,Washington,Hard,48,A,20250721,30,206909,14,,Brandon Nakashima,R,188,USA,23.964,32,1650,210319,,WC,Ethan Quinn,R,191,USA,21.358,86,707,6-3 6-4,3,R32,80,11,0,57,34,28,14,10,3,3,6,3,56,38,26,9,9,3,5
2025-418,Washington,Hard,48,A,20250721,31,209113,15,,Gabriel Diallo,R,203,CAN,23.822,35,1358,206681,,,Fabian Marozsan,R,193,HUN,25.785,54,1030,6-3 6-4,3,R32,73,10,0,53,34,27,14,10,1,1,1,6,69,35,26,15,9,5,7
2025-418,Washington,Hard,48,A,20250721,32,144895,,LL,Corentin Moutet,L,180,FRA,26.256,59,944,124186,,,Alexandre Muller,R,183,FRA,28.465,39,1271,6-0 6-1,3,R32,57,1,2,42,23,15,13,7,1,2,2,3,36,17,7,4,6,4,10
2025-418,Washington,Hard,48,A,20250721,33,126203,1,,Taylor Fritz,R,196,USA,27.729,4,5035,208286,,,Matteo Arnaldi,R,185,ITA,24.408,44,1215,6-3 6-4,3,R16,101,10,2,61,39,37,7,10,4,4,7,1,76,42,32,11,9,8,10
2025-418,Washington,Hard,48,A,20250721,34,210097,4,,Ben Shelton,L,193,USA,22.782,8,3330,209113,15,,Gabriel Diallo,R,203,CAN,23.822,35,1358,6-3 6-2,3,R16,61,16,2,42,30,28,8,9,0,0,5,4,44,28,20,6,8,1,4
2025-418,Washington,Hard,48,A,20250721,35,126207,6,,Frances Tiafoe,R,188,USA,27.499,11,2940,207925,9,,Flavio Cobolli,R,183,ITA,23.209,18,2360,6-1 6-4,3,R16,72,8,4,63,34,25,15,9,4,5,4,6,52,23,15,12,8,4,8
2025-418,Washington,Hard,48,A,20250721,36,200282,7,,Alex de Minaur,R,183,AUS,26.423,13,2885,208103,11,,Jiri Lehecka,R,185,CZE,23.699,25,2015,7-6(4) 6-7(6) 6-4,3,R16,165,8,4,98,48,41,30,17,3,5,9,5,121,67,48,26,17,6,9
2025-418,Washington,Hard,48,A,20250721,37,106421,8,,Daniil Medvedev,R,198,RUS,29.44,14,2630,200059,,Q,Yibing Wu,R,183,CHN,25.769,243,228,6-3 6-2,3,R16,69,11,3,38,29,27,5,8,0,0,2,3,65,45,28,5,9,9,13
2025-418,Washington,Hard,48,A,20250721,38,200221,12,,Alejandro Davidovich Fokina,R,180,ESP,26.127,26,1945,210530,,,Learner Tien,L,180,USA,19.633,67,912,6-2 6-2,3,R16,70,2,1,48,27,20,14,8,1,1,5,4,55,25,14,13,8,1,5
2025-418,Washington,Hard,48,A,20250721,39,206909,14,,Brandon Nakashima,R,188,USA,23.964,32,1650,111815,,,Cameron Norrie,L,188,GBR,29.911,41,1227,7-6(3) 6-3,3,R16,107,12,0,60,37,29,16,10,2,2,3,4,75,50,35,10,11,3,5
2025-418,Washington,Hard,48,A,20250721,40,144895,,LL,Corentin Moutet,L,180,FRA,26.256,59,944,105554,,WC,Daniel Evans,R,175,GBR,35.162,144,415,6-2 7-6(4),3,R16,100,3,5,56,29,23,15,10,0,2,2,3,62,37,20,13,10,3,7
2025-418,Washington,Hard,48,A,20250721,41,200221,12,,Alejandro Davidovich Fokina,R,180,ESP,26.127,26,1945,126203,1,,Taylor Fritz,R,196,USA,27.729,4,5035,7-6(3) 3-6 7-5,3,QF,184,8,8,131,88,57,20,17,11,17,20,6,120,71,53,17,16,10,15
2025-418,Washington,Hard,48,A,20250721,42,210097,4,,Ben Shelton,L,193,USA,22.782,8,3330,126207,6,,Frances Tiafoe,R,188,USA,27.499,11,2940,7-6(2) 6-4,3,QF,117,9,1,57,31,28,17,11,0,1,8,3,89,48,36,19,11,8,10
2025-418,Washington,Hard,48,A,20250721,43,200282,7,,Alex de Minaur,R,183,AUS,26.423,13,2885,206909,14,,Brandon Nakashima,R,188,USA,23.964,32,1650,6-4 6-4,3,QF,95,6,2,66,39,26,16,10,3,5,4,3,56,28,19,9,10,2,6
2025-418,Washington,Hard,48,A,20250721,44,144895,,LL,Corentin Moutet,L,180,FRA,26.256,59,944,106421,8,,Daniil Medvedev,R,198,RUS,29.44,14,2630,1-6 6-4 6-4,3,QF,145,4,3,83,54,33,18,13,6,9,7,10,81,41,31,22,14,4,7
2025-418,Washington,Hard,48,A,20250721,45,200221,12,,Alejandro Davidovich Fokina,R,180,ESP,26.127,26,1945,210097,4,,Ben Shelton,L,193,USA,22.782,8,3330,6-2 7-5,3,SF,79,1,1,52,37,29,9,10,0,1,7,5,55,30,20,12,10,2,6
2025-418,Washington,Hard,48,A,20250721,46,200282,7,,Alex de Minaur,R,183,AUS,26.423,13,2885,144895,,LL,Corentin Moutet,L,180,FRA,26.256,59,944,6-4 6-3,3,SF,104,0,2,58,34,24,12,9,3,5,0,3,66,36,17,14,10,2,7
2025-418,Washington,Hard,48,A,20250721,47,200282,7,,Alex de Minaur,R,183,AUS,26.423,13,2885,200221,12,,Alejandro Davidovich Fokina,R,180,ESP,26.127,26,1945,5-7 6-1 7-6(3),3,F,183,9,6,113,66,45,26,16,5,8,2,2,108,68,40,23,15,5,9
2025-421,Canada Masters,Hard,96,M,20250727,1,144895,,,Corentin Moutet,L,180,FRA,26.272,46,1139,202385,,PR,Jenson Brooksby,R,193,USA,24.75,102,627,6-2 6-1,3,R128,73,1,1,37,18,15,11,7,0,1,2,5,53,30,15,6,8,8,14
2025-421,Canada Masters,Hard,96,M,20250727,2,B0EJ,,Q,Tristan Boyer,R,188,USA,24.266,123,480,206499,,,Aleksandar Kovacevic,R,183,USA,26.91,62,929,7-5 7-6(3),3,R128,121,5,3,79,46,38,17,12,2,2,12,9,97,56,41,18,12,6,7
2025-421,Canada Masters,Hard,96,M,20250727,3,207352,,,Yunchaokete Bu,R,185,CHN,23.518,76,793,200240,,,Vit Kopriva,R,178,CZE,28.115,80,756,7-6(4) 6-2,3,R128,110,11,0,68,35,30,15,10,2,3,3,6,75,39,28,12,10,11,14
2025-421,Canada Masters,Hard,96,M,20250727,4,106148,,,Roberto Carballes Baena,R,183,ESP,32.345,89,690,200116,,,Camilo Ugo Carabelli,R,185,ARG,26.111,47,1133,6-4 4-1 RET,3,R128,77,0,1,36,18,14,12,7,1,2,3,2,60,27,17,14,8,6,10
2025-421,Canada Masters,Hard,96,M,20250727,5,105807,,,Pablo Carreno Busta,R,188,ESP,34.042,93,662,D0DP,,WC,Liam Draxl,R,185,CAN,23.641,113,548,2-6 6-4 6-4,3,R128,141,7,4,84,42,32,21,14,4,7,9,8,85,46,34,21,14,3,6
2025-421,Canada Masters,Hard,96,M,20250727,6,207681,,,Francisco Comesana,R,178,ARG,24.805,71,874,106000,,,Damir Dzumhur,R,175,BIH,33.185,54,1028,6-3 7-5,3,R128,86,11,3,55,31,28,10,11,0,2,0,6,62,42,25,9,10,3,7
2025-421,Canada Masters,Hard,96,M,20250727,7,200008,,WC,Alexis Galarneau,R,180,CAN,26.404,193,285,126239,,,Arthur Rinderknech,R,196,FRA,30.012,64,914,7-6(2) 6-3,3,R128,96,5,2,69,44,36,14,11,2,3,11,4,67,44,32,8,10,6,8
2025-421,Canada Masters,Hard,96,M,20250727,8,200384,,,Hugo Gaston,L,173,FRA,24.832,126,473,208233,,,Mattia Bellucci,L,175,ITA,24.153,72,871,3-6 6-4 2-0 RET,3,R128,115,2,3,81,43,25,21,11,5,9,4,5,67,26,17,21,10,6,10
2025-421,Canada Masters,Hard,96,M,20250727,9,209263,,WC,Matteo Gigante,L,180,ITA,23.559,125,476,106432,,,Borna Coric,R,188,CRO,28.698,92,680,4-6 6-2 7-6(2),3,R128,156,8,9,94,48,39,23,15,4,8,3,3,90,52,31,21,15,7,12
2025-421,Canada Masters,Hard,96,M,20250727,10,105173,,Q,Adrian Mannarino,L,180,FRA,37.076,94,661,106218,,,Marcos Giron,R,180,USA,32.008,59,960,6-4 6-4,3,R128,88,4,1,49,23,21,16,10,0,1,6,3,68,35,26,14,10,5,8
2025-421,Canada Masters,Hard,96,M,20250727,11,206681,,,Fabian Marozsan,R,193,HUN,25.802,56,1005,106198,,,Hugo Dellien,R,180,BOL,32.112,98,654,6-2 6-2,3,R128,63,4,0,40,24,20,13,8,0,0,3,2,53,28,15,13,8,2,6
2025-421,Canada Masters,Hard,96,M,20250727,12,111456,,,Mackenzie McDonald,R,178,USA,30.281,96,655,105676,,,David Goffin,R,180,BEL,34.637,65,914,6-4 6-4,3,R128,85,6,1,49,31,25,14,10,0,1,6,10,74,36,26,16,10,8,11
2025-421,Canada Masters,Hard,96,M,20250727,13,144719,,,Jaume Munar,R,183,ESP,28.227,51,1087,M0C2,,Q,Dan Martin,R,175,CAN,26.218,,,6-3 6-0,3,R128,70,6,0,34,22,19,9,7,0,0,0,1,53,30,12,12,8,5,10
2025-421,Canada Masters,Hard,96,M,20250727,14,106331,,,Christopher O'Connell,R,183,AUS,31.149,78,775,202358,,LL,Chun-Hsin Tseng,R,175,TPE,23.967,107,599,6-1 6-2,3,R128,75,6,2,51,28,21,12,8,1,2,0,2,63,37,21,7,7,11,16
2025-421,Canada Masters,Hard,96,M,20250727,15,210319,,,Ethan Quinn,R,191,USA,21.374,86,726,106415,,,Yoshihito Nishioka,L,170,JPN,29.832,131,459,7-6(1) 6-2,3,R128,101,7,6,63,34,30,17,10,3,3,2,7,78,36,28,18,10,5,7
2025-421,Canada Masters,Hard,96,M,20250727,16,209262,,Q,Tristan Schoolkate,R,183,AUS,24.413,103,616,211663,,,Joao Fonseca,R,188,BRA,18.932,49,1110,7-6(5) 6-4,3,R128,92,10,5,64,36,32,18,11,0,0,9,4,76,49,37,14,11,1,2
2025-421,Canada Masters,Hard,96,M,20250727,17,207494,,LL,Dalibor Svrcina,R,178,CZE,22.817,120,514,210696,,Q,Alexander Blockx,R,193,BEL,20.301,121,492,6-4 6-2,3,R128,78,1,1,60,38,24,16,9,3,3,4,2,50,33,23,8,9,1,4
2025-421,Canada Masters,Hard,96,M,20250727,18,126846,,,Aleksandar Vukic,R,188,AUS,29.306,99,639,124079,,,Pedro Martinez,R,185,ESP,28.252,68,890,7-5 6-3,3,R128,111,8,2,66,35,27,13,11,2,5,1,3,76,53,27,12,10,5,10
2025-421,Canada Masters,Hard,96,M,20250727,19,133297,,Q,Yosuke Watanuki,R,180,JPN,27.291,158,358,127157,,,Daniel Altmaier,R,188,GER,26.872,58,973,3-6 6-1 6-4,3,R128,107,8,6,69,26,21,27,13,2,4,9,5,77,34,26,20,13,4,8
2025-421,Canada Masters,Hard,96,M,20250727,20,A0K3,,WC,Nicolas Arseneault,L,183,CAN,18.522,638,51,R0EB,,Q,Valentin Royer,R,188,FRA,24.162,111,579,6-3 7-6(4),3,R128,103,5,4,87,59,44,7,11,5,9,3,6,64,38,26,9,10,6,11
2025-421,Canada Masters,Hard,96,M,20250727,21,105487,,Q,Facundo Bagnis,L,183,ARG,35.411,689,44,105577,,WC,Vasek Pospisil,R,193,CAN,35.094,1250,6,6-2 3-6 6-3,3,R128,116,11,2,68,42,31,15,13,1,4,6,5,79,35,31,13,13,4,9
2025-421,Canada Masters,Hard,96,M,20250727,22,144642,,Q,Tomas Barrios Vera,R,191,CHI,27.628,143,425,104792,,,Gael Monfils,R,193,FRA,38.902,48,1115,6-4 4-6 7-6(3),3,R128,166,6,3,122,77,54,22,16,10,13,7,15,97,49,40,22,16,7,10
2025-421,Canada Masters,Hard,96,M,20250727,23,105902,,Q,James Duckworth,R,183,AUS,33.514,106,600,209992,,,Juncheng Shang,L,180,CHN,20.479,109,580,6-3 7-6(3),3,R128,90,6,4,66,28,26,20,11,2,4,2,3,61,34,26,9,10,2,5
2025-421,Canada Masters,Hard,96,M,20250727,24,144869,,,Tomas Martin Etcheverry,R,196,ARG,26.026,60,960,105732,,Q,Pierre-Hugues Herbert,R,188,FRA,34.36,142,431,6-4 4-6 7-5,3,R128,138,5,2,86,53,40,20,16,4,7,12,13,94,54,43,16,16,3,7
2025-421,Canada Masters,Hard,96,M,20250727,25,126663,,Q,Juan Pablo Ficovich,R,188,ARG,28.504,140,435,207985,,,Jacob Fearnley,R,183,GBR,24.033,55,1007,6-2 6-3,3,R128,70,2,0,38,27,23,9,8,0,0,1,5,64,35,20,15,9,8,12
2025-421,Canada Masters,Hard,96,M,20250727,26,200175,,,Miomir Kecmanovic,R,183,SRB,25.906,50,1106,111460,,,Quentin Halys,R,191,FRA,28.75,69,886,4-6 6-4 7-5,3,R128,137,9,8,117,56,48,27,16,11,13,12,7,95,60,46,16,16,0,3
2025-421,Canada Masters,Hard,96,M,20250727,27,208659,,,Giovanni Mpetshi Perricard,R,203,FRA,22.053,43,1205,208278,,Q,Shintaro Mochizuki,R,175,JPN,22.152,122,491,6-4 6-2,3,R128,71,6,4,50,29,24,13,9,1,1,5,2,55,24,17,14,9,1,4
2025-421,Canada Masters,Hard,96,M,20250727,28,207182,,Q,Emilio Nava,R,185,USA,23.65,114,539,200267,,,Zizou Bergs,R,185,BEL,26.149,52,1049,6-1 7-6(4),3,R128,86,7,4,58,35,30,15,10,2,3,3,7,70,35,21,20,9,7,10
2025-421,Canada Masters,Hard,96,M,20250727,29,124187,,,Reilly Opelka,R,211,USA,27.912,74,827,124116,,PR,Sebastian Ofner,R,191,AUT,29.207,141,433,7-6(6) 7-5,3,R128,115,19,10,89,40,36,26,12,7,7,10,5,80,43,36,19,12,1,2
2025-421,Canada Masters,Hard,96,M,20250727,30,126128,,,Roman Safiullin,R,185,RUS,27.97,82,741,200259,,Q,Ugo Blanchet,R,175,FRA,26.557,231,243,4-6 6-2 7-6(9),3,R128,141,7,8,95,56,42,24,15,2,4,7,11,102,53,37,27,15,3,6
2025-421,Canada Masters,Hard,96,M,20250727,31,210530,,,Learner Tien,L,180,USA,19.65,61,940,S0ZE,,Q,Colton Smith,R,183,USA,22.396,136,448,6-4 7-5,3,R128,91,2,6,68,31,25,22,11,4,5,7,2,69,42,29,11,11,4,7
2025-421,Canada Masters,Hard,96,M,20250727,32,200443,,,Adam Walton,R,183,AUS,26.278,88,706,126127,,,Benjamin Bonzi,R,183,FRA,29.131,66,905,4-6 6-0 6-3,3,R128,117,14,4,94,48,34,28,13,9,10,4,5,81,45,34,11,12,4,8
2025-421,Canada Masters,Hard,96,M,20250727,33,126203,2,,Taylor Fritz,R,196,USA,27.745,4,5135,106148,,,Roberto Carballes Baena,R,183,ESP,32.345,89,690,7-5 7-6(1),3,R64,151,8,3,78,46,38,15,12,4,6,1,4,88,44,29,22,12,3,6
2025-421,Canada Masters,Hard,96,M,20250727,34,210097,4,,Ben Shelton,L,193,USA,22.798,7,3520,105173,,Q,Adrian Mannarino,L,180,FRA,37.076,94,661,6-2 6-3,3,R64,65,16,4,50,31,28,12,9,2,2,2,1,48,32,19,10,8,5,8
2025-421,Canada Masters,Hard,96,M,20250727,35,126094,6,,Andrey Rublev,R,188,RUS,27.767,11,3110,200384,,,Hugo Gaston,L,173,FRA,24.832,126,473,6-2 6-3,3,R64,86,6,6,64,35,27,13,9,4,5,1,4,54,27,20,7,8,2,6
2025-421,Canada Masters,Hard,96,M,20250727,36,126207,7,,Frances Tiafoe,R,188,USA,27.515,12,2990,133297,,Q,Yosuke Watanuki,R,180,JPN,27.291,158,358,1-6 7-5 7-6(5),3,R64,133,10,3,94,55,41,24,15,7,9,17,3,95,45,40,30,16,2,3
2025-421,Canada Masters,Hard,96,M,20250727,37,200282,9,,Alex de Minaur,R,183,AUS,26.439,8,3335,207681,,,Francisco Comesana,R,178,ARG,24.805,71,874,6-4 6-2,3,R64,90,2,3,53,23,19,20,9,1,1,4,7,58,34,25,6,9,3,6
2025-421,Canada Masters,Hard,96,M,20250727,38,210150,12,,Jakub Mensik,R,196,CZE,19.901,18,2362,B0EJ,,Q,Tristan Boyer,R,188,USA,24.266,123,480,6-4 6-4,3,R64,89,13,2,63,33,31,15,10,7,7,1,2,64,37,26,14,10,5,7
2025-421,Canada Masters,Hard,96,M,20250727,39,207925,13,,Flavio Cobolli,R,183,ITA,23.225,17,2385,200008,,WC,Alexis Galarneau,R,180,CAN,26.404,193,285,6-4 5-7 6-4,3,R64,148,12,9,110,55,38,27,16,7,11,7,3,88,51,35,20,16,3,8
2025-421,Canada Masters,Hard,96,M,20250727,40,209950,15,,Arthur Fils,R,185,FRA,21.123,21,2130,105807,,,Pablo Carreno Busta,R,188,ESP,34.042,93,662,6-3 6-4,3,R64,88,6,2,68,46,33,12,10,5,6,0,3,63,39,26,11,9,1,4
2025-421,Canada Masters,Hard,96,M,20250727,41,208103,19,,Jiri Lehecka,R,185,CZE,23.715,27,2015,111456,,,Mackenzie McDonald,R,178,USA,30.281,96,655,7-6(2) 6-4,3,R64,91,5,1,66,45,35,13,11,0,1,9,1,71,47,32,12,11,5,7
2025-421,Canada Masters,Hard,96,M,20250727,42,200221,20,,Alejandro Davidovich Fokina,R,180,ESP,26.144,19,2225,144895,,,Corentin Moutet,L,180,FRA,26.272,46,1139,6-4 6-3,3,R64,84,4,3,63,38,28,9,9,8,10,2,5,53,30,16,10,10,1,6
2025-421,Canada Masters,Hard,96,M,20250727,43,206681,,,Fabian Marozsan,R,193,HUN,25.802,56,1005,200000,21,,Felix Auger-Aliassime,R,193,CAN,24.966,28,1865,6-4 6-4,3,R64,101,4,0,64,37,29,12,10,5,7,2,5,59,33,22,11,10,1,5
2025-421,Canada Masters,Hard,96,M,20250727,44,106331,,,Christopher O'Connell,R,183,AUS,31.149,78,775,126774,23,,Stefanos Tsitsipas,R,193,GRE,26.957,30,1825,6-4 4-6 6-2,3,R64,121,7,5,93,46,34,24,14,6,8,10,4,76,40,29,16,14,2,6
2025-421,Canada Masters,Hard,96,M,20250727,45,206909,25,,Brandon Nakashima,R,188,USA,23.981,32,1700,210319,,,Ethan Quinn,R,191,USA,21.374,86,726,7-6(6) 6-4,3,R64,112,13,0,70,45,36,16,11,2,2,10,8,92,44,35,25,11,11,12
2025-421,Canada Masters,Hard,96,M,20250727,46,209113,27,,Gabriel Diallo,R,203,CAN,23.838,36,1333,209263,,WC,Matteo Gigante,L,180,ITA,23.559,125,476,6-3 7-6(5),3,R64,106,8,5,65,43,35,12,11,2,3,5,6,91,52,36,18,10,10,12
2025-421,Canada Masters,Hard,96,M,20250727,47,132283,28,,Lorenzo Sonego,R,191,ITA,30.212,38,1281,207352,,,Yunchaokete Bu,R,185,CHN,23.518,76,793,6-1 6-4,3,R64,79,7,5,53,28,22,15,9,1,2,1,3,42,21,14,8,8,0,4
2025-421,Canada Masters,Hard,96,M,20250727,48,126846,,,Aleksandar Vukic,R,188,AUS,29.306,99,639,111815,31,,Cameron Norrie,L,188,GBR,29.927,39,1277,6-3 6-7(2) 6-3,3,R64,127,13,0,87,48,39,29,16,3,3,14,3,94,55,46,18,14,9,11
2025-421,Canada Masters,Hard,96,M,20250727,49,100644,1,,Alexander Zverev,R,198,GER,28.268,3,6030,200443,,,Adam Walton,R,183,AUS,26.278,88,706,7-6(6) 6-4,3,R64,102,7,1,61,40,37,11,11,2,3,5,6,81,48,36,16,11,4,6
2025-421,Canada Masters,Hard,96,M,20250727,50,207518,3,,Lorenzo Musetti,R,185,ITA,23.4,10,3195,105902,,Q,James Duckworth,R,183,AUS,33.514,106,600,7-5 6-1,3,R64,82,2,3,55,30,27,14,10,2,2,6,4,61,30,19,16,9,6,9
2025-421,Canada Masters,Hard,96,M,20250727,51,208029,5,,Holger Rune,R,188,DEN,22.245,9,3250,208659,,,Giovanni Mpetshi Perricard,R,203,FRA,22.053,43,1205,7-6(7) 6-3,3,R64,76,12,2,59,38,33,18,11,0,0,7,4,58,37,32,12,10,2,3
2025-421,Canada Masters,Hard,96,M,20250727,52,134770,8,,Casper Ruud,R,183,NOR,26.595,13,2905,126128,,,Roman Safiullin,R,185,RUS,27.97,82,741,6-3 6-3,3,R64,81,7,2,61,41,30,9,9,2,3,6,3,49,31,19,8,9,1,5
2025-421,Canada Masters,Hard,96,M,20250727,53,106421,10,,Daniil Medvedev,R,198,RUS,29.457,14,2720,207494,,LL,Dalibor Svrcina,R,178,CZE,22.817,120,514,7-6(3) 6-4,3,R64,111,4,5,67,33,23,18,11,4,8,0,5,82,43,29,14,11,7,12
2025-421,Canada Masters,Hard,96,M,20250727,54,111575,11,,Karen Khachanov,R,198,RUS,29.183,16,2590,126663,,Q,Juan Pablo Ficovich,R,188,ARG,28.504,140,435,6-4 6-2,3,R64,87,5,7,65,43,38,5,9,7,8,3,4,59,30,19,11,9,5,9
2025-421,Canada Masters,Hard,96,M,20250727,55,202103,14,,Francisco Cerundolo,R,185,ARG,26.954,24,2085,144719,,,Jaume Munar,R,183,ESP,28.227,51,1087,7-6(4) 4-6 6-4,3,R64,178,5,5,118,71,53,23,16,10,13,2,8,105,58,45,20,16,3,6
2025-421,Canada Masters,Hard,96,M,20250727,56,124187,,,Reilly Opelka,R,211,USA,27.912,74,827,207830,16,,Tomas Machac,R,183,CZE,24.786,22,2110,7-6(5) 6-7(5) 6-3,3,R64,140,24,4,107,66,57,23,17,3,4,12,8,106,54,42,33,16,4,6
2025-421,Canada Masters,Hard,96,M,20250727,57,200615,18,,Alexei Popyrin,R,196,AUS,25.977,26,2050,A0K3,,WC,Nicolas Arseneault,L,183,CAN,18.522,638,51,7-6(7) 6-3,3,R64,94,9,3,72,41,35,20,11,1,1,9,4,67,40,33,14,10,2,3
2025-421,Canada Masters,Hard,96,M,20250727,58,210530,,,Learner Tien,L,180,USA,19.65,61,940,133430,22,,Denis Shapovalov,L,185,CAN,26.283,29,1836,7-6(4) 7-5,3,R64,94,2,4,72,42,32,15,12,1,4,5,8,75,52,35,10,12,4,8
2025-421,Canada Masters,Hard,96,M,20250727,59,144869,,,Tomas Martin Etcheverry,R,196,ARG,26.026,60,960,134868,24,,Tallon Griekspoor,R,188,NED,29.068,31,1715,6-4 7-6(4),3,R64,119,12,1,78,58,40,11,11,7,9,6,6,82,47,30,17,11,6,9
2025-421,Canada Masters,Hard,96,M,20250727,60,210506,26,,Alex Michelsen,R,193,USA,20.92,34,1555,144642,,Q,Tomas Barrios Vera,R,191,CHI,27.628,143,425,7-6(7) 6-3,3,R64,116,13,8,70,36,27,17,10,5,7,5,1,89,50,30,19,11,8,12
2025-421,Canada Masters,Hard,96,M,20250727,61,124186,29,,Alexandre Muller,R,183,FRA,28.482,40,1271,200175,,,Miomir Kecmanovic,R,183,SRB,25.906,50,1106,2-6 6-3 7-5,3,R64,127,7,4,100,63,43,17,15,8,12,2,2,72,35,28,19,14,2,6
2025-421,Canada Masters,Hard,96,M,20250727,62,132686,30,,Nuno Borges,R,185,POR,28.433,42,1265,105487,,Q,Facundo Bagnis,L,183,ARG,35.411,689,44,5-7 7-6(3) 6-2,3,R64,169,15,0,111,73,55,22,16,3,4,5,1,134,92,62,21,16,11,13
2025-421,Canada Masters,Hard,96,M,20250727,63,208286,32,,Matteo Arnaldi,R,185,ITA,24.424,41,1265,209262,,Q,Tristan Schoolkate,R,183,AUS,24.413,103,616,6-3 3-6 6-3,3,R64,129,12,8,96,48,40,22,14,6,8,6,7,84,46,35,18,13,6,9
2025-421,Canada Masters,Hard,96,M,20250727,64,207182,,Q,Emilio Nava,R,185,USA,23.65,114,539,209279,,,Terence Atmane,L,193,FRA,23.546,132,458,6-2 7-5,3,R64,87,8,5,62,39,35,8,10,1,1,4,5,66,37,25,14,10,6,9
2025-421,Canada Masters,Hard,96,M,20250727,65,126203,2,,Taylor Fritz,R,196,USA,27.745,4,5135,209113,27,,Gabriel Diallo,R,203,CAN,23.838,36,1333,6-4 6-2,3,R32,75,5,0,48,26,23,15,9,1,1,4,6,63,35,24,11,9,4,7
2025-421,Canada Masters,Hard,96,M,20250727,66,210097,4,,Ben Shelton,L,193,USA,22.798,7,3520,206909,25,,Brandon Nakashima,R,188,USA,23.981,32,1700,6-7(8) 6-2 7-6(5),3,R32,156,19,8,111,69,56,20,16,3,4,3,1,104,66,49,21,16,5,8
2025-421,Canada Masters,Hard,96,M,20250727,67,126094,6,,Andrey Rublev,R,188,RUS,27.767,11,3110,132283,28,,Lorenzo Sonego,R,191,ITA,30.212,38,1281,5-7 6-4 6-3,3,R32,152,6,2,86,58,51,9,15,2,4,10,5,110,65,46,21,16,6,10
2025-421,Canada Masters,Hard,96,M,20250727,68,126207,7,,Frances Tiafoe,R,188,USA,27.515,12,2990,126846,,,Aleksandar Vukic,R,188,AUS,29.306,99,639,6-3 4-6 6-3,3,R32,110,10,3,83,45,34,22,14,2,4,4,2,100,58,40,21,14,8,12
2025-421,Canada Masters,Hard,96,M,20250727,69,200221,20,,Alejandro Davidovich Fokina,R,180,ESP,26.144,19,2225,210150,12,,Jakub Mensik,R,196,CZE,19.901,18,2362,6-2 6-4,3,R32,76,2,1,48,25,17,17,9,2,3,7,5,57,29,18,11,9,0,4
2025-421,Canada Masters,Hard,96,M,20250727,70,207925,13,,Flavio Cobolli,R,183,ITA,23.225,17,2385,206681,,,Fabian Marozsan,R,193,HUN,25.802,56,1005,6-2 4-6 6-3,3,R32,110,7,3,84,48,32,23,13,4,6,3,5,99,58,36,19,14,7,12
2025-421,Canada Masters,Hard,96,M,20250727,71,208103,19,,Jiri Lehecka,R,185,CZE,23.715,27,2015,209950,15,,Arthur Fils,R,185,FRA,21.123,21,2130,3-6 6-3 6-4,3,R32,112,12,5,88,50,42,17,14,1,2,3,1,76,54,41,13,14,3,5
2025-421,Canada Masters,Hard,96,M,20250727,72,100644,1,,Alexander Zverev,R,198,GER,28.268,3,6030,208286,32,,Matteo Arnaldi,R,185,ITA,24.424,41,1265,6-7(5) 6-3 6-2,3,R32,166,9,4,106,78,60,14,15,3,4,6,7,104,58,41,21,14,10,14
2025-421,Canada Masters,Hard,96,M,20250727,73,210506,26,,Alex Michelsen,R,193,USA,20.92,34,1555,207518,3,,Lorenzo Musetti,R,185,ITA,23.4,10,3195,3-6 7-6(4) 6-4,3,R32,151,5,6,109,68,54,17,15,10,12,5,4,99,59,42,25,16,7,9
2025-421,Canada Masters,Hard,96,M,20250727,74,208029,5,,Holger Rune,R,188,DEN,22.245,9,3250,124186,29,,Alexandre Muller,R,183,FRA,28.482,40,1271,6-2 6-4,3,R32,65,4,1,49,32,26,11,9,0,0,2,2,46,25,19,10,9,0,3
2025-421,Canada Masters,Hard,96,M,20250727,75,134770,8,,Casper Ruud,R,183,NOR,26.595,13,2905,132686,30,,Nuno Borges,R,185,POR,28.433,42,1265,7-5 6-4,3,R32,102,9,1,80,55,38,13,11,4,5,1,6,69,29,18,22,11,5,8
2025-421,Canada Masters,Hard,96,M,20250727,76,200615,18,,Alexei Popyrin,R,196,AUS,25.977,26,2050,106421,10,,Daniil Medvedev,R,198,RUS,29.457,14,2720,5-7 6-4 6-4,3,R32,150,7,7,103,63,53,16,16,9,11,12,8,110,58,44,25,16,9,12
2025-421,Canada Masters,Hard,96,M,20250727,77,111575,11,,Karen Khachanov,R,198,RUS,29.183,16,2590,207182,,Q,Emilio Nava,R,185,USA,23.65,114,539,6-7(6) 6-4 6-1,3,R32,130,8,3,82,48,34,24,14,0,1,10,8,103,57,44,16,15,6,11
2025-421,Canada Masters,Hard,96,M,20250727,78,202103,14,,Francisco Cerundolo,R,185,ARG,26.954,24,2085,144869,,,Tomas Martin Etcheverry,R,196,ARG,26.026,60,960,6-3 6-4,3,R32,109,1,1,71,36,23,22,10,8,9,5,0,64,37,26,11,9,7,10
2025-421,Canada Masters,Hard,96,M,20250727,79,200282,9,,Alex de Minaur,R,183,AUS,26.439,8,3335,106331,,,Christopher O'Connell,R,183,AUS,31.149,78,775,W/O,3,R32,,,,,,,,,,,,,,,,,,,
2025-421,Canada Masters,Hard,96,M,20250727,80,210530,,,Learner Tien,L,180,USA,19.65,61,940,124187,,,Reilly Opelka,R,211,USA,27.912,74,827,7-6(3) 6-3,3,R32,85,2,2,82,50,40,18,11,4,4,10,5,57,31,30,12,10,0,1
2025-421,Canada Masters,Hard,96,M,20250727,81,126203,2,,Taylor Fritz,R,196,USA,27.745,4,5135,208103,19,,Jiri Lehecka,R,185,CZE,23.715,27,2015,7-6(4) 6-7(5) 7-6(5),3,R16,176,16,5,133,79,65,31,18,9,9,6,2,125,78,63,28,18,5,5
2025-421,Canada Masters,Hard,96,M,20250727,82,210097,4,,Ben Shelton,L,193,USA,22.798,7,3520,207925,13,,Flavio Cobolli,R,183,ITA,23.225,17,2385,6-4 4-6 7-6(1),3,R16,144,12,4,112,69,49,21,16,7,10,8,2,101,45,34,29,16,6,9
2025-421,Canada Masters,Hard,96,M,20250727,83,126094,6,,Andrey Rublev,R,188,RUS,27.767,11,3110,200221,20,,Alejandro Davidovich Fokina,R,180,ESP,26.144,19,2225,6-7(3) 7-6(2) 3-0 RET,3,R16,141,12,2,90,52,47,22,14,3,3,8,2,107,74,50,19,13,5,6
2025-421,Canada Masters,Hard,96,M,20250727,84,200282,9,,Alex de Minaur,R,183,AUS,26.439,8,3335,126207,7,,Frances Tiafoe,R,188,USA,27.515,12,2990,6-2 4-6 6-4,3,R16,144,6,5,92,39,30,26,14,4,7,10,4,90,43,32,20,14,5,10
2025-421,Canada Masters,Hard,96,M,20250727,85,100644,1,,Alexander Zverev,R,198,GER,28.268,3,6030,202103,14,,Francisco Cerundolo,R,185,ARG,26.954,24,2085,6-4 1-0 RET,3,R16,51,3,1,29,21,16,3,5,1,2,1,3,35,29,15,2,6,1,4
2025-421,Canada Masters,Hard,96,M,20250727,86,200615,18,,Alexei Popyrin,R,196,AUS,25.977,26,2050,208029,5,,Holger Rune,R,188,DEN,22.245,9,3250,4-6 6-2 6-3,3,R16,123,14,4,77,45,39,18,14,3,4,7,5,97,63,41,17,13,11,14
2025-421,Canada Masters,Hard,96,M,20250727,87,111575,11,,Karen Khachanov,R,198,RUS,29.183,16,2590,134770,8,,Casper Ruud,R,183,NOR,26.595,13,2905,6-4 7-5,3,R16,93,7,3,54,30,29,13,11,3,4,9,2,72,49,28,15,11,9,12
2025-421,Canada Masters,Hard,96,M,20250727,88,210506,26,,Alex Michelsen,R,193,USA,20.92,34,1555,210530,,,Learner Tien,L,180,USA,19.65,61,940,6-3 6-3,3,R16,80,3,2,65,36,26,16,9,3,4,2,8,66,35,21,14,9,6,10
2025-421,Canada Masters,Hard,96,M,20250727,89,126203,2,,Taylor Fritz,R,196,USA,27.745,4,5135,126094,6,,Andrey Rublev,R,188,RUS,27.767,11,3110,6-3 7-6(4),3,QF,81,20,3,73,48,38,16,11,3,4,6,1,57,31,24,15,10,0,2
2025-421,Canada Masters,Hard,96,M,20250727,90,210097,4,,Ben Shelton,L,193,USA,22.798,7,3520,200282,9,,Alex de Minaur,R,183,AUS,26.439,8,3335,6-3 6-4,3,QF,91,11,1,60,37,29,12,10,1,2,1,2,66,35,23,15,9,2,5
2025-421,Canada Masters,Hard,96,M,20250727,91,100644,1,,Alexander Zverev,R,198,GER,28.268,3,6030,200615,18,,Alexei Popyrin,R,196,AUS,25.977,26,2050,6-7(8) 6-4 6-3,3,QF,162,12,7,100,68,56,16,16,2,3,11,5,103,63,47,18,15,3,6
2025-421,Canada Masters,Hard,96,M,20250727,92,111575,11,,Karen Khachanov,R,198,RUS,29.183,16,2590,210506,26,,Alex Michelsen,R,193,USA,20.92,34,1555,6-4 7-6(3),3,QF,104,6,5,73,47,40,13,11,6,7,5,3,88,55,37,17,11,9,11
2025-421,Canada Masters,Hard,96,M,20250727,93,111575,11,,Karen Khachanov,R,198,RUS,29.183,16,2590,100644,1,,Alexander Zverev,R,198,GER,28.268,3,6030,6-3 4-6 7-6(4),3,SF,172,5,3,105,63,46,22,16,1,2,13,7,102,72,52,13,15,2,3
2025-421,Canada Masters,Hard,96,M,20250727,94,210097,4,,Ben Shelton,L,193,USA,22.798,7,3520,126203,2,,Taylor Fritz,R,196,USA,27.745,4,5135,6-4 6-3,3,SF,78,7,0,51,29,25,13,9,2,2,4,3,61,38,26,9,10,7,10
2025-421,Canada Masters,Hard,96,M,20250727,95,210097,4,,Ben Shelton,L,193,USA,22.798,7,3520,111575,11,,Karen Khachanov,R,198,RUS,29.183,16,2590,6-7(5) 6-4 7-6(3),3,F,167,16,6,108,69,55,23,17,5,6,3,2,101,64,46,26,17,4,6
2025-422,Cincinnati Masters,Hard,96,M,20250807,,210460,,,Nishesh Basavareddy,R,180,USA,20.266,110,580,126846,,,Aleksandar Vukic,R,188,AUS,29.336,99,639,7-6(5) 7-5,3,R128,100,10,4,74,47,30,19,12,1,3,13,2,82,42,32,18,12,3,6
2025-422,Cincinnati Masters,Hard,96,M,20250807,,105138,,,Roberto Bautista Agut,R,183,ESP,37.314,53,1046,127157,,,Daniel Altmaier,R,188,GER,26.902,58,973,7-6(5) 7-6(1),3,R128,119,5,5,76,50,40,13,12,1,3,13,4,87,53,40,15,12,5,7
2025-422,Cincinnati Masters,Hard,96,M,20250807,,210696,,,Alexander Blockx,R,193,BEL,20.331,121,492,106218,,,Marcos Giron,R,180,USA,32.038,59,960,6-2 3-6 6-3,3,R128,111,8,2,72,47,37,15,13,0,1,1,1,82,43,29,21,13,4,7
2025-422,Cincinnati Masters,Hard,96,M,20250807,,B0EJ,,,Tristan Boyer,R,188,USA,24.296,123,480,200587,,,Brandon Holt,R,185,USA,27.337,108,594,6-3 7-6(3),3,R128,110,8,0,70,48,37,11,11,3,4,5,1,80,50,32,16,10,7,9
2025-422,Cincinnati Masters,Hard,96,M,20250807,,202385,,,Jenson Brooksby,R,193,USA,24.78,102,627,124186,,,Alexandre Muller,R,183,FRA,28.512,40,1271,7-6(2) 5-7 6-1,3,R128,159,7,3,111,63,44,27,16,8,11,7,9,95,57,39,18,15,5,9
2025-422,Cincinnati Masters,Hard,96,M,20250807,,207681,,,Francisco Comesana,R,178,ARG,24.835,71,874,144719,,,Jaume Munar,R,183,ESP,28.257,51,1087,6-4 6-4,3,R128,105,6,2,68,36,29,15,10,9,10,2,0,56,38,25,10,10,2,5
2025-422,Cincinnati Masters,Hard,96,M,20250807,,106000,,,Damir Dzumhur,R,175,BIH,33.216,54,1028,208233,,,Mattia Bellucci,L,175,ITA,24.183,72,871,7-6(7) 7-6(5),3,R128,143,1,4,102,69,48,15,12,8,11,5,6,100,66,44,13,12,4,7
2025-422,Cincinnati Masters,Hard,96,M,20250807,,212021,,,Martin Landaluce,R,193,ESP,19.578,137,440,200516,,,Patrick Kypson,R,188,USA,25.777,213,258,3-6 6-3 6-2,3,R128,140,8,5,82,47,39,18,13,4,6,10,5,90,56,39,14,13,5,9
2025-422,Cincinnati Masters,Hard,96,M,20250807,,209098,,,Hamad Medjedovic,R,188,SRB,22.056,73,869,206499,,,Aleksandar Kovacevic,R,183,USA,26.94,62,929,6-2 6-3,3,R128,62,15,0,35,22,20,12,8,0,0,4,5,54,27,20,9,9,1,5
2025-422,Cincinnati Masters,Hard,96,M,20250807,,208134,,,Luca Nardi,R,185,ITA,22.004,97,655,202058,,,Thiago Agustin Tirante,R,185,ARG,24.326,130,461,6-4 7-6(5),3,R128,117,4,6,72,46,32,15,11,2,5,5,8,75,32,23,20,11,6,10
2025-422,Cincinnati Masters,Hard,96,M,20250807,,207182,,,Emilio Nava,R,185,USA,23.68,114,539,106432,,,Borna Coric,R,188,CRO,28.728,92,680,6-3 7-5,3,R128,98,10,0,54,38,30,14,11,0,0,5,5,72,32,23,20,10,6,8
2025-422,Cincinnati Masters,Hard,96,M,20250807,,124187,,,Reilly Opelka,R,211,USA,27.943,74,827,106198,,,Hugo Dellien,R,180,BOL,32.142,98,654,7-5 7-6(3),3,R128,100,15,2,72,35,27,29,12,5,5,2,3,74,52,38,12,12,2,3
2025-422,Cincinnati Masters,Hard,96,M,20250807,,210319,,,Ethan Quinn,R,191,USA,21.405,86,726,200175,,,Miomir Kecmanovic,R,183,SRB,25.936,50,1106,7-6(5) 6-4,3,R128,98,7,5,65,33,30,15,11,3,5,3,3,75,42,27,19,11,1,4
2025-422,Cincinnati Masters,Hard,96,M,20250807,,R0EB,,,Valentin Royer,R,188,FRA,24.192,111,579,124116,,,Sebastian Ofner,R,191,AUT,29.238,141,433,5-7 6-3 6-3,3,R128,105,9,1,81,50,40,20,15,2,3,16,9,90,40,34,25,15,6,9
2025-422,Cincinnati Masters,Hard,96,M,20250807,,210530,,,Learner Tien,L,180,USA,19.68,61,940,209857,,,Leandro Riedi,R,191,SUI,23.526,487,82,6-3 6-4,3,R128,78,5,5,67,43,34,13,10,6,6,7,3,52,25,21,14,9,4,6
2025-422,Cincinnati Masters,Hard,96,M,20250807,,200116,,,Camilo Ugo Carabelli,R,185,ARG,26.141,47,1133,105453,,,Kei Nishikori,R,178,JPN,35.606,67,893,7-5 6-3,3,R128,97,4,3,67,37,30,15,11,2,3,2,4,73,44,28,13,10,5,8
2025-422,Cincinnati Masters,Hard,96,M,20250807,,200443,,,Adam Walton,R,183,AUS,26.308,88,706,208363,,,Mariano Navone,R,178,ARG,24.441,77,785,4-6 7-6(3) 6-1,3,R128,159,1,4,96,46,34,28,14,6,9,7,9,106,51,34,25,15,6,11
2025-422,Cincinnati Masters,Hard,96,M,20250807,,209279,,,Terence Atmane,L,193,FRA,23.576,132,458,106415,,,Yoshihito Nishioka,L,170,JPN,29.862,131,459,6-2 6-2,3,R128,80,7,2,44,28,23,8,8,2,3,2,5,81,51,29,9,8,14,19
2025-422,Cincinnati Masters,Hard,96,M,20250807,,202104,,,Sebastian Baez,R,170,ARG,24.608,45,1180,105676,,,David Goffin,R,180,BEL,34.667,65,914,6-1 6-3,3,R128,76,2,2,59,37,29,12,8,4,4,3,3,61,35,19,12,8,4,8
2025-422,Cincinnati Masters,Hard,96,M,20250807,,200267,,,Zizou Bergs,R,185,BEL,26.179,52,1049,207985,,,Jacob Fearnley,R,183,GBR,24.063,55,1007,6-1 6-4,3,R128,80,8,6,56,29,25,12,9,1,2,2,6,51,31,20,6,8,5,9
2025-422,Cincinnati Masters,Hard,96,M,20250807,,126127,,,Benjamin Bonzi,R,183,FRA,29.161,66,905,208286,,,Matteo Arnaldi,R,185,ITA,24.454,41,1265,6-7(1) 6-3 6-4,3,R128,177,5,2,128,72,53,31,16,10,10,4,6,95,48,35,28,15,4,6
2025-422,Cincinnati Masters,Hard,96,M,20250807,,106148,,,Roberto Carballes Baena,R,183,ESP,32.375,89,690,200384,,,Hugo Gaston,L,173,FRA,24.862,126,473,6-4 5-7 6-3,3,R128,154,1,4,100,57,41,24,16,6,9,3,2,79,52,36,14,15,2,6
2025-422,Cincinnati Masters,Hard,96,M,20250807,,144869,,,Tomas Martin Etcheverry,R,196,ARG,26.056,60,960,209992,,,Juncheng Shang,L,180,CHN,20.509,109,580,6-7(5) 7-6(4) 6-4,3,R128,219,16,2,120,66,47,32,17,5,7,5,3,114,73,56,18,17,3,6
2025-422,Cincinnati Masters,Hard,96,M,20250807,,211663,,,Joao Fonseca,R,188,BRA,18.962,49,1110,207352,,,Yunchaokete Bu,R,185,CHN,23.548,76,793,4-6 6-2 7-5,3,R128,139,13,5,86,59,45,14,15,3,5,8,4,93,39,29,25,15,4,8
2025-422,Cincinnati Masters,Hard,96,M,20250807,,123755,,,Daniel Elahi Galan,R,191,COL,29.136,134,455,200240,,,Vit Kopriva,R,178,CZE,28.145,80,756,6-2 6-4,3,R128,99,6,5,64,34,27,12,9,4,6,1,6,67,35,18,14,9,6,11
2025-422,Cincinnati Masters,Hard,96,M,20250807,,105173,,,Adrian Mannarino,L,180,FRA,37.106,94,661,111442,,,Jordan Thompson,R,183,AUS,31.299,44,1185,6-2 6-2,3,R128,88,5,1,45,27,23,11,8,1,1,4,1,68,36,21,13,8,4,8
2025-422,Cincinnati Masters,Hard,96,M,20250807,,206681,,,Fabian Marozsan,R,193,HUN,25.832,56,1005,S0ZE,,,Colton Smith,R,183,USA,22.426,136,448,6-1 4-6 6-4,3,R128,132,4,5,94,60,46,16,14,6,7,3,7,95,57,42,15,13,8,11
2025-422,Cincinnati Masters,Hard,96,M,20250807,,124079,,,Pedro Martinez,R,185,ESP,28.282,68,890,111797,,,Nicolas Jarry,R,201,CHI,29.823,100,638,1-6 6-4 6-3,3,R128,152,3,6,94,56,34,21,13,7,10,15,5,73,47,35,13,13,3,6
2025-422,Cincinnati Masters,Hard,96,M,20250807,,144895,,,Corentin Moutet,L,180,FRA,26.303,46,1139,111456,,,Mackenzie McDonald,R,178,USA,30.311,96,655,7-5 6-3,3,R128,91,8,4,70,39,28,17,11,5,7,3,0,52,35,21,10,10,1,5
2025-422,Cincinnati Masters,Hard,96,M,20250807,,126239,,,Arthur Rinderknech,R,196,FRA,30.042,64,914,132686,,,Nuno Borges,R,185,POR,28.463,42,1265,6-3 6-3,3,R128,84,6,3,55,33,28,12,9,2,2,2,4,58,33,22,14,9,2,5
2025-422,Cincinnati Masters,Hard,96,M,20250807,,126128,,,Roman Safiullin,R,185,RUS,28,82,741,126214,,,Alejandro Tabilo,L,188,CHI,28.181,104,605,6-3 6-3,3,R128,68,11,3,47,29,25,12,9,0,0,6,1,50,30,23,9,9,2,5
2025-422,Cincinnati Masters,Hard,96,M,20250807,,209409,,,Coleman Wong,R,191,HKG,21.169,168,323,208659,,,Giovanni Mpetshi Perricard,R,203,FRA,22.084,43,1205,6-3 6-2,3,R128,55,6,1,46,34,28,8,9,0,0,7,5,42,22,20,6,8,4,7
2025-422,Cincinnati Masters,Hard,96,M,20250807,,207989,2,,Carlos Alcaraz,R,183,ESP,22.259,2,8600,106000,,,Damir Dzumhur,R,175,BIH,33.216,54,1028,6-1 2-6 6-3,3,R64,101,7,6,73,44,30,15,12,0,3,2,1,83,58,32,13,12,5,10
2025-422,Cincinnati Masters,Hard,96,M,20250807,,100644,3,,Alexander Zverev,R,198,GER,28.298,3,6030,210460,,,Nishesh Basavareddy,R,180,USA,20.266,110,580,6-3 6-3,3,R64,66,12,1,50,41,32,4,9,0,0,1,4,51,26,18,12,9,0,3
2025-422,Cincinnati Masters,Hard,96,M,20250807,,210097,5,,Ben Shelton,L,193,USA,22.828,7,3520,200116,,,Camilo Ugo Carabelli,R,185,ARG,26.141,47,1133,6-3 3-1 RET,3,R64,63,4,3,44,31,26,6,7,1,1,0,3,38,19,15,8,6,3,5
2025-422,Cincinnati Masters,Hard,96,M,20250807,,124187,,,Reilly Opelka,R,211,USA,27.943,74,827,200282,6,,Alex de Minaur,R,183,AUS,26.47,8,3335,7-6(6) 6-4,3,R64,99,14,5,76,41,31,24,11,7,7,2,0,69,49,37,12,11,0,1
2025-422,Cincinnati Masters,Hard,96,M,20250807,,126094,9,,Andrey Rublev,R,188,RUS,27.797,11,3110,210530,,,Learner Tien,L,180,USA,19.68,61,940,7-6(4) 6-3,3,R64,104,12,0,67,40,34,15,11,3,4,4,8,74,37,27,17,10,4,6
2025-422,Cincinnati Masters,Hard,96,M,20250807,,200443,,,Adam Walton,R,183,AUS,26.308,88,706,106421,12,,Daniil Medvedev,R,198,RUS,29.487,14,2720,6-7(0) 6-4 6-1,3,R64,141,5,2,106,65,50,18,15,5,6,18,7,81,48,40,11,14,2,6
2025-422,Cincinnati Masters,Hard,96,M,20250807,,111575,14,,Karen Khachanov,R,198,RUS,29.213,16,2590,R0EB,,,Valentin Royer,R,188,FRA,24.192,111,579,6-4 7-6(6),3,R64,110,7,0,63,41,30,13,11,1,3,6,2,92,60,41,12,11,8,11
2025-422,Cincinnati Masters,Hard,96,M,20250807,,210150,16,,Jakub Mensik,R,196,CZE,19.932,18,2362,210319,,,Ethan Quinn,R,191,USA,21.405,86,726,6-4 6-2,3,R64,72,10,1,58,28,23,17,9,0,0,2,4,50,26,18,11,9,0,3
2025-422,Cincinnati Masters,Hard,96,M,20250807,,200615,21,,Alexei Popyrin,R,196,AUS,26.007,26,2050,212021,,,Martin Landaluce,R,193,ESP,19.578,137,440,7-6(3) 6-3,3,R64,137,15,7,99,51,37,25,11,13,14,7,7,67,43,31,9,10,5,7
2025-422,Cincinnati Masters,Hard,96,M,20250807,,208103,22,,Jiri Lehecka,R,185,CZE,23.745,27,2015,B0EJ,,,Tristan Boyer,R,188,USA,24.296,123,480,4-6 6-1 6-4,3,R64,113,9,5,71,46,40,14,14,2,3,4,1,77,48,36,13,13,0,3
2025-422,Cincinnati Masters,Hard,96,M,20250807,,208134,,,Luca Nardi,R,185,ITA,22.004,97,655,133430,24,,Denis Shapovalov,L,185,CAN,26.313,29,1836,6-7(5) 6-3 6-4,3,R64,148,3,3,101,64,48,21,16,5,6,4,8,103,69,48,16,15,7,10
2025-422,Cincinnati Masters,Hard,96,M,20250807,,209098,,,Hamad Medjedovic,R,188,SRB,22.056,73,869,134868,26,,Tallon Griekspoor,R,188,NED,29.098,31,1715,6-4 7-6(3),3,R64,100,14,3,72,43,36,17,11,5,6,13,7,72,44,36,11,11,5,7
2025-422,Cincinnati Masters,Hard,96,M,20250807,,206909,27,,Brandon Nakashima,R,188,USA,24.011,32,1700,210696,,,Alexander Blockx,R,193,BEL,20.331,121,492,4-6 6-3 7-6(5),3,R64,143,6,3,107,73,50,20,16,11,15,7,3,100,61,43,20,15,12,16
2025-422,Cincinnati Masters,Hard,96,M,20250807,,207681,,,Francisco Comesana,R,178,ARG,24.835,71,874,209260,29,,Luciano Darderi,R,183,ITA,23.477,35,1414,6-4 3-1 RET,3,R64,52,14,2,33,22,22,6,7,0,0,3,10,43,12,9,15,7,0,2
2025-422,Cincinnati Masters,Hard,96,M,20250807,,105138,,,Roberto Bautista Agut,R,183,ESP,37.314,53,1046,111815,32,,Cameron Norrie,L,188,GBR,29.958,39,1277,6-4 6-3,3,R64,111,9,2,74,50,39,9,10,6,7,6,6,64,38,28,10,9,8,11
2025-422,Cincinnati Masters,Hard,96,M,20250807,,202385,,,Jenson Brooksby,R,193,USA,24.78,102,627,209070,,,Arthur Cazaux,R,183,FRA,22.957,75,800,7-5 6-1,3,R64,113,3,1,65,42,34,13,10,6,6,5,3,81,42,33,13,9,6,9
2025-422,Cincinnati Masters,Hard,96,M,20250807,,206173,1,,Jannik Sinner,R,191,ITA,23.975,1,12030,123755,,,Daniel Elahi Galan,R,191,COL,29.136,134,455,6-1 6-1,3,R64,59,6,3,36,23,22,8,7,1,1,5,2,48,26,13,8,7,8,13
2025-422,Cincinnati Masters,Hard,96,M,20250807,,126203,4,,Taylor Fritz,R,196,USA,27.775,4,5135,207182,,,Emilio Nava,R,185,USA,23.68,114,539,6-4 6-4,3,R64,68,12,0,53,32,26,16,10,2,2,9,2,50,32,25,9,10,1,3
2025-422,Cincinnati Masters,Hard,96,M,20250807,,208029,7,,Holger Rune,R,188,DEN,22.275,9,3250,126128,,,Roman Safiullin,R,185,RUS,28,82,741,7-5 7-6(5),3,R64,118,4,4,84,47,32,23,12,2,4,2,4,70,38,24,21,12,2,5
2025-422,Cincinnati Masters,Hard,96,M,20250807,,126127,,,Benjamin Bonzi,R,183,FRA,29.161,66,905,207518,8,,Lorenzo Musetti,R,185,ITA,23.431,10,3195,5-7 6-4 7-6(4),3,R64,166,10,4,110,65,43,22,17,9,14,11,5,110,67,46,21,17,3,8
2025-422,Cincinnati Masters,Hard,96,M,20250807,,126207,10,,Frances Tiafoe,R,188,USA,27.546,12,2990,106148,,,Roberto Carballes Baena,R,183,ESP,32.375,89,690,6-4 6-3,3,R64,90,7,3,54,24,18,14,9,1,4,10,4,74,39,25,12,10,11,17
2025-422,Cincinnati Masters,Hard,96,M,20250807,,126239,,,Arthur Rinderknech,R,196,FRA,30.042,64,914,134770,11,,Casper Ruud,R,183,NOR,26.626,13,2905,6-7(5) 6-4 6-2,3,R64,157,13,6,95,63,49,18,15,8,9,8,3,88,49,35,20,15,0,4
2025-422,Cincinnati Masters,Hard,96,M,20250807,,126205,13,,Tommy Paul,R,185,USA,28.225,15,2620,124079,,,Pedro Martinez,R,185,ESP,28.282,68,890,6-2 6-2,3,R64,91,8,2,56,33,25,13,8,6,6,0,4,65,37,19,13,8,6,10
2025-422,Cincinnati Masters,Hard,96,M,20250807,,209279,,,Terence Atmane,L,193,FRA,23.576,132,458,207925,15,,Flavio Cobolli,R,183,ITA,23.255,17,2385,6-4 3-6 7-6(5),3,R64,134,9,5,106,61,46,22,15,8,10,7,6,94,49,40,27,16,3,5
2025-422,Cincinnati Masters,Hard,96,M,20250807,,211663,,,Joao Fonseca,R,188,BRA,18.962,49,1110,200221,17,,Alejandro Davidovich Fokina,R,180,ESP,26.174,19,2225,6-7(4) 5-4 RET,3,R64,98,7,3,65,42,28,11,10,2,6,7,4,68,32,23,18,11,2,7
2025-422,Cincinnati Masters,Hard,96,M,20250807,,105173,,,Adrian Mannarino,L,180,FRA,37.106,94,661,207830,19,,Tomas Machac,R,183,CZE,24.816,22,2110,6-3 6-3,3,R64,90,5,0,59,29,24,16,9,3,4,7,7,75,41,21,16,9,7,11
2025-422,Cincinnati Masters,Hard,96,M,20250807,,200005,20,,Ugo Humbert,L,188,FRA,27.116,23,2095,209409,,,Coleman Wong,R,191,HKG,21.169,168,323,6-3 6-4,3,R64,67,10,1,57,37,32,10,10,1,1,6,1,45,32,25,7,9,2,4
2025-422,Cincinnati Masters,Hard,96,M,20250807,,200000,23,,Felix Auger-Aliassime,R,193,CAN,24.997,28,1865,144869,,,Tomas Martin Etcheverry,R,196,ARG,26.056,60,960,6-2 7-6(3),3,R64,117,14,1,67,53,41,8,10,4,4,2,2,66,35,25,14,10,2,4
2025-422,Cincinnati Masters,Hard,96,M,20250807,,126774,25,,Stefanos Tsitsipas,R,193,GRE,26.987,30,1825,206681,,,Fabian Marozsan,R,193,HUN,25.832,56,1005,7-6(3) 6-2,3,R64,83,9,0,63,44,33,12,10,3,3,2,5,65,38,29,11,10,1,3
2025-422,Cincinnati Masters,Hard,96,M,20250807,,210506,28,,Alex Michelsen,R,193,USA,20.95,34,1555,144895,,,Corentin Moutet,L,180,FRA,26.303,46,1139,3-6 6-3 6-4,3,R64,146,2,4,87,46,37,18,14,3,6,8,4,92,55,36,17,14,9,13
2025-422,Cincinnati Masters,Hard,96,M,20250807,,209113,30,,Gabriel Diallo,R,203,CAN,23.869,36,1333,202104,,,Sebastian Baez,R,170,ARG,24.608,45,1180,7-5 6-4,3,R64,91,9,3,56,32,27,12,11,0,2,0,5,67,44,29,10,11,3,7
2025-422,Cincinnati Masters,Hard,96,M,20250807,,132283,31,,Lorenzo Sonego,R,191,ITA,30.242,38,1281,200267,,,Zizou Bergs,R,185,BEL,26.179,52,1049,6-3 7-6(4),3,R64,101,5,2,66,43,36,13,11,1,1,5,5,64,31,23,19,10,3,4
2025-422,Cincinnati Masters,Hard,96,M,20250807,,207989,2,,Carlos Alcaraz,R,183,ESP,22.259,2,8600,209098,,,Hamad Medjedovic,R,188,SRB,22.056,73,869,6-4 6-4,3,R32,95,12,3,57,33,26,15,10,1,2,9,8,79,47,30,16,10,4,7
2025-422,Cincinnati Masters,Hard,96,M,20250807,,100644,3,,Alexander Zverev,R,198,GER,28.298,3,6030,206909,27,,Brandon Nakashima,R,188,USA,24.011,32,1700,6-4 6-4,3,R32,96,12,2,61,44,33,10,10,4,4,3,0,59,31,23,14,10,2,4
2025-422,Cincinnati Masters,Hard,96,M,20250807,,126094,9,,Andrey Rublev,R,188,RUS,27.797,11,3110,200615,21,,Alexei Popyrin,R,196,AUS,26.007,26,2050,6-7(5) 7-6(5) 7-5,3,R32,209,18,9,124,69,54,33,18,5,6,20,5,127,77,57,25,18,6,8
2025-422,Cincinnati Masters,Hard,96,M,20250807,,111575,14,,Karen Khachanov,R,198,RUS,29.213,16,2590,202385,,,Jenson Brooksby,R,193,USA,24.78,102,627,6-3 6-3,3,R32,84,2,0,58,32,23,16,9,2,3,1,1,52,34,21,7,9,3,7
2025-422,Cincinnati Masters,Hard,96,M,20250807,,208134,,,Luca Nardi,R,185,ITA,22.004,97,655,210150,16,,Jakub Mensik,R,196,CZE,19.932,18,2362,6-2 2-1 RET,3,R32,42,3,1,31,16,12,11,5,2,2,5,6,32,18,12,4,6,3,6
2025-422,Cincinnati Masters,Hard,96,M,20250807,,208103,22,,Jiri Lehecka,R,185,CZE,23.745,27,2015,200443,,,Adam Walton,R,183,AUS,26.308,88,706,7-6(5) 7-6(3),3,R32,114,17,3,71,40,36,19,12,0,1,5,2,81,49,36,19,12,1,2
2025-422,Cincinnati Masters,Hard,96,M,20250807,,207681,,,Francisco Comesana,R,178,ARG,24.835,71,874,124187,,,Reilly Opelka,R,211,USA,27.943,74,827,6-7(4) 6-4 7-5,3,R32,188,15,6,103,59,45,25,17,3,5,27,10,123,67,57,19,17,9,13
2025-422,Cincinnati Masters,Hard,96,M,20250807,,206173,1,,Jannik Sinner,R,191,ITA,23.975,1,12030,209113,30,,Gabriel Diallo,R,203,CAN,23.869,36,1333,6-2 7-6(6),3,R32,112,6,5,62,31,25,20,10,2,3,10,10,84,52,40,5,10,9,12
2025-422,Cincinnati Masters,Hard,96,M,20250807,,126203,4,,Taylor Fritz,R,196,USA,27.775,4,5135,132283,31,,Lorenzo Sonego,R,191,ITA,30.242,38,1281,7-6(4) 7-5,3,R32,127,13,2,66,37,32,21,12,0,0,4,6,83,45,35,21,12,4,5
2025-422,Cincinnati Masters,Hard,96,M,20250807,,208029,7,,Holger Rune,R,188,DEN,22.275,9,3250,210506,28,,Alex Michelsen,R,193,USA,20.95,34,1555,7-6(4) 6-3,3,R32,93,9,4,67,39,32,14,11,0,1,3,3,62,39,28,12,10,4,6
2025-422,Cincinnati Masters,Hard,96,M,20250807,,126207,10,,Frances Tiafoe,R,188,USA,27.546,12,2990,200005,20,,Ugo Humbert,L,188,FRA,27.116,23,2095,6-4 6-4,3,R32,83,8,1,59,41,31,8,10,1,2,8,1,66,37,24,14,10,9,12
2025-422,Cincinnati Masters,Hard,96,M,20250807,,105173,,,Adrian Mannarino,L,180,FRA,37.106,94,661,126205,13,,Tommy Paul,R,185,USA,28.225,15,2620,5-7 6-3 6-4,3,R32,159,5,3,108,59,47,23,16,6,8,8,4,95,48,40,22,15,5,8
2025-422,Cincinnati Masters,Hard,96,M,20250807,,200000,23,,Felix Auger-Aliassime,R,193,CAN,24.997,28,1865,126239,,,Arthur Rinderknech,R,196,FRA,30.042,64,914,7-6(4) 4-2 RET,3,R32,121,7,3,50,30,26,13,9,0,1,10,6,81,52,35,13,9,9,11
2025-422,Cincinnati Masters,Hard,96,M,20250807,,126127,,,Benjamin Bonzi,R,183,FRA,29.161,66,905,126774,25,,Stefanos Tsitsipas,R,193,GRE,26.987,30,1825,6-7(4) 6-3 6-4,3,R32,159,6,6,103,59,49,21,16,5,6,14,3,108,57,43,25,15,8,11
2025-422,Cincinnati Masters,Hard,96,M,20250807,,209279,,,Terence Atmane,L,193,FRA,23.576,132,458,211663,,,Joao Fonseca,R,188,BRA,18.962,49,1110,6-3 6-4,3,R32,78,8,3,60,34,27,15,10,1,2,1,0,64,45,28,9,9,10,13
2025-422,Cincinnati Masters,Hard,96,M,20250807,,210097,5,,Ben Shelton,L,193,USA,22.828,7,3520,105138,,,Roberto Bautista Agut,R,183,ESP,37.314,53,1046,7-6(3) 6-3,3,R32,109,15,2,78,41,30,22,10,8,8,5,3,60,46,36,4,11,0,2
2025-422,Cincinnati Masters,Hard,96,M,20250807,,206173,1,,Jannik Sinner,R,191,ITA,23.975,1,12030,105173,,,Adrian Mannarino,L,180,FRA,37.106,94,661,6-4 7-6(4),3,R16,108,12,2,62,32,31,17,11,0,1,10,3,83,48,35,17,11,7,9
2025-422,Cincinnati Masters,Hard,96,M,20250807,,207989,2,,Carlos Alcaraz,R,183,ESP,22.259,2,8600,208134,,,Luca Nardi,R,185,ITA,22.004,97,655,6-1 6-4,3,R16,80,2,3,46,30,25,9,9,1,2,0,8,66,38,24,11,8,7,11
2025-422,Cincinnati Masters,Hard,96,M,20250807,,100644,3,,Alexander Zverev,R,198,GER,28.298,3,6030,111575,14,,Karen Khachanov,R,198,RUS,29.213,16,2590,7-5 3-0 RET,3,R16,70,5,1,34,25,20,4,7,0,1,1,0,54,32,22,5,8,4,8
2025-422,Cincinnati Masters,Hard,96,M,20250807,,209279,,,Terence Atmane,L,193,FRA,23.576,132,458,126203,4,,Taylor Fritz,R,196,USA,27.775,4,5135,3-6 7-5 6-3,3,R16,119,13,5,83,49,40,17,15,3,5,7,2,92,60,46,14,15,3,6
2025-422,Cincinnati Masters,Hard,96,M,20250807,,208029,7,,Holger Rune,R,188,DEN,22.275,9,3250,126207,10,,Frances Tiafoe,R,188,USA,27.546,12,2990,6-4 3-1 RET,3,R16,72,5,4,40,21,19,9,7,1,2,2,1,48,18,10,14,7,2,5
2025-422,Cincinnati Masters,Hard,96,M,20250807,,126094,9,,Andrey Rublev,R,188,RUS,27.797,11,3110,207681,,,Francisco Comesana,R,178,ARG,24.835,71,874,6-2 6-3,3,R16,64,8,2,47,32,26,6,8,1,2,11,5,52,28,19,6,9,3,8
2025-422,Cincinnati Masters,Hard,96,M,20250807,,200000,23,,Felix Auger-Aliassime,R,193,CAN,24.997,28,1865,126127,,,Benjamin Bonzi,R,183,FRA,29.161,66,905,6-4 6-3,3,R16,74,9,3,51,35,31,7,10,1,2,2,1,48,24,15,12,9,0,3
2025-422,Cincinnati Masters,Hard,96,M,20250807,,210097,5,,Ben Shelton,L,193,USA,22.828,7,3520,208103,22,,Jiri Lehecka,R,185,CZE,23.745,27,2015,6-4 6-4,3,R16,81,8,2,51,32,26,12,10,0,1,6,4,63,30,21,16,10,5,8
2025-422,Cincinnati Masters,Hard,96,M,20250807,,206173,1,,Jannik Sinner,R,191,ITA,23.975,1,12030,200000,23,,Felix Auger-Aliassime,R,193,CAN,24.997,28,1865,6-0 6-2,3,QF,71,2,2,39,23,18,10,7,0,1,0,8,45,25,12,4,7,4,10
2025-422,Cincinnati Masters,Hard,96,M,20250807,,209279,,,Terence Atmane,L,193,FRA,23.576,132,458,208029,7,,Holger Rune,R,188,DEN,22.275,9,3250,6-2 6-3,3,QF,73,7,3,53,33,28,8,9,1,2,4,1,57,33,20,10,8,7,11
2025-422,Cincinnati Masters,Hard,96,M,20250807,,207989,2,,Carlos Alcaraz,R,183,ESP,22.259,2,8600,126094,9,,Andrey Rublev,R,188,RUS,27.797,11,3110,6-3 4-6 7-5,3,QF,137,11,4,86,53,40,17,15,0,2,11,8,95,59,43,17,16,2,6
2025-422,Cincinnati Masters,Hard,96,M,20250807,,100644,3,,Alexander Zverev,R,198,GER,28.298,3,6030,210097,5,,Ben Shelton,L,193,USA,22.828,7,3520,6-2 6-2,3,QF,77,5,2,49,32,26,9,8,1,1,12,2,58,39,26,4,8,7,11
2025-422,Cincinnati Masters,Hard,96,M,20250807,,206173,1,,Jannik Sinner,R,191,ITA,23.975,1,12030,209279,,,Terence Atmane,L,193,FRA,23.576,132,458,7-6(4) 6-2,3,SF,86,6,0,60,35,32,17,10,0,0,9,1,58,40,31,8,10,3,5
2025-422,Cincinnati Masters,Hard,96,M,20250807,,207989,2,,Carlos Alcaraz,R,183,ESP,22.259,2,8600,100644,3,,Alexander Zverev,R,198,GER,28.298,3,6030,6-4 6-3,3,SF,105,11,4,51,27,22,15,9,4,5,3,1,61,46,25,7,10,2,6
2025-422,Cincinnati Masters,Hard,96,M,20250807,,207989,2,,Carlos Alcaraz,R,183,ESP,22.259,2,8600,206173,1,,Jannik Sinner,R,191,ITA,23.975,1,12030,5-0 RET,3,F,23,1,0,13,6,5,4,2,0,0,1,2,16,8,4,0,3,3,6
2025-6242,Winston-Salem,Hard,48,A,20250818,,207352,,,Yunchaokete Bu,R,185,CHN,23.58,76,801,202358,,,Chun-Hsin Tseng,R,175,TPE,24.03,119,529,6-7(2) 6-3 7-6(4),3,R64,192,9,4,103,54,45,27,17,3,5,11,7,135,74,53,30,16,14,17
2025-6242,Winston-Salem,Hard,48,A,20250818,,105807,,,Pablo Carreno Busta,R,188,ESP,34.1,113,549,106415,,,Yoshihito Nishioka,L,170,JPN,29.89,149,399,6-0 6-3,3,R64,58,3,0,41,24,20,13,8,0,0,1,2,41,30,13,5,7,3,7
2025-6242,Winston-Salem,Hard,48,A,20250818,,200240,,,Vit Kopriva,R,178,CZE,28.18,87,726,124116,,,Sebastian Ofner,R,191,AUT,29.27,141,453,3-6 6-4 6-3,3,R64,118,2,9,84,47,39,18,14,4,6,8,4,88,48,38,19,14,10,13
2025-6242,Winston-Salem,Hard,48,A,20250818,,111794,,,Kamil Majchrzak,R,183,POL,29.6,78,794,111797,,,Nicolas Jarry,R,201,CHI,29.85,103,628,7-6(6) 6-4,3,R64,99,7,2,63,37,34,15,11,0,0,12,1,67,38,32,16,11,2,3
2025-6242,Winston-Salem,Hard,48,A,20250818,,124079,,,Pedro Martinez,R,185,ESP,28.31,64,910,105676,,,David Goffin,R,180,BEL,34.7,68,884,6-3 6-3,3,R64,93,2,2,62,37,26,12,9,8,10,8,5,57,28,21,8,9,4,9
2025-6242,Winston-Salem,Hard,48,A,20250818,,111456,,,Mackenzie McDonald,R,178,USA,30.34,102,639,200587,,,Brandon Holt,R,185,USA,27.37,111,554,6-4 6-7(2) 7-6(2),3,R64,152,15,8,112,69,53,24,17,3,5,11,1,107,69,55,16,17,4,7
2025-6242,Winston-Salem,Hard,48,A,20250818,,209098,,,Hamad Medjedovic,R,188,SRB,22.09,65,907,126239,,,Arthur Rinderknech,R,196,FRA,30.07,77,794,6-3 7-6(9),3,R64,127,7,6,72,41,31,18,11,0,1,3,7,68,35,24,18,10,1,3
2025-6242,Winston-Salem,Hard,48,A,20250818,,122298,,,Botic van de Zandschulp,R,191,NED,29.87,92,684,200443,,,Adam Walton,R,183,AUS,26.34,82,763,2-6 7-5 6-3,3,R64,149,7,3,92,56,44,18,14,3,5,15,7,92,59,47,15,15,5,7
2025-6242,Winston-Salem,Hard,48,A,20250818,,210460,,,Nishesh Basavareddy,R,180,USA,20.3,106,593,209920,,,Raphael Collignon,R,191,BEL,23.59,105,608,6-2 7-6(2),3,R64,98,4,7,74,40,32,20,10,1,1,4,9,66,41,31,9,10,3,5
2025-6242,Winston-Salem,Hard,48,A,20250818,,210464,,,Darwin Blanch,L,185,USA,17.89,409,115,106432,,,Borna Coric,R,188,CRO,28.76,104,620,6-4 7-6(5),3,R64,108,10,2,77,49,38,16,11,3,3,5,4,65,36,31,16,11,1,2
2025-6242,Winston-Salem,Hard,48,A,20250818,,105916,,,Marton Fucsovics,R,188,HUN,33.52,94,679,200384,,,Hugo Gaston,L,173,FRA,24.89,125,513,6-3 6-3,3,R64,81,5,2,56,35,28,10,9,1,2,1,3,67,41,23,11,9,5,9
2025-6242,Winston-Salem,Hard,48,A,20250818,,106331,,,Christopher O'Connell,R,183,AUS,31.21,79,784,126128,,,Roman Safiullin,R,185,RUS,28.03,90,691,6-3 6-3,3,R64,81,3,3,64,29,20,21,9,3,3,5,5,56,31,20,13,9,3,6
2025-6242,Winston-Salem,Hard,48,A,20250818,,206499,,,Aleksandar Kovacevic,R,183,USA,26.97,71,859,209209,,,Filip Misolic,R,180,AUT,24.03,95,677,7-6(2) 7-6(8),3,R64,111,20,3,86,49,44,18,12,1,1,19,4,98,62,49,17,12,7,7
2025-6242,Winston-Salem,Hard,48,A,20250818,,208363,,,Mariano Navone,R,178,ARG,24.47,74,810,S0DE,,,Dhakshineswar Suresh,R,196,IND,25.39,645,50,6-3 6-3,3,R64,79,1,2,52,36,30,7,9,1,1,0,3,65,39,25,11,9,4,7
2025-6242,Winston-Salem,Hard,48,A,20250818,,208233,,,Mattia Bellucci,L,175,ITA,24.21,63,911,207681,,,Francisco Comesana,R,178,ARG,24.87,54,962,6-4 6-3,3,R64,80,1,2,52,35,24,8,9,1,3,5,3,57,33,20,7,10,4,9
2025-6242,Winston-Salem,Hard,48,A,20250818,,D0D4,,,Stefan Dostanic,R,188,,23.79,412,114,126846,,,Aleksandar Vukic,R,188,AUS,29.37,93,683,6-4 6-2,3,R64,64,3,2,44,27,22,11,9,3,4,8,6,52,29,20,8,9,3,7
2025-6242,Winston-Salem,Hard,48,A,20250818,,200624,11,,Sebastian Korda,R,196,USA,25.12,86,735,200240,,,Vit Kopriva,R,178,CZE,28.18,87,726,6-3 6-4,3,R32,83,10,1,60,34,27,14,10,3,4,0,8,59,40,29,5,9,2,5
2025-6242,Winston-Salem,Hard,48,A,20250818,,111794,,,Kamil Majchrzak,R,183,POL,29.6,78,794,132686,7,,Nuno Borges,R,185,POR,28.49,42,1145,6-1 6-3,3,R32,67,6,1,48,30,23,11,8,3,3,4,5,60,34,21,10,8,2,6
2025-6242,Winston-Salem,Hard,48,A,20250818,,202104,10,,Sebastian Baez,R,170,ARG,24.64,40,1160,105807,,,Pablo Carreno Busta,R,188,ESP,34.1,113,549,7-5 6-2,3,R32,107,3,2,84,60,40,9,10,10,12,1,2,57,37,20,8,10,2,7
2025-6242,Winston-Salem,Hard,48,A,20250818,,105916,,,Marton Fucsovics,R,188,HUN,33.52,94,679,134868,,,Tallon Griekspoor,R,188,NED,29.13,31,1655,6-3 4-6 6-3,3,R32,143,5,5,84,46,36,18,14,5,8,8,6,103,61,40,15,14,10,15
2025-6242,Winston-Salem,Hard,48,A,20250818,,209260,3,,Luciano Darderi,R,183,ITA,23.51,34,1364,111456,,,Mackenzie McDonald,R,178,USA,30.34,102,639,7-6(5) 6-7(6) 6-4,3,R32,151,22,5,120,66,54,28,17,9,12,20,5,104,69,52,18,17,5,9
2025-6242,Winston-Salem,Hard,48,A,20250818,,209113,4,,Gabriel Diallo,R,203,CAN,23.9,33,1388,210460,,,Nishesh Basavareddy,R,180,USA,20.3,106,593,W/O,3,R32,,,,,,,,,,,,,,,,,,,
2025-6242,Winston-Salem,Hard,48,A,20250818,,122298,,,Botic van de Zandschulp,R,191,NED,29.87,92,684,208286,6,,Matteo Arnaldi,R,185,ITA,24.48,62,915,6-3 6-3,3,R32,92,8,1,74,38,25,14,9,5,8,1,4,47,27,24,12,9,0,0
2025-6242,Winston-Salem,Hard,48,A,20250818,,124186,8,,Alexandre Muller,R,183,FRA,28.54,38,1193,210464,,,Darwin Blanch,L,185,USA,17.89,409,115,6-7(3) 6-3 7-5,3,R32,133,6,3,97,58,44,25,17,5,7,10,5,107,60,43,22,16,7,11
2025-6242,Winston-Salem,Hard,48,A,20250818,,208659,9,,Giovanni Mpetshi Perricard,R,203,FRA,22.11,39,1185,124079,,,Pedro Martinez,R,185,ESP,28.31,64,910,2-6 6-3 7-6(3),3,R32,111,2,4,71,44,33,19,14,0,2,11,4,93,69,52,11,15,1,4
2025-6242,Winston-Salem,Hard,48,A,20250818,,144719,12,,Jaume Munar,R,183,ESP,28.29,46,1077,208233,,,Mattia Bellucci,L,175,ITA,24.21,63,911,6-3 6-1,3,R32,88,4,2,48,25,21,11,8,2,3,1,2,55,36,17,8,8,6,11
2025-6242,Winston-Salem,Hard,48,A,20250818,,200175,13,,Miomir Kecmanovic,R,183,SRB,25.97,45,1086,206499,,,Aleksandar Kovacevic,R,183,USA,26.97,71,859,6-4 7-6(5),3,R32,92,11,5,71,41,32,16,11,2,3,8,6,70,46,34,9,11,1,3
2025-6242,Winston-Salem,Hard,48,A,20250818,,105138,14,,Roberto Bautista Agut,R,183,ESP,37.34,47,1060,106331,,,Christopher O'Connell,R,183,AUS,31.21,79,784,6-4 RET,3,R32,51,2,1,26,14,7,3,5,0,3,2,0,37,27,16,5,5,3,5
2025-6242,Winston-Salem,Hard,48,A,20250818,,209098,,,Hamad Medjedovic,R,188,SRB,22.09,65,907,207985,15,,Jacob Fearnley,R,183,GBR,24.09,59,939,6-4 7-6(2),3,R32,94,10,0,65,49,37,9,11,2,3,12,4,71,43,31,15,11,3,5
2025-6242,Winston-Salem,Hard,48,A,20250818,,208363,,,Mariano Navone,R,178,ARG,24.47,74,810,106218,,,Marcos Giron,R,180,USA,32.07,55,960,6-2 6-2,3,R32,84,2,4,54,27,20,15,8,5,6,3,3,56,27,17,9,8,4,9
2025-6242,Winston-Salem,Hard,48,A,20250818,,132283,5,,Lorenzo Sonego,R,191,ITA,30.27,35,1315,D0D4,,,Stefan Dostanic,R,188,,23.79,412,114,6-3 6-7(2) 7-6(3),3,R32,173,7,6,110,77,57,16,17,5,7,6,6,112,76,50,18,16,5,8
2025-6242,Winston-Salem,Hard,48,A,20250818,,207352,,,Yunchaokete Bu,R,185,CHN,23.58,76,801,126774,1,,Stefanos Tsitsipas,R,193,GRE,27.02,28,1790,6-3 6-2,3,R32,88,3,2,61,35,23,14,9,5,7,4,4,56,33,21,6,8,9,14
2025-6242,Winston-Salem,Hard,48,A,20250818,,200175,13,,Miomir Kecmanovic,R,183,SRB,25.97,45,1086,209260,3,,Luciano Darderi,R,183,ITA,23.51,34,1364,6-3 6-1,3,R16,58,5,1,41,25,23,6,8,0,1,2,6,50,27,16,8,8,2,7
2025-6242,Winston-Salem,Hard,48,A,20250818,,209098,,,Hamad Medjedovic,R,188,SRB,22.09,65,907,209113,4,,Gabriel Diallo,R,203,CAN,23.9,33,1388,6-4 6-2,3,R16,83,8,2,51,32,24,14,9,1,1,8,0,59,41,24,9,9,1,4
2025-6242,Winston-Salem,Hard,48,A,20250818,,144719,12,,Jaume Munar,R,183,ESP,28.29,46,1077,132283,5,,Lorenzo Sonego,R,191,ITA,30.27,35,1315,4-6 6-4 6-1,3,R16,141,5,1,78,48,36,17,14,4,7,4,1,81,51,31,16,13,7,12
2025-6242,Winston-Salem,Hard,48,A,20250818,,208659,9,,Giovanni Mpetshi Perricard,R,203,FRA,22.11,39,1185,124186,8,,Alexandre Muller,R,183,FRA,28.54,38,1193,6-3 6-2,3,R16,62,4,2,53,40,25,6,8,3,6,8,1,49,37,28,8,9,0,0
2025-6242,Winston-Salem,Hard,48,A,20250818,,122298,,,Botic van de Zandschulp,R,191,NED,29.87,92,684,202104,10,,Sebastian Baez,R,170,ARG,24.64,40,1160,0-6 6-1 6-4,3,R16,109,6,4,65,37,25,13,11,7,11,2,1,69,52,33,7,12,2,7
2025-6242,Winston-Salem,Hard,48,A,20250818,,200624,11,,Sebastian Korda,R,196,USA,25.12,86,735,111794,,,Kamil Majchrzak,R,183,POL,29.6,78,794,6-7(3) 6-3 6-4,3,R16,128,19,2,102,56,46,27,16,6,6,10,2,85,51,41,18,15,3,5
2025-6242,Winston-Salem,Hard,48,A,20250818,,105916,,,Marton Fucsovics,R,188,HUN,33.52,94,679,105138,14,,Roberto Bautista Agut,R,183,ESP,37.34,47,1060,6-4 6-3,3,R16,93,0,1,50,28,25,13,9,1,1,2,3,59,35,22,14,10,1,4
2025-6242,Winston-Salem,Hard,48,A,20250818,,207352,,,Yunchaokete Bu,R,185,CHN,23.58,76,801,208363,,,Mariano Navone,R,178,ARG,24.47,74,810,6-4 6-4,3,R16,100,0,3,65,34,26,15,10,6,7,3,4,60,39,27,9,10,6,9
2025-6242,Winston-Salem,Hard,48,A,20250818,,200624,11,,Sebastian Korda,R,196,USA,25.12,86,735,200175,13,,Miomir Kecmanovic,R,183,SRB,25.97,45,1086,6-1 6-4,3,QF,68,14,1,60,38,30,9,9,2,3,3,4,51,29,18,9,8,2,6
2025-6242,Winston-Salem,Hard,48,A,20250818,,105916,,,Marton Fucsovics,R,188,HUN,33.52,94,679,144719,12,,Jaume Munar,R,183,ESP,28.29,46,1077,7-5 6-3,3,QF,100,2,1,52,35,27,5,10,1,4,5,1,63,38,22,9,11,3,9
2025-6242,Winston-Salem,Hard,48,A,20250818,,208659,9,,Giovanni Mpetshi Perricard,R,203,FRA,22.11,39,1185,209098,,,Hamad Medjedovic,R,188,SRB,22.09,65,907,7-6(8) 6-2,3,QF,88,15,0,63,41,34,14,10,1,1,13,4,64,44,32,10,10,2,4
2025-6242,Winston-Salem,Hard,48,A,20250818,,122298,,,Botic van de Zandschulp,R,191,NED,29.87,92,684,207352,,,Yunchaokete Bu,R,185,CHN,23.58,76,801,6-3 5-7 6-3,3,QF,158,7,4,88,59,43,15,15,5,8,3,1,106,53,30,30,15,7,12
2025-6242,Winston-Salem,Hard,48,A,20250818,,105916,,,Marton Fucsovics,R,188,HUN,33.52,94,679,200624,11,,Sebastian Korda,R,196,USA,25.12,86,735,W/O,3,SF,,,,,,,,,,,,,,,,,,,
2025-6242,Winston-Salem,Hard,48,A,20250818,,122298,,,Botic van de Zandschulp,R,191,NED,29.87,92,684,208659,9,,Giovanni Mpetshi Perricard,R,203,FRA,22.11,39,1185,6-4 7-5,3,SF,96,7,2,64,45,32,7,11,3,6,6,3,62,35,28,16,11,1,2
2025-6242,Winston-Salem,Hard,48,A,20250818,,105916,,,Marton Fucsovics,R,188,HUN,33.52,94,679,122298,,,Botic van de Zandschulp,R,191,NED,29.87,92,684,6-3 7-6(3),3,F,111,4,3,72,43,31,15,11,2,5,2,3,72,41,30,9,10,3,7
2025-560,US Open,Hard,128,G,20250824,,200221,18,,Alejandro Davidovich Fokina,R,180,ESP,26.22,18,2185,207686,,,Alexander Shevchenko,R,188,KAZ,24.73,91,692,6-1 6-1 6-2,5,R128,129,6,2,66,37,29,17,11,4,4,1,2,62,29,17,10,11,2,9
2025-560,US Open,Hard,128,G,20250824,,126203,4,,Taylor Fritz,R,196,USA,27.82,4,5575,207182,,,Emilio Nava,R,185,USA,23.73,101,640,7-5 6-2 6-3,5,R128,120,11,5,90,59,44,20,15,4,4,9,6,100,64,42,18,14,6,10
2025-560,US Open,Hard,128,G,20250824,,210097,6,,Ben Shelton,L,193,USA,22.87,6,4280,209860,,,Ignacio Buse,R,183,PER,21.42,135,473,6-3 6-2 6-4,5,R128,128,5,3,88,55,43,18,14,5,5,2,6,91,48,35,18,13,9,13
2025-560,US Open,Hard,128,G,20250824,,210150,16,,Jakub Mensik,R,196,CZE,19.98,16,2430,111797,,,Nicolas Jarry,R,201,CHI,29.87,102,628,7-6(5) 6-3 6-4,5,R128,147,16,3,106,57,46,23,16,8,10,13,5,97,63,43,15,15,5,9
2025-560,US Open,Hard,128,G,20250824,,209260,32,,Luciano Darderi,R,183,ITA,23.52,34,1379,208014,,,Rinky Hijikata,R,178,AUS,24.5,103,623,6-2 6-1 6-2,5,R128,85,11,6,62,35,33,14,12,0,0,3,5,68,38,24,10,13,2,8
2025-560,US Open,Hard,128,G,20250824,,126239,,,Arthur Rinderknech,R,196,FRA,30.09,82,782,106148,,,Roberto Carballes Baena,R,183,ESP,32.42,87,740,7-6(2) 7-5 4-6 6-2,5,R128,234,14,6,128,122,89,0,21,5,6,4,5,151,146,93,0,21,10,13
2025-560,US Open,Hard,128,G,20250824,,207830,21,,Tomas Machac,R,183,CZE,24.86,22,2110,208134,,,Luca Nardi,R,185,ITA,22.05,86,755,6-3 6-1 6-1,5,R128,83,10,0,58,43,34,11,11,2,2,1,10,72,35,22,14,12,7,14
2025-560,US Open,Hard,128,G,20250824,,200259,,,Ugo Blanchet,R,175,FRA,26.63,184,295,206681,,,Fabian Marozsan,R,193,HUN,25.88,53,975,6-4 3-6 7-6(7) 6-2,5,R128,170,10,7,130,76,55,28,19,3,6,8,6,126,81,54,26,20,4,9
2025-560,US Open,Hard,128,G,20250824,,208118,,,Eliot Spizzirri,R,185,USA,23.67,127,493,D0D4,,,Stefan Dostanic,R,188,USA,23.8,389,127,7-5 6-4 7-6(4),5,R128,162,5,3,120,94,62,16,17,8,10,12,3,124,100,64,8,17,9,13
2025-560,US Open,Hard,128,G,20250824,,208103,20,,Jiri Lehecka,R,185,CZE,23.79,21,2115,106432,,,Borna Coric,R,188,CRO,28.77,105,595,3-6 6-4 7-6(5) 6-1,5,R128,194,13,6,118,72,57,23,20,2,5,7,7,122,74,49,25,18,4,8
2025-560,US Open,Hard,128,G,20250824,,105173,,,Adrian Mannarino,L,180,FRA,37.15,77,811,134868,29,,Tallon Griekspoor,R,188,NED,29.14,30,1655,7-5 6-4 6-0,5,R128,147,14,3,86,46,41,21,14,8,9,14,10,99,58,40,11,14,10,16
2025-560,US Open,Hard,128,G,20250824,,105807,,,Pablo Carreno Busta,R,188,ESP,34.12,137,468,208010,,,Pablo Llamas Ruiz,R,188,ESP,22.86,361,136,7-6(7) 6-4 6-2,5,R128,147,12,8,119,78,56,16,15,11,14,4,1,98,66,48,23,15,5,5
2025-560,US Open,Hard,128,G,20250824,,144869,,,Tomas Martin Etcheverry,R,196,ARG,26.1,59,940,200116,,,Camilo Ugo Carabelli,R,185,ARG,26.19,43,1123,6-3 6-2 6-0,5,R128,106,10,0,67,48,37,11,12,0,1,4,8,67,34,15,13,11,4,11
2025-560,US Open,Hard,128,G,20250824,,208260,,,Zachary Svajda,R,175,USA,22.74,145,421,200436,,,Zsombor Piros,R,180,HUN,25.86,156,362,6-4 6-2 7-5,5,R128,125,14,1,85,54,39,12,15,3,8,5,6,88,51,27,12,15,5,14
2025-560,US Open,Hard,128,G,20250824,,208843,,,Jerome Kym,R,198,SUI,22.53,175,309,210319,,,Ethan Quinn,R,191,USA,21.45,84,771,6-3 6-2 3-6 7-6(5),5,R128,153,12,5,134,129,85,1,41,3,5,15,1,125,124,75,0,43,4,8
2025-560,US Open,Hard,128,G,20250824,,111442,,,Jordan Thompson,R,183,AUS,31.35,58,945,144895,,,Corentin Moutet,L,180,FRA,26.35,40,1146,6-2 6-4 1-6 6-3,5,R128,176,11,2,100,63,44,22,17,5,8,4,5,113,61,42,24,17,9,14
2025-560,US Open,Hard,128,G,20250824,,104925,7,,Novak Djokovic,R,188,SRB,38.26,7,4130,210530,,,Learner Tien,L,180,USA,19.73,50,1000,6-1 7-6(3) 6-2,5,R128,144,7,4,94,56,43,18,14,6,8,1,7,89,58,32,10,13,3,9
2025-560,US Open,Hard,128,G,20250824,,126127,,,Benjamin Bonzi,R,183,FRA,29.21,51,999,106421,13,,Daniil Medvedev,R,198,RUS,29.53,13,2760,6-3 7-5 6-7(5) 0-6 6-4,5,R128,226,7,4,157,107,70,29,25,13,19,21,10,149,92,68,24,24,10,16
2025-560,US Open,Hard,128,G,20250824,,206909,30,,Brandon Nakashima,R,188,USA,24.06,31,1570,207411,,,Jesper de Jong,R,180,NED,25.23,83,774,6-2 6-7(5) 2-6 6-2 7-6(7),5,R128,226,17,4,149,88,71,33,24,4,7,17,8,147,88,60,35,24,5,10
2025-560,US Open,Hard,128,G,20250824,,106218,,,Marcos Giron,R,180,USA,32.08,55,960,208363,,,Mariano Navone,R,178,ARG,24.49,78,810,6-0 7-5 4-6 5-7 6-4,5,R128,255,2,5,172,103,66,37,25,11,17,4,11,156,101,60,25,25,7,16
2025-560,US Open,Hard,128,G,20250824,,200267,,,Zizou Bergs,R,185,BEL,26.23,48,1039,202358,,,Chun-Hsin Tseng,R,175,TPE,24.04,118,529,6-3 6-4 6-3,5,R128,115,7,5,68,41,28,15,14,1,5,0,3,77,44,20,14,14,4,12
2025-560,US Open,Hard,128,G,20250824,,102093,,,Martin Damm,L,203,USA,21.902,431,106,210464,,,Darwin Blanch,L,185,USA,17.91,364,136,6-3 6-4 6-4,5,R128,101,24,4,85,56,46,17,15,3,3,11,3,78,55,39,12,14,3,6
2025-560,US Open,Hard,128,G,20250824,,144750,,,Lloyd Harris,R,193,RSA,28.5,353,139,202104,,,Sebastian Baez,R,170,ARG,24.65,39,1175,6-3 7-5 6-4,5,R128,136,9,5,89,84,59,1,16,4,7,3,2,96,94,50,15,0,5,11
2025-560,US Open,Hard,128,G,20250824,,111815,,,Cameron Norrie,L,188,GBR,30,35,1297,200624,,,Sebastian Korda,R,196,USA,25.14,75,835,7-5 6-4 RET,5,R128,106,3,3,78,48,37,16,11,6,6,12,3,77,40,30,16,11,5,7
2025-560,US Open,Hard,128,G,20250824,,209409,,,Coleman Wong,R,191,HKG,21.22,173,315,206499,,,Aleksandar Kovacevic,R,183,USA,26.99,71,862,6-4 7-5 7-6(4),5,R128,148,22,1,103,56,42,32,17,4,6,10,9,100,62,48,18,17,5,9
2025-560,US Open,Hard,128,G,20250824,,200443,,,Adam Walton,R,183,AUS,26.35,85,763,200005,22,,Ugo Humbert,L,188,FRA,27.16,23,2085,6-4 7-6(4) 5-7 6-1,5,R128,175,15,5,118,69,61,29,21,2,3,19,8,132,74,58,29,20,3,6
2025-560,US Open,Hard,128,G,20250824,,207733,5,,Jack Draper,L,193,GBR,23.67,5,4440,144870,,,Federico Agustin Gomez,R,191,ARG,28.74,203,268,6-4 7-5 6-7(7) 6-2,5,R128,185,14,5,133,81,65,28,21,2,4,15,6,129,81,55,25,21,5,11
2025-560,US Open,Hard,128,G,20250824,,207681,,,Francisco Comesana,R,178,ARG,24.88,54,962,210506,28,,Alex Michelsen,R,193,USA,21,32,1525,1-6 6-3 6-4 6-4,5,R128,159,9,7,110,55,45,20,18,5,9,4,5,106,72,48,18,18,4,9
2025-560,US Open,Hard,128,G,20250824,,209920,,,Raphael Collignon,R,191,BEL,23.61,107,583,123755,,,Daniel Elahi Galan,R,191,COL,29.18,131,480,6-4 6-4 6-4,5,R128,140,6,5,95,58,42,23,15,5,6,8,6,106,59,42,21,15,7,11
2025-560,US Open,Hard,128,G,20250824,,211663,,,Joao Fonseca,R,188,BRA,19.01,45,1095,200175,,,Miomir Kecmanovic,R,183,SRB,25.98,42,1126,7-6(3) 7-6(5) 6-3,5,R128,148,14,0,101,63,47,24,16,1,3,6,6,124,69,51,24,17,5,9
2025-560,US Open,Hard,128,G,20250824,,126207,17,,Frances Tiafoe,R,188,USA,27.59,17,2340,106415,,,Yoshihito Nishioka,L,170,JPN,29.91,149,399,6-3 7-6(6) 6-3,5,R128,149,19,2,108,64,50,20,16,4,6,5,0,101,64,39,16,14,8,12
2025-560,US Open,Hard,128,G,20250824,,207925,24,,Flavio Cobolli,R,183,ITA,23.3,26,2040,208859,,,Francesco Passaro,R,180,ITA,24.63,120,524,7-5 4-6 6-4 3-6 6-3,5,R128,226,7,15,161,65,47,51,25,9,15,15,12,163,95,68,28,25,11,18
2025-560,US Open,Hard,128,G,20250824,,208233,,,Mattia Bellucci,L,175,ITA,24.23,65,914,209992,,,Juncheng Shang,L,180,CHN,20.56,111,550,7-6(0) 1-6 6-3 3-0 RET,5,R128,174,12,4,106,65,44,21,15,12,16,3,7,123,71,43,23,16,6,11
2025-560,US Open,Hard,128,G,20250824,,144719,,,Jaume Munar,R,183,ESP,28.3,44,1117,210262,,,Jaime Faria,R,188,POR,22.05,117,530,6-0 6-3 5-7 6-2,5,R128,166,5,7,117,83,59,13,18,5,9,3,5,95,49,31,17,17,4,13
2025-560,US Open,Hard,128,G,20250824,,111575,9,,Karen Khachanov,R,198,RUS,29.26,9,3240,210460,,,Nishesh Basavareddy,R,180,USA,20.31,104,604,6-7(5) 6-3 7-5 6-1,5,R128,192,19,6,125,76,61,25,20,8,10,3,5,129,68,44,31,20,1,8
2025-560,US Open,Hard,128,G,20250824,,208029,11,,Holger Rune,R,188,DEN,22.32,11,3050,122298,,,Botic van de Zandschulp,R,191,NED,29.89,73,849,6-3 7-6(4) 7-6(2),5,R128,182,9,7,121,66,45,32,17,2,5,6,11,110,64,45,18,16,5,9
2025-560,US Open,Hard,128,G,20250824,,126094,15,,Andrey Rublev,R,188,RUS,27.84,15,2610,209976,,,Dino Prizmic,R,188,CRO,20.05,124,514,6-4 6-4 6-4,5,R128,121,9,3,87,43,36,27,15,3,3,6,5,78,46,32,18,15,0,3
2025-560,US Open,Hard,128,G,20250824,,B0EJ,,,Tristan Boyer,R,188,USA,24.34,113,546,105902,,,James Duckworth,R,183,AUS,33.59,106,584,6-3 7-5 6-4,5,R128,124,3,3,87,42,34,24,16,0,3,4,8,92,50,35,15,15,6,12
2025-560,US Open,Hard,128,G,20250824,,202385,,,Jenson Brooksby,R,193,USA,24.83,92,687,126846,,,Aleksandar Vukic,R,188,AUS,29.38,95,668,6-3 6-7(4) 6-4 3-6 6-4,5,R128,229,11,9,168,101,69,32,24,11,17,18,7,168,97,70,29,26,11,20
2025-560,US Open,Hard,128,G,20250824,,111794,,,Kamil Majchrzak,R,183,POL,29.61,76,819,106198,,,Hugo Dellien,R,180,BOL,32.19,121,524,6-1 6-4 6-7(5) 6-4,5,R128,190,18,4,141,83,57,26,20,11,16,4,8,149,96,55,22,19,16,25
2025-560,US Open,Hard,128,G,20250824,,105526,,,Jan-Lennard Struff,R,193,GER,35.33,144,428,111456,,,Mackenzie McDonald,R,178,USA,30.36,100,642,3-6 7-6(4) 6-3 6-3,5,R128,174,18,14,130,64,57,26,19,4,7,8,12,132,71,49,27,20,3,8
2025-560,US Open,Hard,128,G,20250824,,134770,12,,Casper Ruud,R,183,NOR,26.67,12,2905,124116,,,Sebastian Ofner,R,191,AUT,29.28,140,453,6-1 6-2 7-6(5),5,R128,116,9,2,90,50,41,24,14,4,4,12,5,89,45,36,17,13,1,5
2025-560,US Open,Hard,128,G,20250824,,209113,31,,Gabriel Diallo,R,203,CAN,23.92,33,1388,106000,,,Damir Dzumhur,R,175,BIH,33.26,61,933,7-6(4) 4-6 7-5 7-5,5,R128,201,17,2,136,91,67,27,23,2,5,0,7,149,105,73,24,23,6,10
2025-560,US Open,Hard,128,G,20250824,,207989,2,,Carlos Alcaraz,R,183,ESP,22.31,2,9590,124187,,,Reilly Opelka,R,211,USA,27.99,67,895,6-4 7-5 6-4,5,R128,127,4,6,84,58,50,16,16,3,3,14,9,105,66,49,16,16,8,11
2025-560,US Open,Hard,128,G,20250824,,206173,1,,Jannik Sinner,R,191,ITA,24.02,1,11480,200240,,,Vit Kopriva,R,178,CZE,28.19,89,732,6-1 6-1 6-2,5,R128,100,7,1,68,40,33,15,11,2,2,4,8,63,32,19,8,11,3,10
2025-560,US Open,Hard,128,G,20250824,,207518,10,,Lorenzo Musetti,R,185,ITA,23.48,10,3205,208659,,,Giovanni Mpetshi Perricard,R,203,FRA,22.13,37,1275,6-7(3) 6-3 6-4 6-4,5,R128,156,13,1,100,68,59,28,21,0,0,13,10,125,74,63,26,20,5,8
2025-560,US Open,Hard,128,G,20250824,,202103,19,,Francisco Cerundolo,R,185,ARG,27.03,19,2135,208286,,,Matteo Arnaldi,R,185,ITA,24.5,64,915,3-6 2-6 7-5 6-4 6-3,5,R128,225,3,7,146,78,55,38,24,9,14,10,4,138,71,48,37,24,4,9
2025-560,US Open,Hard,128,G,20250824,,122330,23,,Alexander Bublik,R,196,KAZ,28.19,24,2055,105227,,,Marin Cilic,R,198,CRO,36.9,62,922,6-4 6-1 6-4,5,R128,114,16,4,79,44,42,16,14,2,2,5,2,78,42,31,15,13,5,9
2025-560,US Open,Hard,128,G,20250824,,133430,27,,Denis Shapovalov,L,185,CAN,26.36,29,1748,105916,,,Marton Fucsovics,R,188,HUN,33.54,63,916,6-4 6-4 6-0,5,R128,123,8,5,79,40,27,22,13,4,7,1,8,86,48,28,11,13,3,11
2025-560,US Open,Hard,128,G,20250824,,105676,,,David Goffin,R,180,BEL,34.71,80,784,111460,,,Quentin Halys,R,191,FRA,28.83,70,873,6-7(2) 6-4 6-3 7-5,5,R128,195,6,11,149,72,46,41,22,10,16,13,17,159,81,56,32,21,13,22
2025-560,US Open,Hard,128,G,20250824,,208278,,,Shintaro Mochizuki,R,175,JPN,22.23,112,550,200384,,,Hugo Gaston,L,173,FRA,24.91,125,513,6-4 6-3 6-4,5,R128,119,4,5,85,40,28,22,14,6,11,2,4,96,56,29,16,15,14,23
2025-560,US Open,Hard,128,G,20250824,,200615,,,Alexei Popyrin,R,196,AUS,26.05,36,1290,200325,,,Emil Ruusuvuori,R,188,FIN,26.4,752,36,6-3 6-4 7-6(3),5,R128,134,19,3,85,53,46,17,16,0,3,4,9,110,64,41,21,15,9,14
2025-560,US Open,Hard,128,G,20250824,,209857,,,Leandro Riedi,R,191,SUI,23.57,435,104,124079,,,Pedro Martinez,R,185,ESP,28.33,66,913,6-4 6-2 6-3,5,R128,130,15,4,83,55,44,15,13,8,8,0,10,101,53,34,21,14,10,15
2025-560,US Open,Hard,128,G,20250824,,R0EB,,,Valentin Royer,R,188,FRA,24.24,98,643,207352,,,Yunchaokete Bu,R,185,CHN,23.59,74,841,6-1 6-4 7-6(1),5,R128,137,12,1,95,63,51,18,15,5,5,11,3,90,50,37,20,14,1,4
2025-560,US Open,Hard,128,G,20250824,,200000,25,,Felix Auger-Aliassime,R,193,CAN,25.04,27,1965,126129,,,Billy Harris,R,193,GBR,30.58,151,382,6-4 7-6(8) 6-4,5,R128,177,10,5,107,72,53,17,16,7,10,0,2,110,69,45,20,16,3,8
2025-560,US Open,Hard,128,G,20250824,,126774,26,,Stefanos Tsitsipas,R,193,GRE,27.03,28,1790,124186,,,Alexandre Muller,R,183,FRA,28.56,38,1208,4-6 6-0 6-1 7-6(5),5,R128,138,16,3,105,62,43,25,18,5,7,4,5,111,75,49,14,17,9,15
2025-560,US Open,Hard,128,G,20250824,,127157,,,Daniel Altmaier,R,188,GER,26.949,56,952,209098,,,Hamad Medjedovic,R,188,SRB,22.103,57,950,7-5 6-7(3) 7-6(7) 6-7(5) 6-4,5,R128,289,24,3,181,118,95,30,29,1,4,28,11,197,122,100,32,29,12,17
2025-560,US Open,Hard,128,G,20250824,,132686,,,Nuno Borges,R,185,POR,28.509,41,1145,200587,,,Brandon Holt,R,185,USA,27.384,110,554,6-4 6-2 6-3,5,R128,110,10,4,83,54,42,15,14,2,4,5,0,87,46,28,18,13,11,17
2025-560,US Open,Hard,128,G,20250824,,126128,,,Roman Safiullin,R,185,RUS,28.047,94,676,104792,,,Gael Monfils,R,193,FRA,38.979,49,1015,6-4 2-6 6-1 3-6 6-4,5,R128,164,8,3,119,82,60,14,22,1,7,15,10,117,59,44,26,22,5,12
2025-560,US Open,Hard,128,G,20250824,,209262,,,Tristan Schoolkate,R,183,AUS,24.49,96,654,132283,,,Lorenzo Sonego,R,191,ITA,30.289,46,1090,6-3 7-6(8) 1-6 1-6 7-6(6),5,R128,261,10,11,159,91,69,34,24,8,14,20,9,177,107,78,38,23,12,14
2025-560,US Open,Hard,128,G,20250824,,200282,8,,Alex de Minaur,R,183,AUS,26.516,8,3545,106331,,,Christopher O'Connell,R,183,AUS,31.225,81,784,6-3 6-4 6-4,5,R128,114,10,1,78,41,37,24,15,0,0,7,1,93,60,44,15,14,8,11
2025-560,US Open,Hard,128,G,20250824,,100644,3,,Alexander Zverev,R,198,GER,28.345,3,6230,126214,,,Alejandro Tabilo,L,188,CHI,28.227,122,517,6-2 7-6(4) 6-4,5,R128,129,9,3,100,67,54,20,15,6,6,8,2,86,54,43,16,15,2,5
2025-560,US Open,Hard,128,G,20250824,,126205,14,,Tommy Paul,R,185,USA,28.271,14,2610,209284,,,Elmer Moller,R,183,DEN,22.127,109,560,6-3 6-3 6-1,5,R128,109,4,3,73,37,31,23,13,0,0,1,12,83,41,28,18,12,5,10
2025-560,US Open,Hard,128,G,20250824,,207985,,,Jacob Fearnley,R,183,GBR,24.11,60,939,105138,,,Roberto Bautista Agut,R,183,ESP,37.361,47,1075,7-5 6-2 5-7 6-4,5,R128,206,20,18,148,74,63,32,21,11,15,2,9,133,84,52,22,21,5,12
2025-560,US Open,Hard,128,G,20250824,,208103,20,,Jiri Lehecka,R,185,CZE,23.792,21,2115,144869,,,Tomas Martin Etcheverry,R,196,ARG,26.103,59,940,3-6 6-0 6-2 6-4,5,R64,157,12,4,88,66,50,13,17,1,3,5,6,114,67,40,23,16,8,14
2025-560,US Open,Hard,128,G,20250824,,200267,,,Zizou Bergs,R,185,BEL,26.226,48,1039,207733,5,,Jack Draper,L,193,GBR,23.671,5,4440,W/O,5,R64,,,,,,,,,,,,,,,,,,,
2025-560,US Open,Hard,128,G,20250824,,104925,7,,Novak Djokovic,R,188,SRB,38.259,7,4130,208260,,,Zachary Svajda,R,175,USA,22.735,145,421,6-7(5) 6-3 6-3 6-1,5,R64,154,10,4,104,62,52,27,19,2,3,8,3,115,84,54,16,18,9,15
2025-560,US Open,Hard,128,G,20250824,,207830,21,,Tomas Machac,R,183,CZE,24.862,22,2110,211663,,,Joao Fonseca,R,188,BRA,19.009,45,1095,7-6(4) 6-2 6-3,5,R64,121,3,2,93,59,47,21,15,4,4,9,4,79,55,40,14,14,3,6
2025-560,US Open,Hard,128,G,20250824,,208843,,,Jerome Kym,R,198,SUI,22.53,175,309,206909,30,,Brandon Nakashima,R,188,USA,24.057,31,1570,4-6 7-6(2) 7-5 3-6 7-6(8),5,R64,265,28,5,171,114,81,31,27,6,11,22,9,198,130,97,32,28,10,14
2025-560,US Open,Hard,128,G,20250824,,126203,4,,Taylor Fritz,R,196,USA,27.822,4,5575,144750,,,Lloyd Harris,R,193,RSA,28.496,353,139,4-6 7-6(3) 6-2 6-4,5,R64,203,17,3,135,85,64,24,20,5,8,10,6,147,80,57,27,20,9,14
2025-560,US Open,Hard,128,G,20250824,,209920,,,Raphael Collignon,R,191,BEL,23.611,107,583,134770,12,,Casper Ruud,R,183,NOR,26.672,12,2905,6-4 3-6 3-6 6-4 7-5,5,R64,214,18,17,161,98,68,26,25,7,13,12,3,140,83,61,29,25,7,13
2025-560,US Open,Hard,128,G,20250824,,126127,,,Benjamin Bonzi,R,183,FRA,29.207,51,999,106218,,,Marcos Giron,R,180,USA,32.085,55,960,2-6 4-6 7-5 6-3 6-4,5,R64,223,12,7,166,144,92,9,25,10,15,7,3,154,140,88,8,24,10,15
2025-560,US Open,Hard,128,G,20250824,,126207,17,,Frances Tiafoe,R,188,USA,27.592,17,2340,102093,,,Martin Damm,L,203,USA,21.902,431,106,6-4 7-5 6-7(8) 7-5,5,R64,179,13,1,123,81,69,31,23,3,3,27,7,142,89,69,31,23,6,9
2025-560,US Open,Hard,128,G,20250824,,126239,,,Arthur Rinderknech,R,196,FRA,30.089,82,782,200221,18,,Alejandro Davidovich Fokina,R,180,ESP,26.22,18,2185,6-4 3-6 2-6 6-2 6-3,5,R64,196,8,9,132,82,58,24,22,7,12,6,5,130,83,58,25,22,7,13
2025-560,US Open,Hard,128,G,20250824,,111815,,,Cameron Norrie,L,188,GBR,30.004,35,1297,207681,,,Francisco Comesana,R,178,ARG,24.882,54,962,7-6(5) 6-3 6-7(0) 7-6(4),5,R64,243,8,6,165,124,78,19,22,14,20,16,12,170,117,71,24,23,12,20
2025-560,US Open,Hard,128,G,20250824,,200259,,,Ugo Blanchet,R,175,FRA,26.634,184,295,210150,16,,Jakub Mensik,R,196,CZE,19.978,16,2430,6-7(2) 7-6(5) 3-6 6-4 7-6(7),5,R64,268,13,10,184,136,99,21,27,5,9,29,12,184,138,97,25,28,3,7
2025-560,US Open,Hard,128,G,20250824,,209260,32,,Luciano Darderi,R,183,ITA,23.524,34,1379,208118,,,Eliot Spizzirri,R,185,USA,23.669,127,493,6-0 7-6(3) 2-6 6-4,5,R64,153,12,7,111,63,49,26,18,3,6,11,1,104,70,44,19,18,1,6
2025-560,US Open,Hard,128,G,20250824,,210097,6,,Ben Shelton,L,193,USA,22.875,6,4280,105807,,,Pablo Carreno Busta,R,188,ESP,34.119,137,468,6-4 6-2 6-4,5,R64,119,8,2,78,52,38,14,14,2,4,14,2,85,58,34,10,0,1,7
2025-560,US Open,Hard,128,G,20250824,,207989,2,,Carlos Alcaraz,R,183,ESP,22.305,2,9590,208233,,,Mattia Bellucci,L,175,ITA,24.23,65,914,6-1 6-0 6-3,5,R64,98,7,2,58,35,30,15,11,0,0,2,2,83,52,22,17,11,10,17
2025-560,US Open,Hard,128,G,20250824,,105526,,,Jan-Lennard Struff,R,193,GER,35.332,144,428,208029,11,,Holger Rune,R,188,DEN,22.322,11,3050,7-6(5) 2-6 6-3 4-6 7-5,5,R64,208,28,5,159,93,74,33,26,4,8,13,5,159,105,83,24,25,6,9
2025-560,US Open,Hard,128,G,20250824,,105173,,,Adrian Mannarino,L,180,FRA,37.153,77,811,111442,,,Jordan Thompson,R,183,AUS,31.346,58,945,6-4 6-7(5) 6-3 6-3,5,R64,213,6,3,129,113,79,9,20,8,9,10,3,136,122,75,9,20,7,12
2025-560,US Open,Hard,128,G,20250824,,207518,10,,Lorenzo Musetti,R,185,ITA,23.477,10,3205,105676,,,David Goffin,R,180,BEL,34.713,80,784,6-4 6-0 6-2,5,R64,123,4,2,85,54,35,18,12,9,11,3,8,71,30,17,13,12,4,12
2025-560,US Open,Hard,128,G,20250824,,126094,15,,Andrey Rublev,R,188,RUS,27.844,15,2610,B0EJ,,,Tristan Boyer,R,188,USA,24.342,113,546,6-3 6-3 5-7 7-6(4),5,R64,178,21,5,132,83,66,23,21,4,7,7,6,133,72,51,32,21,6,11
2025-560,US Open,Hard,128,G,20250824,,209409,,,Coleman Wong,R,191,HKG,21.216,173,315,200443,,,Adam Walton,R,183,AUS,26.355,85,763,7-6(5) 6-2 4-6 6-4,5,R64,182,21,5,130,71,53,30,20,11,16,7,6,136,78,49,26,20,8,15
2025-560,US Open,Hard,128,G,20250824,,206173,1,,Jannik Sinner,R,191,ITA,24.022,1,11480,200615,,,Alexei Popyrin,R,196,AUS,26.053,36,1290,6-3 6-2 6-2,5,R64,123,6,4,82,45,35,22,13,5,5,6,4,75,45,27,10,12,4,9
2025-560,US Open,Hard,128,G,20250824,,111794,,,Kamil Majchrzak,R,183,POL,29.613,76,819,111575,9,,Karen Khachanov,R,198,RUS,29.259,9,3240,2-6 6-7(4) 6-4 7-5 7-6(5),5,R64,275,14,5,218,142,100,37,27,13,17,22,12,174,116,90,24,27,5,9
2025-560,US Open,Hard,128,G,20250824,,209857,,,Leandro Riedi,R,191,SUI,23.573,435,104,202103,19,,Francisco Cerundolo,R,185,ARG,27.031,19,2135,3-6 4-6 6-4 6-4 6-2,5,R64,217,15,7,139,72,50,38,23,2,7,4,12,178,107,73,31,24,14,21
2025-560,US Open,Hard,128,G,20250824,,207925,24,,Flavio Cobolli,R,183,ITA,23.302,26,2040,202385,,,Jenson Brooksby,R,193,USA,24.827,92,687,5-7 6-3 6-4 2-6 7-6(3),5,R64,192,4,8,204,113,69,53,26,16,22,5,6,154,92,69,29,25,9,14
2025-560,US Open,Hard,128,G,20250824,,133430,27,,Denis Shapovalov,L,185,CAN,26.36,29,1748,R0EB,,,Valentin Royer,R,188,FRA,24.238,98,643,7-6(6) 3-6 7-6(4) 6-3,5,R64,219,29,15,133,71,58,27,20,8,13,7,10,167,100,63,34,22,8,14
2025-560,US Open,Hard,128,G,20250824,,122330,23,,Alexander Bublik,R,196,KAZ,28.186,24,2055,209262,,,Tristan Schoolkate,R,183,AUS,24.49,96,654,6-3 6-3 6-3,5,R64,105,16,6,90,67,52,9,14,4,4,5,5,79,52,31,16,13,2,6
2025-560,US Open,Hard,128,G,20250824,,144719,,,Jaume Munar,R,183,ESP,28.304,44,1117,209113,31,,Gabriel Diallo,R,203,CAN,23.915,33,1388,7-5 6-3 7-5,5,R64,158,0,4,108,77,50,16,17,6,10,7,3,104,70,45,10,16,6,13
2025-560,US Open,Hard,128,G,20250824,,200282,8,,Alex de Minaur,R,183,AUS,26.516,8,3545,208278,,,Shintaro Mochizuki,R,175,JPN,22.229,112,550,6-2 6-4 6-2,5,R64,122,6,4,92,58,40,17,13,12,14,5,8,85,37,23,17,13,2,9
2025-560,US Open,Hard,128,G,20250824,,126205,14,,Tommy Paul,R,185,USA,28.271,14,2610,132686,,,Nuno Borges,R,185,POR,28.509,41,1145,7-6(6) 6-3 5-7 5-7 7-5,5,R64,268,11,6,176,100,69,43,28,9,16,8,5,185,133,90,20,29,10,18
2025-560,US Open,Hard,128,G,20250824,,100644,3,,Alexander Zverev,R,198,GER,28.345,3,6230,207985,,,Jacob Fearnley,R,183,GBR,24.11,60,939,6-4 6-4 6-4,5,R64,148,9,4,102,70,48,15,15,3,5,4,12,96,69,46,8,15,9,14
2025-560,US Open,Hard,128,G,20250824,,200000,25,,Felix Auger-Aliassime,R,193,CAN,25.043,27,1965,126128,,,Roman Safiullin,R,185,RUS,28.047,94,676,6-1 7-6(4) 7-6(5),5,R64,178,14,5,106,74,59,17,16,6,7,4,9,129,86,59,17,15,10,13
2025-560,US Open,Hard,128,G,20250824,,127157,,,Daniel Altmaier,R,188,GER,26.949,56,952,126774,26,,Stefanos Tsitsipas,R,193,GRE,27.034,28,1790,7-6(5) 1-6 4-6 6-3 7-5,5,R64,266,15,8,174,111,80,27,25,8,13,17,12,163,91,74,32,25,5,9
2025-560,US Open,Hard,128,G,20250824,,208103,20,,Jiri Lehecka,R,185,CZE,23.792,21,2115,209920,,,Raphael Collignon,R,191,BEL,23.611,107,583,6-4 6-4 6-4,5,R32,132,3,2,83,42,34,21,15,5,8,11,14,114,72,53,8,15,11,17
2025-560,US Open,Hard,128,G,20250824,,126239,,,Arthur Rinderknech,R,196,FRA,30.089,82,782,126127,,,Benjamin Bonzi,R,183,FRA,29.207,51,999,4-6 6-3 6-3 6-2,5,R32,161,15,3,112,75,59,20,18,4,5,2,2,101,65,45,19,18,1,6
2025-560,US Open,Hard,128,G,20250824,,207989,2,,Carlos Alcaraz,R,183,ESP,22.305,2,9590,209260,32,,Luciano Darderi,R,183,ITA,23.524,34,1379,6-2 6-4 6-0,5,R32,104,9,1,70,49,39,11,12,2,3,5,8,78,42,26,10,12,11,18
2025-560,US Open,Hard,128,G,20250824,,105173,,,Adrian Mannarino,L,180,FRA,37.153,77,811,210097,6,,Ben Shelton,L,193,USA,22.875,6,4280,3-6 6-3 4-6 6-4 RET,5,R32,183,4,3,130,80,58,25,19,7,10,11,3,107,80,61,11,19,6,9
2025-560,US Open,Hard,128,G,20250824,,105526,,,Jan-Lennard Struff,R,193,GER,35.332,144,428,126207,17,,Frances Tiafoe,R,188,USA,27.592,17,2340,6-4 6-3 7-6(7),5,R32,131,14,4,84,53,47,14,15,0,2,15,5,112,63,44,23,16,5,10
2025-560,US Open,Hard,128,G,20250824,,126203,4,,Taylor Fritz,R,196,USA,27.822,4,5575,208843,,,Jerome Kym,R,198,SUI,22.53,175,309,7-6(3) 6-7(9) 6-4 6-4,5,R32,181,20,1,127,79,66,29,22,1,2,16,5,129,69,55,34,22,3,6
2025-560,US Open,Hard,128,G,20250824,,104925,7,,Novak Djokovic,R,188,SRB,38.259,7,4130,111815,,,Cameron Norrie,L,188,GBR,30.004,35,1297,6-4 6-7(4) 6-2 6-3,5,R32,169,18,6,104,75,61,20,20,0,1,9,4,127,98,63,15,19,7,12
2025-560,US Open,Hard,128,G,20250824,,207830,21,,Tomas Machac,R,183,CZE,24.862,22,2110,200259,,,Ugo Blanchet,R,175,FRA,26.634,184,295,7-5 6-3 6-1,5,R32,109,6,2,77,47,35,18,14,3,5,4,6,85,43,24,16,14,2,9
2025-560,US Open,Hard,128,G,20250824,,207518,10,,Lorenzo Musetti,R,185,ITA,23.477,10,3205,207925,24,,Flavio Cobolli,R,183,ITA,23.302,26,2040,6-3 6-2 2-0 RET,5,R32,96,3,5,62,34,25,16,10,5,6,0,2,57,37,20,5,9,4,9
2025-560,US Open,Hard,128,G,20250824,,206173,1,,Jannik Sinner,R,191,ITA,24.022,1,11480,133430,27,,Denis Shapovalov,L,185,CAN,26.36,29,1748,5-7 6-4 6-3 6-3,5,R32,194,2,5,110,65,55,22,20,3,6,15,9,126,70,49,26,20,7,13
2025-560,US Open,Hard,128,G,20250824,,200282,8,,Alex de Minaur,R,183,AUS,26.516,8,3545,127157,,,Daniel Altmaier,R,188,GER,26.949,56,952,6-7(7) 6-3 6-4 2-0 RET,5,R32,180,11,5,111,59,45,35,17,6,6,4,3,110,56,35,33,16,4,7
2025-560,US Open,Hard,128,G,20250824,,126094,15,,Andrey Rublev,R,188,RUS,27.844,15,2610,209409,,,Coleman Wong,R,191,HKG,21.216,173,315,2-6 6-4 6-3 4-6 6-3,5,R32,190,15,8,139,72,57,36,23,3,6,25,4,142,89,63,27,23,7,11
2025-560,US Open,Hard,128,G,20250824,,144719,,,Jaume Munar,R,183,ESP,28.304,44,1117,200267,,,Zizou Bergs,R,185,BEL,26.226,48,1039,6-1 6-4 6-4,5,R32,131,1,2,82,57,39,12,14,3,7,3,8,84,47,27,10,13,5,13
2025-560,US Open,Hard,128,G,20250824,,209857,,,Leandro Riedi,R,191,SUI,23.573,435,104,111794,,,Kamil Majchrzak,R,183,POL,29.613,76,819,5-3 RET,5,R32,33,1,1,26,16,10,3,4,2,4,0,0,23,19,9,0,4,0,3
2025-560,US Open,Hard,128,G,20250824,,200000,25,,Felix Auger-Aliassime,R,193,CAN,25.043,27,1965,100644,3,,Alexander Zverev,R,198,GER,28.345,3,6230,4-6 7-6(7) 6-4 6-4,5,R32,196,10,8,130,85,65,28,21,7,9,12,5,133,107,69,17,0,3,6
2025-560,US Open,Hard,128,G,20250824,,122330,23,,Alexander Bublik,R,196,KAZ,28.186,24,2055,126205,14,,Tommy Paul,R,185,USA,28.271,14,2610,7-6(5) 6-7(4) 6-3 6-7(5) 6-1,5,R32,219,22,12,180,115,94,32,27,6,6,10,4,160,97,73,35,26,5,8
2025-560,US Open,Hard,128,G,20250824,,208103,20,,Jiri Lehecka,R,185,CZE,23.792,21,2115,105173,,,Adrian Mannarino,L,180,FRA,37.153,77,811,7-6(4) 6-4 2-6 6-2,5,R16,196,18,10,117,83,58,11,19,2,7,4,4,137,91,54,21,19,11,17
2025-560,US Open,Hard,128,G,20250824,,207989,2,,Carlos Alcaraz,R,183,ESP,22.305,2,9590,126239,,,Arthur Rinderknech,R,196,FRA,30.089,82,782,7-6(3) 6-3 6-4,5,R16,134,6,1,86,57,48,22,16,2,2,11,4,89,56,44,15,15,3,5
2025-560,US Open,Hard,128,G,20250824,,126203,4,,Taylor Fritz,R,196,USA,27.822,4,5575,207830,21,,Tomas Machac,R,183,CZE,24.862,22,2110,6-4 6-3 6-3,5,R16,99,14,2,69,49,42,14,14,0,0,4,3,81,60,40,10,14,4,8
2025-560,US Open,Hard,128,G,20250824,,104925,7,,Novak Djokovic,R,188,SRB,38.259,7,4130,105526,,,Jan-Lennard Struff,R,193,GER,35.332,144,428,6-3 6-3 6-2,5,R16,111,12,0,74,54,41,12,13,0,1,6,6,78,42,26,15,13,2,8
2025-560,US Open,Hard,128,G,20250824,,200282,8,,Alex de Minaur,R,183,AUS,26.516,8,3545,209857,,,Leandro Riedi,R,191,SUI,23.573,435,104,6-3 6-2 6-1,5,R16,93,9,3,77,48,35,14,12,4,6,3,9,70,36,17,12,12,7,15
2025-560,US Open,Hard,128,G,20250824,,207518,10,,Lorenzo Musetti,R,185,ITA,23.477,10,3205,144719,,,Jaume Munar,R,183,ESP,28.304,44,1117,6-3 6-0 6-1,5,R16,98,7,4,65,33,27,21,11,4,4,2,5,56,27,13,12,11,1,8
2025-560,US Open,Hard,128,G,20250824,,200000,25,,Felix Auger-Aliassime,R,193,CAN,25.043,27,1965,126094,15,,Andrey Rublev,R,188,RUS,27.844,15,2610,7-5 6-3 6-4,5,R16,137,13,4,91,60,50,17,16,3,4,6,4,93,50,35,21,15,3,7
2025-560,US Open,Hard,128,G,20250824,,206173,1,,Jannik Sinner,R,191,ITA,24.022,1,11480,122330,23,,Alexander Bublik,R,196,KAZ,28.186,24,2055,6-1 6-1 6-1,5,R16,83,8,1,53,31,25,16,10,1,1,2,13,79,47,28,6,11,9,17
2025-560,US Open,Hard,128,G,20250824,,207989,2,,Carlos Alcaraz,R,183,ESP,22.305,2,9590,208103,20,,Jiri Lehecka,R,185,CZE,23.792,21,2115,6-4 6-2 6-4,5,QF,118,5,2,71,45,38,19,14,0,0,4,4,86,55,37,14,14,5,9
2025-560,US Open,Hard,128,G,20250824,,104925,7,,Novak Djokovic,R,188,SRB,38.259,7,4130,126203,4,,Taylor Fritz,R,196,USA,27.822,4,5575,6-3 7-5 3-6 6-4,5,QF,207,10,8,139,88,63,28,20,11,13,12,5,117,66,54,24,20,5,9
2025-560,US Open,Hard,128,G,20250824,,200000,25,,Felix Auger-Aliassime,R,193,CAN,25.043,27,1965,200282,8,,Alex de Minaur,R,183,AUS,26.516,8,3545,4-6 7-6(7) 7-5 7-6(4),5,QF,253,22,11,148,95,78,17,23,6,10,8,11,163,71,54,46,23,5,9
2025-560,US Open,Hard,128,G,20250824,,206173,1,,Jannik Sinner,R,191,ITA,24.022,1,11480,207518,10,,Lorenzo Musetti,R,185,ITA,23.477,10,3205,6-1 6-4 6-2,5,QF,120,10,0,75,46,42,14,13,7,7,2,1,66,41,30,8,12,1,6
2025-560,US Open,Hard,128,G,20250824,,207989,2,,Carlos Alcaraz,R,183,ESP,22.305,2,9590,104925,7,,Novak Djokovic,R,188,SRB,38.259,7,4130,6-4 7-6(4) 6-2,5,SF,146,7,2,89,50,42,21,15,0,1,4,5,93,56,37,18,15,3,7
2025-560,US Open,Hard,128,G,20250824,,206173,1,,Jannik Sinner,R,191,ITA,24.022,1,11480,200000,25,,Felix Auger-Aliassime,R,193,CAN,25.043,27,1965,6-1 3-6 6-3 6-4,5,SF,199,11,4,109,64,49,28,18,9,10,9,5,111,75,54,15,17,7,11
2025-560,US Open,Hard,128,G,20250824,,207989,2,,Carlos Alcaraz,R,183,ESP,22.305,2,9590,206173,1,,Jannik Sinner,R,191,ITA,24.022,1,11480,6-2 3-6 6-1 6-4,5,F,164,10,0,89,54,45,19,17,0,1,2,4,112,54,37,28,17,6,11
2025-M-DC-2025-WG1-R1-KOR-KAZ-01,Davis Cup WG1 R1: KOR vs KAZ,Hard,4,D,20250912,1,207686,,,Alexander Shevchenko,R,188,KAZ,24.786,97,652,111202,,,Hyeon Chung,R,188,KOR,29.317,379,132,6-4 6-3,3,RR,97,4,3,58,35,22,11,10,4,8,1,6,54,32,20,5,9,1,7
2025-M-DC-2025-WG1-R1-KOR-KAZ-01,Davis Cup WG1 R1: KOR vs KAZ,Hard,4,D,20250912,2,KF17,,,Soonwoo Kwon,R,180,KOR,27.778,478,89,122330,,,Alexander Bublik,R,196,KAZ,28.238,19,2245,7-6(6) 3-0 RET,3,RR,68,10,2,49,27,24,16,8,4,1,13,3,44,30,25,6,7,0,4
2025-M-DC-2025-WG1-R1-KOR-KAZ-01,Davis Cup WG1 R1: KOR vs KAZ,Hard,4,D,20250912,3,111202,,,Hyeon Chung,R,188,KOR,29.317,379,132,122078,,,Dmitry Popko,R,191,KAZ,28.884,220,251,6-3 7-5,3,RR,107,4,3,63,63,42,0,9,5,7,3,1,56,55,32,0,6,0,7
2025-M-DC-2025-WG1-R1-CAN-ISR-01,Davis Cup WG1 R1: ISR vs CAN,Hard,4,D,20250912,1,209113,,,Gabriel Diallo,R,203,CAN,23.967,35,1308,131951,,,Daniel Cukierman,R,,ISR,30.179,1178,8,6-1 6-2,3,RR,65,7,1,41,35,28,4,8,0,0,0,3,48,29,15,5,7,4,8
2025-M-DC-2025-WG1-R1-CAN-ISR-01,Davis Cup WG1 R1: ISR vs CAN,Hard,4,D,20250912,2,D0DP,,,Liam Draxl,R,185,CAN,23.77,117,543,210039,,,Orel Kimhi,R,173,ISR,22.067,787,32,7-5 6-4,3,RR,129,8,6,82,56,42,10,11,4,7,2,1,77,54,32,10,11,5,9
2025-M-DC-2025-WG1-R1-CAN-ISR-01,Davis Cup WG1 R1: ISR vs CAN,Hard,4,D,20250912,3,H0D9,,,Cleeve Harper,R,183,CAN,24.717,1029,13,210039,,,Orel Kimhi,R,173,ISR,22.067,787,32,6-3 7-6(3),3,RR,109,2,2,67,50,34,15,10,3,6,1,2,69,53,31,6,10,4,9
2025-M-DC-2025-WG1-R1-PER-POR-01,Davis Cup WG1 R1: PER vs POR,Clay,4,D,20250912,1,208293,,,Gonzalo Bueno,R,173,PER,21.443,209,261,132686,,,Nuno Borges,R,185,POR,28.561,52,995,3-6 6-2 7-5,3,RR,145,1,3,103,66,42,23,14,9,11,3,0,80,58,38,13,15,4,8
2025-M-DC-2025-WG1-R1-PER-POR-01,Davis Cup WG1 R1: PER vs POR,Clay,4,D,20250912,2,209860,,,Ignacio Buse,R,183,PER,21.467,112,559,210262,,,Jaime Faria,R,188,POR,22.103,115,552,6-0 6-2,3,RR,69,4,1,45,31,23,9,7,4,4,1,3,44,24,14,6,7,3,8
2025-M-DC-2025-WG1-R1-PER-POR-01,Davis Cup WG1 R1: PER vs POR,Clay,4,D,20250912,3,209860,,,Ignacio Buse,R,183,PER,21.467,112,559,132686,,,Nuno Borges,R,185,POR,28.561,52,995,3-6 6-3 6-2,3,RR,107,3,0,66,45,37,11,13,2,4,0,0,81,61,39,10,13,3,7
2025-M-DC-2025-WG1-R1-SVK-COL-01,Davis Cup WG1 R1: SVK vs COL,Hard,4,D,20250912,1,144684,,,Alex Molcan,L,178,SVK,27.781,201,266,200711,,,Nicolas Mejia,R,183,COL,25.585,200,267,6-4 7-6(4),3,RR,146,0,1,66,46,31,13,11,2,5,0,1,94,61,40,14,11,9,13
2025-M-DC-2025-WG1-R1-SVK-COL-01,Davis Cup WG1 R1: SVK vs COL,Hard,4,D,20250912,2,202075,,,Adria Soriano Barrera,R,191,COL,26.281,331,152,127760,,,Lukas Klein,R,193,SVK,27.477,121,531,3-6 7-6(5) 7-6(5),3,RR,143,11,6,106,71,55,20,16,1,2,4,3,109,76,62,18,17,3,3
2025-M-DC-2025-WG1-R1-SVK-COL-01,Davis Cup WG1 R1: SVK vs COL,Hard,4,D,20250912,3,105613,,,Norbert Gombos,R,193,SVK,35.083,325,160,200711,,,Nicolas Mejia,R,183,COL,25.585,200,267,6-4 6-4,3,RR,96,6,0,53,39,31,10,10,0,0,6,3,63,42,29,9,10,3,5
2025-M-DC-2025-WG1-R1-SWE-TUN-01,Davis Cup WG1 R1: SWE vs TUN,Hard,4,D,20250912,1,121411,,,Moez Echargui,R,178,TUN,32.671,175,316,209863,,,Leo Borg,R,183,SWE,22.33,589,60,6-1 6-1,3,RR,62,6,1,40,24,18,9,7,2,3,1,4,48,24,10,3,7,2,8
2025-M-DC-2025-WG1-R1-SWE-TUN-01,Davis Cup WG1 R1: SWE vs TUN,Hard,4,D,20250912,2,W0BU,,,Olle Wallin,R,191,SWE,23.89,410,118,200297,,,Aziz Ouakaa,R,185,TUN,26.1,625,55,2-6 7-6(3) 6-3,3,RR,146,12,4,98,60,41,23,14,4,8,6,5,98,54,38,20,13,7,11
2025-M-DC-2025-WG1-R1-SWE-TUN-01,Davis Cup WG1 R1: SWE vs TUN,Hard,4,D,20250912,3,121411,,,Moez Echargui,R,178,TUN,32.671,175,316,W0BU,,,Olle Wallin,R,191,SWE,23.89,410,118,7-5 6-3,3,RR,105,8,4,71,33,25,19,11,4,6,0,10,66,38,23,12,6,4,10
2025-M-DC-2025-WG1-R1-SWE-TUN-01,Davis Cup WG1 R1: SWE vs TUN,Hard,4,D,20250912,4,209863,,,Leo Borg,R,183,SWE,22.33,589,60,200297,,,Aziz Ouakaa,R,185,TUN,26.1,625,55,6-4 6-3,3,RR,87,1,1,44,24,18,14,9,0,1,4,1,73,45,28,12,10,7,11
2025-M-DC-2025-WG1-R1-POL-GBR-01,Davis Cup WG1 R1: POL vs GBR,Hard,4,D,20250912,1,209259,,,Arthur Fery,R,175,GBR,23.17,227,247,210142,,,Olaf Pieczkowski,R,183,POL,21.448,484,87,6-4 6-2,3,RR,78,2,0,47,31,23,15,7,7,8,2,3,47,45,28,10,6,6,9
2025-M-DC-2025-WG1-R1-POL-GBR-01,Davis Cup WG1 R1: POL vs GBR,Hard,4,D,20250912,2,111815,,,Cameron Norrie,L,188,GBR,30.056,34,1397,B0P4,,,Tomasz Berkieta,R,191,POL,19.146,545,70,7-6(7) 6-4,3,RR,100,4,3,75,42,37,15,11,2,2,13,4,73,44,35,14,11,0,1
2025-M-DC-2025-WG1-R1-POL-GBR-01,Davis Cup WG1 R1: POL vs GBR,Hard,4,D,20250912,3,111815,,,Cameron Norrie,L,188,GBR,30.056,34,1397,210142,,,Olaf Pieczkowski,R,183,POL,21.448,484,87,6-4 6-4,3,RR,81,5,0,42,62,27,8,10,2,0,10,2,62,37,40,2,23,0,10
2025-M-DC-2025-WG1-R1-SRB-TUR-01,Davis Cup WG1 R1: SRB vs TUR,Hard,4,D,20250912,1,209098,,,Hamad Medjedovic,R,188,SRB,22.155,66,883,207129,,,Yanki Erel,L,178,TUR,24.964,433,106,6-7(7) 7-6(6) 3-1 RET,3,RR,173,14,4,109,73,56,21,14,9,10,15,3,93,61,50,17,14,5,7
2025-M-DC-2025-WG1-R1-SRB-TUR-01,Davis Cup WG1 R1: SRB vs TUR,Hard,4,D,20250912,2,200175,,,Miomir Kecmanovic,R,183,SRB,26.034,47,1086,144985,,,Ergi Kirkin,R,180,TUR,26.626,479,89,6-2 6-2,3,RR,61,6,0,42,29,25,8,8,0,0,6,2,54,37,22,6,8,6,10
2025-M-DC-2025-WG1-R1-SRB-TUR-01,Davis Cup WG1 R1: SRB vs TUR,Hard,4,D,20250912,3,A0DV,,,Arda Azkara,,,TUR,22.5,551,67,210025,,,Branko Djuric,R,188,SRB,20.586,461,93,5-7 7-6(3) [10-7],3,RR,116,5,1,75,43,32,17,20,0,1,12,5,74,46,36,14,20,6,8
2025-M-DC-2025-WG1-R1-SUI-IND-01,Davis Cup WG1 R1: SUI vs IND,Hard,4,D,20250912,1,S0DE,,,Dhakshineswar Suresh,R,196,IND,25.457,626,54,208843,,,Jerome Kym,R,198,SUI,22.582,155,387,5-7 6-3 6-3,3,RR,81,9,2,73,52,41,12,11,7,7,9,1,51,40,32,7,10,0,1
2025-M-DC-2025-WG1-R1-SUI-IND-01,Davis Cup WG1 R1: SUI vs IND,Hard,4,D,20250912,2,111576,,,Sumit Nagal,R,178,IND,28.074,290,179,HH06,,,Marc-Andrea Huesler,L,196,SUI,29.218,222,248,6-4 7-6(4),3,RR,108,3,1,64,52,41,4,10,2,2,5,2,84,47,33,17,11,7,9
2025-M-DC-2025-WG1-R1-SUI-IND-01,Davis Cup WG1 R1: SUI vs IND,Hard,4,D,20250912,3,111576,,,Sumit Nagal,R,178,IND,28.074,290,179,B0TP,,,Henry Bernet,R,191,SUI,18.631,603,57,6-3 6-1,3,RR,51,1,0,45,48,33,4,8,4,1,8,0,41,27,18,2,11,0,8
2025-M-DC-2025-WG1-R1-BUL-FIN-01,Davis Cup WG1 R1: BUL vs FIN,Clay,4,D,20250912,1,200325,,,Emil Ruusuvuori,R,188,FIN,26.448,677,46,I0BF,,,Ivan Ivanov,R,,BUL,16.868,934,19,6-2 6-2,3,RR,65,2,1,47,31,26,8,8,0,0,1,2,42,30,15,6,8,0,4
2025-M-DC-2025-WG1-R1-BUL-FIN-01,Davis Cup WG1 R1: BUL vs FIN,Clay,4,D,20250912,2,V0GR,,,Alexander Vasilev,L,185,BUL,18.333,992,15,202261,,,Otto Virtanen,R,193,FIN,24.227,141,449,6-3 7-5,3,RR,110,0,7,72,47,33,13,11,3,5,0,6,63,31,20,15,10,2,6
2025-M-DC-2025-WG1-R1-BUL-FIN-01,Davis Cup WG1 R1: BUL vs FIN,Clay,4,D,20250912,3,144814,,,Eero Vasa,R,185,FIN,28.611,504,82,210200,,,Yanaki Milev,R,180,BUL,21.41,713,41,6-2 6-2,3,RR,78,2,2,49,28,24,11,8,1,1,0,4,56,28,15,15,8,6,10
2025-M-DC-2025-WG1-R1-BUL-FIN-01,Davis Cup WG1 R1: BUL vs FIN,Clay,4,D,20250912,4,V0GR,,,Alexander Vasilev,L,185,BUL,18.333,992,15,200325,,,Emil Ruusuvuori,R,188,FIN,26.448,677,46,7-6(5) 6-3,3,RR,120,1,4,76,47,36,17,11,1,1,3,4,80,47,35,16,11,3,4
2025-M-DC-2025-WG1-R1-TPE-NOR-01,Davis Cup WG1 R1: TPE vs NOR,Hard,4,D,20250912,1,149282,,,Nicolai Budkov Kjaer,R,191,NOR,19.031,159,377,W857,,,Tung-Lin Wu,R,188,TPE,27.337,291,179,4-6 6-3 6-4,3,RR,125,17,1,87,62,49,17,14,4,5,6,1,83,66,51,11,15,2,5
2025-M-DC-2025-WG1-R1-TPE-NOR-01,Davis Cup WG1 R1: TPE vs NOR,Hard,4,D,20250912,2,202358,,,Chun-Hsin Tseng,R,175,TPE,24.096,120,531,126340,,,Viktor Durasovic,R,185,NOR,28.485,246,233,6-1 6-1,3,RR,55,2,2,33,20,19,9,7,0,0,3,3,44,25,14,7,7,3,8
2025-M-DC-2025-WG1-R1-TPE-NOR-01,Davis Cup WG1 R1: TPE vs NOR,Hard,4,D,20250912,3,149282,,,Nicolai Budkov Kjaer,R,191,NOR,19.031,159,377,202358,,,Chun-Hsin Tseng,R,175,TPE,24.096,120,531,7-6(2) 6-4,3,RR,113,8,5,86,48,40,18,11,3,3,3,4,63,44,32,11,11,0,1
2025-M-DC-2025-WG1-R1-TPE-NOR-01,Davis Cup WG1 R1: TPE vs NOR,Hard,4,D,20250912,4,126340,,,Viktor Durasovic,R,185,NOR,28.485,246,233,W857,,,Tung-Lin Wu,R,188,TPE,27.337,291,179,7-6(4) 6-7(2) 6-4,3,RR,192,16,5,120,72,54,25,14,6,9,3,3,131,85,53,29,13,11,15
2025-M-DC-2025-WG1-R1-CHI-LUX-01,Davis Cup WG1 R1: CHI vs LUX,Clay,4,D,20250912,1,144642,,,Tomas Barrios Vera,R,191,CHI,27.756,134,473,200270,,,Alex Knaff,R,193,LUX,27.795,668,48,6-1 6-2,3,RR,75,3,1,41,26,23,7,7,2,2,1,3,53,24,12,13,8,13,2
2025-M-DC-2025-WG1-R1-CHI-LUX-01,Davis Cup WG1 R1: CHI vs LUX,Clay,4,D,20250912,2,106426,,,Cristian Garin,R,185,CHI,29.287,124,518,G0M3,,,Aaron Gil Garcia,,,LUX,21.947,1361,5,6-2 6-7(1) 6-2,3,RR,148,2,0,88,57,38,16,14,4,6,2,4,96,54,36,15,14,5,11
2025-M-DC-2025-WG1-R1-CHI-LUX-01,Davis Cup WG1 R1: CHI vs LUX,Clay,4,D,20250912,3,N0BU,,,Daniel Antonio Nunez,R,,CHI,24.279,790,32,V0AS,,,Louis Van Herck,R,,LUX,26.198,1293,6,7-6(4) 4-6 [10-4],3,RR,103,2,1,74,51,33,11,11,3,7,1,6,69,42,30,11,11,0,3
2025-M-DC-2025-WG1-R1-ECU-BIH-01,Davis Cup WG1 R1: ECU vs BIH,Clay,4,D,20250912,1,106000,,,Damir Dzumhur,R,175,BIH,33.314,68,868,200748,,,Andres Andrade,R,180,ECU,26.746,344,148,7-6(3) 6-1,3,RR,133,3,0,77,54,34,15,10,5,6,2,2,63,37,25,8,9,0,3
2025-M-DC-2025-WG1-R1-ECU-BIH-01,Davis Cup WG1 R1: ECU vs BIH,Clay,4,D,20250912,2,208223,,,Alvaro Guillen Meza,R,175,ECU,22.694,237,241,123983,,,Nerman Fatic,R,191,BIH,30.886,239,239,6-4 7-6(0),3,RR,117,4,3,61,44,37,10,11,4,5,5,2,79,59,38,8,11,7,9
2025-M-DC-2025-WG1-R1-ECU-BIH-01,Davis Cup WG1 R1: ECU vs BIH,Clay,4,D,20250912,3,208223,,,Alvaro Guillen Meza,R,175,ECU,22.694,237,241,106000,,,Damir Dzumhur,R,175,BIH,33.314,68,868,6-2 6-1,3,RR,81,0,3,41,26,20,7,7,1,2,0,1,56,42,18,6,8,9,15
2025-M-DC-2025-WG1-R1-ECU-BIH-01,Davis Cup WG1 R1: ECU vs BIH,Clay,4,D,20250912,4,200748,,,Andres Andrade,R,180,ECU,26.746,344,148,210119,,,Andrej Nedic,R,185,BIH,20.906,363,140,1-6 6-3 6-2,3,RR,125,4,3,68,68,45,0,12,5,8,1,1,75,74,42,0,12,3,7
2025-M-DC-2025-WG1-R1-GRE-BRA-01,Davis Cup WG1 R1: GRE vs BRA,Hard,4,D,20250912,1,126774,,,Stefanos Tsitsipas,R,193,GRE,27.086,27,1830,205734,,,Thiago Seyboth Wild,R,185,BRA,25.509,146,420,6-2 6-1,3,RR,72,5,1,47,27,21,11,8,4,5,1,2,47,30,14,7,7,2,7
2025-M-DC-2025-WG1-R1-GRE-BRA-01,Davis Cup WG1 R1: GRE vs BRA,Hard,4,D,20250912,2,211663,,,Joao Fonseca,R,188,BRA,19.061,42,1129,208852,,,Stefanos Sakellaridis,R,198,GRE,20.997,286,182,7-5 6-3,3,RR,112,3,4,81,58,41,14,11,6,6,2,2,72,44,29,15,9,7,9
2025-M-DC-2025-WG1-R1-GRE-BRA-01,Davis Cup WG1 R1: GRE vs BRA,Hard,4,D,20250912,3,211663,,,Joao Fonseca,R,188,BRA,19.061,42,1129,126774,,,Stefanos Tsitsipas,R,193,GRE,27.086,27,1830,6-4 3-6 7-5,3,RR,127,1,1,83,61,46,11,15,0,2,4,1,83,54,42,17,16,2,5
2025-M-DC-2025-QLS-M-NED-ARG-01,Davis Cup QLS R2: NED vs ARG,Hard,4,D,20250912,1,202103,,,Francisco Cerundolo,R,185,ARG,27.083,21,2135,122298,,,Botic van de Zandschulp,R,191,NED,29.941,82,759,7-6(1) 6-1,3,RR,111,1,4,66,36,23,14,9,5,8,2,5,81,49,29,9,10,9,15
2025-M-DC-2025-QLS-M-NED-ARG-01,Davis Cup QLS R2: NED vs ARG,Hard,4,D,20250912,2,144869,,,Tomas Martin Etcheverry,R,196,ARG,26.155,64,890,207411,,,Jesper de Jong,R,180,NED,25.284,79,784,6-4 6-4,3,RR,122,4,1,54,34,23,7,10,0,3,6,2,77,47,29,11,10,11,16
2025-M-DC-2025-QLS-M-NED-ARG-01,Davis Cup QLS R2: NED vs ARG,Hard,4,D,20250912,3,207411,,,Jesper de Jong,R,180,NED,25.284,79,784,207681,,,Francisco Comesana,R,178,ARG,24.934,61,912,6-4 6-3,3,RR,84,8,2,53,27,22,15,9,1,2,7,2,57,42,26,8,10,2,6
2025-M-DC-2025-QLS-M-HUN-AUT-01,Davis Cup QLS R2: HUN vs AUT,Hard,4,D,20250912,1,209903,,,Lukas Neumayer,R,183,AUT,23.017,173,317,105916,,,Marton Fucsovics,R,188,HUN,33.593,59,916,3-6 6-3 7-6(7),3,RR,174,2,3,98,53,37,28,15,5,9,7,3,103,66,45,16,15,1,5
2025-M-DC-2025-QLS-M-HUN-AUT-01,Davis Cup QLS R2: HUN vs AUT,Hard,4,D,20250912,2,200436,,,Zsombor Piros,R,180,HUN,25.916,154,390,209903,,,Lukas Neumayer,R,183,AUT,23.017,173,317,7-5 7-6(6),3,RR,130,11,0,78,52,39,19,12,2,2,4,1,95,69,48,13,12,12,13
2025-M-DC-2025-QLS-M-HUN-AUT-01,Davis Cup QLS R2: HUN vs AUT,Hard,4,D,20250912,3,200514,,,Jurij Rodionov,L,191,AUT,26.327,158,378,206681,,,Fabian Marozsan,R,193,HUN,25.93,56,935,6-2 6-7(5) 7-5,3,RR,139,8,5,99,61,49,18,16,3,5,5,3,109,78,49,17,16,5,10
2025-M-DC-2025-QLS-M-HUN-AUT-01,Davis Cup QLS R2: HUN vs AUT,Hard,4,D,20250912,4,200514,,,Jurij Rodionov,L,191,AUT,26.327,158,378,105916,,,Marton Fucsovics,R,188,HUN,33.593,59,916,6-1 6-2,3,RR,63,2,0,34,23,21,7,8,5,9,0,0,60,36,17,7,9,5,8
2025-M-DC-2025-QLS-M-CRO-FRA-01,Davis Cup QLS R2: CRO vs FRA,Clay,4,D,20250912,1,126239,,,Arthur Rinderknech,R,196,FRA,30.141,57,932,105227,,,Marin Cilic,R,198,CRO,36.956,60,914,6-2 6-4,3,RR,88,9,1,48,30,23,14,9,0,0,3,3,55,37,26,6,9,4,7
2025-M-DC-2025-QLS-M-CRO-FRA-01,Davis Cup QLS R2: CRO vs FRA,Clay,4,D,20250912,2,144895,,,Corentin Moutet,L,180,FRA,26.401,39,1146,209976,,,Dino Prizmic,R,188,CRO,20.104,119,536,6-4 5-7 6-1,3,RR,197,0,2,84,59,49,13,14,7,8,1,3,110,69,46,23,15,13,17
2025-M-DC-2025-QLS-M-CRO-FRA-01,Davis Cup QLS R2: CRO vs FRA,Clay,4,D,20250912,3,144895,,,Corentin Moutet,L,180,FRA,26.401,39,1146,105227,,,Marin Cilic,R,198,CRO,36.956,60,914,7-5 6-4,3,RR,137,0,0,70,49,24,8,11,5,8,0,0,76,50,28,14,11,6,9
2025-M-DC-2025-QLS-M-JPN-GER-01,Davis Cup QLS R2: JPN vs GER,Hard,4,D,20250912,1,105526,,,Jan-Lennard Struff,R,193,GER,35.384,98,648,106415,,,Yoshihito Nishioka,L,170,JPN,29.96,153,399,6-4 6-7(4) 6-3,3,RR,147,18,3,108,70,56,18,16,10,10,3,1,98,64,44,23,16,1,3
2025-M-DC-2025-QLS-M-JPN-GER-01,Davis Cup QLS R2: JPN vs GER,Hard,4,D,20250912,2,105870,,,Yannick Hanfmann,R,193,GER,33.832,135,469,208278,,,Shintaro Mochizuki,R,175,JPN,22.281,104,614,6-3 6-3,3,RR,84,9,1,57,40,32,8,9,1,1,1,2,64,38,23,11,9,5,8
2025-M-DC-2025-QLS-M-JPN-GER-01,Davis Cup QLS R2: JPN vs GER,Hard,4,D,20250912,3,211514,,,Justin Engel,R,185,GER,17.949,219,253,S0UV,,,Rei Sakamoto,R,193,JPN,19.22,189,281,3-6 7-6(2) [10-7],3,RR,92,10,4,60,43,33,13,10,1,1,10,2,67,52,39,13,11,1,1
2025-M-DC-2025-QLS-M-ESP-DEN-01,Davis Cup QLS R2: ESP vs DEN,Clay,4,D,20250912,1,208029,,,Holger Rune,R,188,DEN,22.374,11,3090,105807,,,Pablo Carreno Busta,R,188,ESP,34.171,123,518,7-5 6-3,3,RR,100,6,1,65,36,26,12,11,3,5,2,2,53,30,20,6,10,0,4
2025-M-DC-2025-QLS-M-ESP-DEN-01,Davis Cup QLS R2: ESP vs DEN,Clay,4,D,20250912,2,209284,,,Elmer Moller,R,183,DEN,22.179,113,558,144719,,,Jaume Munar,R,183,ESP,28.356,37,1253,2-6 6-1 6-4,3,RR,154,1,4,91,61,36,14,13,7,13,1,4,69,40,22,12,12,3,10
2025-M-DC-2025-QLS-M-ESP-DEN-01,Davis Cup QLS R2: ESP vs DEN,Clay,4,D,20250912,3,124079,,,Pedro Martinez,R,185,ESP,28.381,67,873,208029,,,Holger Rune,R,188,DEN,22.374,11,3090,6-1 4-6 7-6,3,RR,196,0,3,89,58,42,18,15,2,5,2,3,98,58,41,19,14,4,8
2025-M-DC-2025-QLS-M-ESP-DEN-01,Davis Cup QLS R2: ESP vs DEN,Clay,4,D,20250912,4,105807,,,Pablo Carreno Busta,R,188,ESP,34.171,123,518,209284,,,Elmer Moller,R,183,DEN,22.179,113,558,6-2 6-3,3,RR,85,3,0,51,36,31,8,9,2,2,1,1,50,36,21,9,8,1,4
2025-M-DC-2025-QLS-M-AUS-BEL-01,Davis Cup QLS R2: AUS vs BEL,Hard,4,D,20250912,1,200267,,,Zizou Bergs,R,185,BEL,26.278,46,1089,111442,,,Jordan Thompson,R,183,AUS,31.398,77,795,7-6(4) 6-4,3,RR,97,3,6,65,39,29,15,11,0,2,4,0,63,39,28,11,11,2,5
2025-M-DC-2025-QLS-M-AUS-BEL-01,Davis Cup QLS R2: AUS vs BEL,Hard,4,D,20250912,2,209920,,,Raphael Collignon,R,191,BEL,23.663,91,677,200282,,,Alex de Minaur,R,183,AUS,26.568,8,3545,7-5 3-6 6-3,3,RR,193,4,12,152,88,59,21,15,21,26,2,3,94,54,29,41,9,5,15
2025-M-DC-2025-QLS-M-AUS-BEL-01,Davis Cup QLS R2: AUS vs BEL,Hard,4,D,20250912,3,200282,,,Alex de Minaur,R,183,AUS,26.568,8,3545,200267,,,Zizou Bergs,R,185,BEL,26.278,46,1089,6-2 7-5,3,RR,91,2,1,58,32,23,14,10,5,7,2,0,62,40,24,9,10,2,7
2025-M-DC-2025-QLS-M-AUS-BEL-01,Davis Cup QLS R2: AUS vs BEL,Hard,4,D,20250912,4,209920,,,Raphael Collignon,R,191,BEL,23.663,91,677,126846,,,Aleksandar Vukic,R,188,AUS,29.435,95,668,7-5 2-6 6-3,3,RR,131,13,8,93,55,42,17,13,6,7,6,0,92,50,34,17,15,3,8
2025-M-DC-2025-QLS-M-USA-CZE-01,Davis Cup QLS R2: USA vs CZE,Hard,4,D,20250912,1,208103,,,Jiri Lehecka,R,185,CZE,23.844,16,2415,126207,,,Frances Tiafoe,R,188,USA,27.644,29,1640,6-3 6-2,3,RR,78,8,1,58,38,28,12,9,0,0,5,3,54,29,20,10,8,3,6
2025-M-DC-2025-QLS-M-USA-CZE-01,Davis Cup QLS R2: USA vs CZE,Hard,4,D,20250912,2,126203,,,Taylor Fritz,R,196,USA,27.874,5,4675,210150,,,Jakub Mensik,R,196,CZE,20.03,17,2380,6-4 6-3,3,RR,101,9,5,60,32,25,13,9,3,5,5,6,76,41,27,12,10,8,13
2025-M-DC-2025-QLS-M-USA-CZE-01,Davis Cup QLS R2: USA vs CZE,Hard,4,D,20250912,3,208103,,,Jiri Lehecka,R,185,CZE,23.844,16,2415,126203,,,Taylor Fritz,R,196,USA,27.874,5,4675,6-4 3-6 6-4,3,RR,149,13,5,88,57,45,12,14,6,8,13,4,114,62,43,25,15,17,17
2025-M-DC-2025-QLS-M-USA-CZE-01,Davis Cup QLS R2: USA vs CZE,Hard,4,D,20250912,4,210150,,,Jakub Mensik,R,196,CZE,20.03,17,2380,126207,,,Frances Tiafoe,R,188,USA,27.644,29,1640,6-1 6-4,3,RR,73,7,3,43,31,25,8,9,0,1,4,4,58,33,19,8,8,8,12
2025-M-DC-2025-WG2-R1-UKR-DOM-01,Davis Cup WG2 R1: UKR vs DOM,Clay,4,D,20250912,1,200550,,,Vladyslav Orlov,R,188,UKR,30.324,475,91,CF88,,,Roberto Cid Subervi,R,193,DOM,32.036,367,136,6-2 6-1,3,RR,,,,,,,,,,,,,,,,,,,
2025-M-DC-2025-WG2-R1-UKR-DOM-02,Davis Cup WG2 R1: UKR vs DOM,Clay,4,D,20250912,2,209907,,,Viacheslav Bielinskyi,R,,UKR,21.78,373,132,126209,,,Peter Bertran,R,183,DOM,29.522,660,50,6-4 4-6 7-6(3),3,RR,,,,,,,,,,,,,,,,,,,
2025-M-DC-2025-WG2-R1-UKR-DOM-04,Davis Cup WG2 R1: UKR vs DOM,Clay,4,D,20250912,4,208071,,,Oleksii Krutykh,R,185,UKR,25.509,459,95,M0P3,,,Enmanuel Munoz,,,DOM,20.638,,,6-1 6-4,3,RR,,,,,,,,,,,,,,,,,,,
2025-M-DC-2025-WG2-R1-ESA-ROU-01,Davis Cup WG2 R1: ESA vs ROU,Hard,4,D,20250913,1,T0JZ,,,Radu David Turcanu,L,,ROU,19.496,664,49,105656,,,Marcelo Arevalo,R,191,ESA,34.908,,,6-7(3) 6-3 6-2,3,RR,,,,,,,,,,,,,,,,,,,
2025-M-DC-2025-WG2-R1-ESA-ROU-02,Davis Cup WG2 R1: ESA vs ROU,Hard,4,D,20250913,2,G0ME,,,Gabriel Ghetu,R,,ROU,17.851,761,35,C0NU,,,Cesar Cruz,,,ESA,19.006,1400,4,6-1 2-6 6-2,3,RR,,,,,,,,,,,,,,,,,,,
2025-M-DC-2025-WG2-R1-ESA-ROU-04,Davis Cup WG2 R1: ESA vs ROU,Hard,4,D,20250913,4,T0JZ,,,Radu David Turcanu,L,,ROU,19.496,664,49,C0NU,,,Cesar Cruz,,,ESA,19.006,1400,4,7-6(5) 6-3,3,RR,,,,,,,,,,,,,,,,,,,
2025-M-DC-2025-WG2-R1-LTU-BEN-01,Davis Cup WG2 R1: LTU vs BEN,Hard,4,D,20250913,1,209147,,,Vilius Gaubas,R,178,LTU,20.706,161,345,105278,,,Alexis Klegou,R,,BEN,36.632,,,6-3 7-5,3,RR,,,,,,,,,,,,,,,,,,,
2025-M-DC-2025-WG2-R1-LTU-BEN-02,Davis Cup WG2 R1: LTU vs BEN,Hard,4,D,20250913,2,210220,,,Edas Butvilas,R,191,LTU,21.142,234,242,A0N6,,,Patrick Agbo-Panzo,,,BEN,22.702,,,6-1 6-2,3,RR,,,,,,,,,,,,,,,,,,,
2025-M-DC-2025-WG2-R1-LTU-BEN-04,Davis Cup WG2 R1: LTU vs BEN,Hard,4,D,20250913,4,V0FD,,,Pijus Vaitiekunas,,,LTU,22.543,1431,4,A0N6,,,Patrick Agbo-Panzo,,,BEN,22.702,,,6-3 7-5,3,RR,,,,,,,,,,,,,,,,,,,
2025-M-DC-2025-WG2-R1-TOG-EGY-01,Davis Cup WG2 R1: TOG vs EGY,Hard,4,D,20250913,1,Z0BL,,,Fares Zakaria,R,183,EGY,24.337,543,72,000001,,,Kodjo Charles Alipoe-Tchotchodji,,,TOG,32.496,,,6-2 6-0,3,RR,,,,,,,,,,,,,,,,,,,
2025-M-DC-2025-WG2-R1-TOG-EGY-02,Davis Cup WG2 R1: TOG vs EGY,Hard,4,D,20250913,2,209971,,,Michael Bassem Sobhy,R,,EGY,21.352,712,42,P0OR,,,Hod'abalo Padio,,,TOG,20.665,,,6-4 6-2,3,RR,,,,,,,,,,,,,,,,,,,
2025-M-DC-2025-WG2-R1-TOG-EGY-04,Davis Cup WG2 R1: TOG vs EGY,Hard,4,D,20250913,4,P0OR,,,Hod'abalo Padio,,,TOG,20.665,,,EA34,,,Akram El Sallaly,R,175,EGY,27.833,,,6-4 6-2,3,RR,,,,,,,,,,,,,,,,,,,
2025-M-DC-2025-WG2-R1-HKG-UZB-01,Davis Cup WG2 R1: HKG vs UZB,Hard,4,D,20250913,1,209409,,,Coleman Wong,R,191,HKG,21.27,149,418,200672,,,Sergey Fomin,R,180,UZB,24.613,495,86,6-3 6-2,3,RR,,,,,,,,,,,,,,,,,,,
2025-M-DC-2025-WG2-R1-HKG-UZB-02,Davis Cup WG2 R1: HKG vs UZB,Hard,4,D,20250913,2,SR81,,,Khumoyun Sultanov,R,180,UZB,26.88,403,122,W0F3,,,Tsz Fu Wong,R,175,HKG,19.97,,,7-6(4) 6-3,3,RR,,,,,,,,,,,,,,,,,,,
2025-M-DC-2025-WG2-R1-HKG-UZB-04,Davis Cup WG2 R1: HKG vs UZB,Hard,4,D,20250913,4,209409,,,Coleman Wong,R,191,HKG,21.27,149,418,SR81,,,Khumoyun Sultanov,R,180,UZB,26.88,403,122,6-2 6-2,3,RR,,,,,,,,,,,,,,,,,,,
2025-M-DC-2025-WG2-R1-IRL-CHN-01,Davis Cup WG2 R1: IRL vs CHN,Hard,4,D,20250913,1,207352,,,Yunchaokete Bu,R,185,CHN,23.65,74,811,B0PD,,,Peter Buldorini,R,183,IRL,21.095,921,20,6-4 6-1,3,RR,,,,,,,,,,,,,,,,,,,
2025-M-DC-2025-WG2-R1-IRL-CHN-02,Davis Cup WG2 R1: IRL vs CHN,Hard,4,D,20250913,2,212044,,,Yi Zhou,R,193,CHN,20.501,304,170,210686,,,Michael Agwi,R,193,IRL,22.026,528,76,6-1 6-7(6) 6-0,3,RR,,,,,,,,,,,,,,,,,,,
2025-M-DC-2025-WG2-R1-IRL-CHN-04,Davis Cup WG2 R1: IRL vs CHN,Hard,4,D,20250913,4,210686,,,Michael Agwi,R,193,IRL,22.026,528,76,111806,,,Fajing Sun,R,178,CHN,28.945,236,241,0-6 6-2 [10-5],3,RR,,,,,,,,,,,,,,,,,,,
2025-M-DC-2025-WG2-R1-CYP-MON-01,Davis Cup WG2 R1: CYP vs MON,Hard,4,D,20250913,1,200473,,,Valentin Vacherot,R,193,MON,26.825,206,263,210308,,,Stylianos Christodoulou,,,CYP,20.857,1770,2,4-6 6-1 6-1,3,RR,,,,,,,,,,,,,,,,,,,
2025-M-DC-2025-WG2-R1-CYP-MON-02,Davis Cup WG2 R1: CYP vs MON,Hard,4,D,20250913,2,144949,,,Menelaos Efstathiou,R,183,CYP,26.535,865,26,106033,,,Romain Arneodo,R,175,MON,33.109,,,7-5 6-3,3,RR,,,,,,,,,,,,,,,,,,,
2025-M-DC-2025-WG2-R1-CYP-MON-04,Davis Cup WG2 R1: CYP vs MON,Hard,4,D,20250913,4,200473,,,Valentin Vacherot,R,193,MON,26.825,206,263,144949,,,Menelaos Efstathiou,R,183,CYP,26.535,865,26,6-2 6-3,3,RR,,,,,,,,,,,,,,,,,,,
2025-M-DC-2025-WG2-R1-NZL-GEO-01,Davis Cup WG2 R1: NZL vs GEO,Hard,4,D,20250913,1,W0ED,,,James Watt,R,206,NZL,25.262,573,65,206600,,,Zura Tkemaladze,R,188,GEO,25.276,944,19,6-2 7-6(2),3,RR,,,,,,,,,,,,,,,,,,,
2025-M-DC-2025-WG2-R1-NZL-GEO-02,Davis Cup WG2 R1: NZL vs GEO,Hard,4,D,20250913,2,126762,,,Aleksandre Bakshi,L,180,GEO,28.164,643,53,211638,,,Jack Loutit,L,,NZL,21.224,1091,11,6-3 6-3,3,RR,,,,,,,,,,,,,,,,,,,
2025-M-DC-2025-WG2-R1-NZL-GEO-04,Davis Cup WG2 R1: NZL vs GEO,Hard,4,D,20250913,4,W0ED,,,James Watt,R,206,NZL,25.262,573,65,126762,,,Aleksandre Bakshi,L,180,GEO,28.164,643,53,7-6(3) 6-2,3,RR,,,,,,,,,,,,,,,,,,,
2025-M-DC-2025-WG2-R1-SLO-URU-01,Davis Cup WG2 R1: SLO vs URU,Hard,4,D,20250912,1,210107,,,Bor Artnak,R,193,SLO,21.273,491,86,212051,,,Joaquin Aguilar Cardozo,R,168,URU,20.43,808,31,6-1 6-4,3,RR,,,,,,,,,,,,,,,,,,,
2025-M-DC-2025-WG2-R1-SLO-URU-02,Davis Cup WG2 R1: SLO vs URU,Hard,4,D,20250912,2,P0FV,,,Filip Jeff Planinsek,R,188,SLO,24.205,619,56,208364,,,Franco Roncadelli,L,185,URU,25.599,371,133,6-1 7-6(5),3,RR,,,,,,,,,,,,,,,,,,,
2025-M-DC-2025-WG2-R1-SLO-URU-04,Davis Cup WG2 R1: SLO vs URU,Hard,4,D,20250912,4,S1AJ,,,Ziga Sesko,,,SVN,17.128,,,208028,,,Francisco Llanes,R,178,URU,23.409,,,1-6 7-6(4) [10-7],3,RR,,,,,,,,,,,,,,,,,,,
2025-M-DC-2025-WG2-R1-RSA-MAR-01,Davis Cup WG2 R1: RSA vs MAR,Hard,4,D,20250913,1,209120,,,Yassine Dlimi,R,191,MAR,22.36,780,33,209278,,,Alec Beckley,R,183,RSA,24.238,666,49,6-7(5) 7-6(7) 6-2,3,RR,,,,,,,,,,,,,,,,,,,
2025-M-DC-2025-WG2-R1-RSA-MAR-02,Davis Cup WG2 R1: RSA vs MAR,Hard,4,D,20250913,2,B0D6,,,Taha Baadi,R,183,MAR,24.153,713,42,V0IN,,,Marc Van Der Merwe,,,RSA,31.072,1086,11,3-6 6-1 6-1,3,RR,,,,,,,,,,,,,,,,,,,
2025-M-DC-2025-WG2-R1-RSA-MAR-04,Davis Cup WG2 R1: RSA vs MAR,Hard,4,D,20250913,4,B0D6,,,Taha Baadi,R,183,MAR,24.153,713,42,D0NH,,,Connor Doig,,,RSA,17.665,1509,3,6-3 6-2,3,RR,,,,,,,,,,,,,,,,,,,
2025-M-DC-2025-WG2-R1-RSA-MAR-05,Davis Cup WG2 R1: RSA vs MAR,Hard,4,D,20250913,5,B0QQ,,,Karim Bennani,,,MAR,18.029,1120,10,M0XN,,,Leo Matthysen,,,RSA,19.135,,,6-1 6-2,3,RR,,,,,,,,,,,,,,,,,,,
2025-M-DC-2025-WG2-R1-LBN-BAR-01,Davis Cup WG2 R1: LBN vs BAR,Clay,4,D,20250912,1,133975,,,Benjamin Hassan,R,183,LBN,30.604,197,270,105985,,,Darian King,R,188,BAR,33.38,2118,1,7-6(6) 1-6 7-6(6),3,RR,,,,,,,,,,,,,,,,,,,
2025-M-DC-2025-WG2-R1-LBN-BAR-02,Davis Cup WG2 R1: LBN vs BAR,Clay,4,D,20250912,2,200273,,,Hady Habib,R,188,LBN,27.061,172,317,M0GR,,,Kaipo Marshall,,,BAR,23.48,,,6-1 6-3,3,RR,,,,,,,,,,,,,,,,,,,
2025-M-DC-2025-WG2-R1-LBN-BAR-04,Davis Cup WG2 R1: LBN vs BAR,Clay,4,D,20250912,4,B0U0,,,Fadi Bidan,,,LBN,19.696,1238,7,S1CL,,,Stephen Slocombe,,,BAR,22.453,1815,1,6-1 6-4,3,RR,,,,,,,,,,,,,,,,,,,
2025-M-DC-2025-WG2-R1-PAR-PAK-01,Davis Cup WG2 R1: PAR vs PAK,Clay,4,D,20250912,1,N0FT,,,Alex Santino Nuñez Vera,,,PRY,18.103,1562,3,R0FM,,,Huzaifa Abdul Rehman,,,PAK,22.79,,,6-1 5-7 6-4,3,RR,,,,,,,,,,,,,,,,,,,
2025-M-DC-2025-WG2-R1-PAR-PAK-02,Davis Cup WG2 R1: PAR vs PAK,Clay,4,D,20250912,2,V0DP,,,Adolfo Daniel Vallejo,R,183,PAR,21.374,256,220,207836,,,Muzammil Murtaza,,,PAK,25.834,,,6-0 6-2,3,RR,,,,,,,,,,,,,,,,,,,
2025-M-DC-2025-WG2-R1-PAR-PAK-04,Davis Cup WG2 R1: PAR vs PAK,Clay,4,D,20250912,4,R0FM,,,Huzaifa Abdul Rehman,,,PAK,22.79,,,V0DO,,,Martin Antonio Vergara del Puerto,L,,PRY,21.394,,,2-6 6-4 [10-5],3,RR,,,,,,,,,,,,,,,,,,,
2025-M-DC-2025-WG2-R1-EST-MEX-01,Davis Cup WG2 R1: EST vs MEX,Hard,4,D,20250912,1,210136,,,Mark Lajal,R,191,EST,22.338,156,381,A0IY,,,Luis Carlos Alvarez,R,175,MEX,,598,60,7-6(5) 6-4,3,RR,,,,,,,,,,,,,,,,,,,
2025-M-DC-2025-WG2-R1-EST-MEX-02,Davis Cup WG2 R1: EST vs MEX,Hard,4,D,20250912,2,210202,,,Rodrigo Pacheco Mendez,L,191,MEX,,212,258,206750,,,Daniil Glinka,L,188,EST,25.336,313,165,3-6 6-2 6-3,3,RR,,,,,,,,,,,,,,,,,,,
2025-M-DC-2025-WG2-R1-EST-MEX-04,Davis Cup WG2 R1: EST vs MEX,Hard,4,D,20250912,4,210202,,,Rodrigo Pacheco Mendez,L,191,MEX,,212,258,210136,,,Mark Lajal,R,191,EST,22.338,156,381,6-4 6-4,3,RR,,,,,,,,,,,,,,,,,,,
2025-9210,Laver Cup,Hard,2,A,20250919,,134770,,,Casper Ruud,R,183,NOR,26.743,12,2755,124187,,,Reilly Opelka,R,211,USA,28.06,62,895,6-4 7-6(4),3,RR,87,6,0,64,51,45,9,11,2,2,9,2,65,44,36,11,11,1,2
2025-9210,Laver Cup,Hard,2,A,20250919,,210150,,,Jakub Mensik,R,196,CZE,20.049,17,2380,210506,,,Alex Michelsen,R,193,USA,21.068,32,1485,6-1 6-7(3) 10-8,3,RR,95,5,2,72,50,33,7,10,0,4,5,1,58,37,29,12,9,0,1
2025-9210,Laver Cup,Hard,2,A,20250919,,211663,,,Joao Fonseca,R,188,BRA,19.08,42,1129,207925,,,Flavio Cobolli,R,183,ITA,23.373,25,2040,6-4 6-3,3,RR,86,2,0,50,36,27,8,10,1,3,1,2,60,34,19,13,9,5,9
2025-9210,Laver Cup,Hard,2,A,20250919,,200282,,,Alex de Minaur,R,183,AUS,26.587,8,3545,100644,,,Alexander Zverev,R,198,GER,28.416,3,5930,6-1 6-4,3,RR,89,0,2,60,42,28,12,9,3,4,1,0,50,42,20,4,8,3,7
2025-9210,Laver Cup,Hard,2,A,20250919,,202103,,,Francisco Cerundolo,R,185,ARG,27.102,21,2135,208029,,,Holger Rune,R,188,DEN,22.393,11,3090,6-3 7-6(5),3,RR,120,1,1,84,57,38,15,11,6,7,1,1,66,46,32,8,10,3,5
2025-9210,Laver Cup,Hard,2,A,20250919,,126203,,,Taylor Fritz,R,196,USA,27.893,5,4675,207989,,,Carlos Alcaraz,R,183,ESP,22.376,1,11540,6-3 6-2,3,RR,71,5,4,51,30,24,14,9,2,2,2,1,43,30,19,5,8,1,4
2025-9210,Laver Cup,Hard,2,A,20250919,,200282,,,Alex de Minaur,R,183,AUS,26.587,8,3545,210150,,,Jakub Mensik,R,196,CZE,20.049,17,2380,6-3 6-4,3,RR,96,1,0,64,44,32,14,10,5,5,7,5,60,37,29,7,9,2,4
2025-9210,Laver Cup,Hard,2,A,20250919,,126203,,,Taylor Fritz,R,196,USA,27.893,5,4675,100644,,,Alexander Zverev,R,198,GER,28.416,3,5930,6-3 7-6(4),3,RR,104,3,1,64,40,32,17,11,2,3,3,1,65,49,34,6,10,2,4
2025-9210,Laver Cup,Hard,2,A,20250919,,207989,,,Carlos Alcaraz,R,183,ESP,22.376,1,11540,202103,,,Francisco Cerundolo,R,185,ARG,27.102,21,2135,6-2 6-1,3,RR,72,0,1,53,33,22,13,8,2,3,1,2,46,26,13,5,7,5,10
2025-7581,Chengdu,Hard,28,A,20250917,,208659,6,,Giovanni Mpetshi Perricard,R,203,FRA,22.196,36,1275,209209,,,Filip Misolic,R,180,AUT,24.11,92,671,3-6 6-1 6-4,3,R32,104,9,3,71,48,38,14,13,2,3,7,8,95,61,40,16,13,10,13
2025-7581,Chengdu,Hard,28,A,20250917,,132283,8,,Lorenzo Sonego,R,191,ITA,30.355,44,1090,207678,,,Juan Manuel Cerundolo,L,183,ARG,23.838,72,829,4-6 6-3 6-1,3,R32,130,6,3,86,58,46,12,13,8,9,2,3,79,43,29,19,13,4,8
2025-7581,Chengdu,Hard,28,A,20250917,,105932,,,Nikoloz Basilashvili,R,185,GEO,33.566,114,558,126129,,,Billy Harris,R,193,GBR,30.645,131,492,7-6(5) 6-3,3,R32,92,11,2,73,44,26,18,11,4,7,9,1,71,53,31,8,10,2,6
2025-7581,Chengdu,Hard,28,A,20250917,,106121,,,Taro Daniel,R,191,JPN,32.638,168,326,209409,,,Coleman Wong,R,191,HKG,21.281,149,418,6-3 6-2,3,R32,81,3,3,50,28,21,14,8,0,0,8,2,67,48,30,4,9,10,14
2025-7581,Chengdu,Hard,28,A,20250917,,111456,,,Mackenzie McDonald,R,178,USA,30.423,98,642,122298,,,Botic van de Zandschulp,R,191,NED,29.955,83,759,6-4 3-6 6-3,3,R32,120,8,0,88,59,45,12,14,4,6,7,8,78,48,41,10,14,3,6
2025-7581,Chengdu,Hard,28,A,20250917,,209976,,,Dino Prizmic,R,188,CRO,20.118,121,536,209279,,,Terence Atmane,L,193,FRA,23.688,70,852,6-4 6-3,3,R32,82,3,2,53,32,27,10,9,0,0,3,3,61,34,21,15,10,3,6
2025-7581,Chengdu,Hard,28,A,20250917,,207686,,,Alexander Shevchenko,R,188,KAZ,24.799,96,652,104792,,,Gael Monfils,R,193,FRA,39.044,52,975,6-7(3) 6-3 1-0 RET,3,R32,108,7,1,86,50,35,20,11,11,11,3,2,64,42,28,14,11,1,3
2025-7581,Chengdu,Hard,28,A,20250917,,126214,,,Alejandro Tabilo,L,188,CHI,28.293,112,567,111442,,,Jordan Thompson,R,183,AUS,31.411,78,795,6-4 6-3,3,R32,79,5,1,58,43,36,7,10,2,2,10,1,50,31,25,7,9,2,4
2025-7581,Chengdu,Hard,28,A,20250917,,212044,,,Yi Zhou,R,193,CHN,20.512,304,170,111815,5,,Cameron Norrie,L,188,GBR,30.07,34,1397,6-7(3) 6-4 7-6(2),3,R32,164,22,1,120,87,63,18,17,6,7,8,4,115,76,57,21,17,8,10
2025-7581,Chengdu,Hard,28,A,20250917,,106218,,,Marcos Giron,R,180,USA,32.151,50,1000,210319,,,Ethan Quinn,R,191,USA,21.517,81,773,7-5 6-4,3,R32,90,9,2,68,35,28,22,11,1,1,4,3,62,41,32,8,11,2,4
2025-7581,Chengdu,Hard,28,A,20250917,,106331,,,Christopher O'Connell,R,183,AUS,31.291,103,619,111460,,,Quentin Halys,R,191,FRA,28.893,75,806,6-7(3) 6-3 6-4,3,R32,131,7,2,88,56,45,20,16,0,1,15,4,93,59,43,20,15,4,7
2025-7581,Chengdu,Hard,28,A,20250917,,209992,,,Juncheng Shang,L,180,CHN,20.621,138,460,200267,,,Zizou Bergs,R,185,BEL,26.292,46,1089,6-1 5-7 6-4,3,R32,130,7,2,88,63,49,14,15,6,7,12,2,74,42,32,19,14,2,5
2025-7581,Chengdu,Hard,28,A,20250917,,105932,,,Nikoloz Basilashvili,R,185,GEO,33.566,114,558,111456,,,Mackenzie McDonald,R,178,USA,30.423,98,642,6-2 7-6(4),3,R16,92,14,3,60,35,30,14,10,0,0,10,0,87,54,34,16,10,5,7
2025-7581,Chengdu,Hard,28,A,20250917,,207686,,,Alexander Shevchenko,R,188,KAZ,24.799,96,652,208659,6,,Giovanni Mpetshi Perricard,R,203,FRA,22.196,36,1275,6-7(2) 7-6(5) 6-4,3,R16,134,10,2,90,59,50,25,17,0,0,24,6,108,77,66,14,17,4,5
2025-7581,Chengdu,Hard,28,A,20250917,,207518,1,,Lorenzo Musetti,R,185,ITA,23.543,9,3505,209976,,,Dino Prizmic,R,188,CRO,20.118,121,536,7-5 3-6 6-2,3,R16,136,10,1,72,54,44,10,14,3,5,3,0,90,58,38,17,15,4,8
2025-7581,Chengdu,Hard,28,A,20250917,,106331,,,Christopher O'Connell,R,183,AUS,31.291,103,619,212044,,,Yi Zhou,R,193,CHN,20.512,304,170,6-2 6-4,3,R16,93,14,1,64,36,29,14,9,2,2,4,2,68,39,25,13,9,4,7
2025-7581,Chengdu,Hard,28,A,20250917,,126214,,,Alejandro Tabilo,L,188,CHI,28.293,112,567,209260,2,,Luciano Darderi,R,183,ITA,23.589,30,1584,6-4 6-3,3,R16,86,12,1,69,49,37,11,10,4,4,7,3,56,41,31,5,9,0,2
2025-7581,Chengdu,Hard,28,A,20250917,,106218,,,Marcos Giron,R,180,USA,32.151,50,1000,132283,8,,Lorenzo Sonego,R,191,ITA,30.355,44,1090,6-4 6-4,3,R16,103,0,3,62,38,35,10,10,2,2,3,4,67,40,32,10,10,6,8
2025-7581,Chengdu,Hard,28,A,20250917,,206909,4,,Brandon Nakashima,R,188,USA,24.123,33,1420,209992,,,Juncheng Shang,L,180,CHN,20.621,138,460,7-5 6-3,3,R16,101,13,0,72,56,41,8,11,6,7,6,0,67,45,27,14,10,6,9
2025-7581,Chengdu,Hard,28,A,20250917,,106121,,,Taro Daniel,R,191,JPN,32.638,168,326,134868,3,,Tallon Griekspoor,R,188,NED,29.21,31,1565,3-6 6-4 6-3,3,R16,115,10,1,74,52,43,12,14,1,2,11,3,80,48,38,18,14,2,4
2025-7581,Chengdu,Hard,28,A,20250917,,126214,,,Alejandro Tabilo,L,188,CHI,28.293,112,567,106331,,,Christopher O'Connell,R,183,AUS,31.291,103,619,4-6 7-5 6-2,3,QF,144,10,0,97,71,48,15,15,5,7,14,0,94,61,41,14,15,6,10
2025-7581,Chengdu,Hard,28,A,20250917,,207686,,,Alexander Shevchenko,R,188,KAZ,24.799,96,652,106121,,,Taro Daniel,R,191,JPN,32.638,168,326,7-6(2) 3-6 6-2,3,QF,135,7,2,76,54,44,16,14,3,4,9,4,106,69,50,19,15,4,6
2025-7581,Chengdu,Hard,28,A,20250917,,207518,1,,Lorenzo Musetti,R,185,ITA,23.543,9,3505,105932,,,Nikoloz Basilashvili,R,185,GEO,33.566,114,558,6-3 6-3,3,QF,76,7,2,53,35,27,9,9,3,4,3,4,57,27,18,14,9,5,9
2025-7581,Chengdu,Hard,28,A,20250917,,206909,4,,Brandon Nakashima,R,188,USA,24.123,33,1420,106218,,,Marcos Giron,R,180,USA,32.151,50,1000,6-3 2-6 7-6(3),3,QF,132,13,0,94,76,56,5,15,2,5,9,1,84,55,44,13,14,1,3
2025-7581,Chengdu,Hard,28,A,20250917,,207518,1,,Lorenzo Musetti,R,185,ITA,23.543,9,3505,207686,,,Alexander Shevchenko,R,188,KAZ,24.799,96,652,6-3 6-1,3,SF,64,3,1,40,26,24,8,8,0,0,3,1,55,37,18,9,8,4,8
2025-7581,Chengdu,Hard,28,A,20250917,,126214,,,Alejandro Tabilo,L,188,CHI,28.293,112,567,206909,4,,Brandon Nakashima,R,188,USA,24.123,33,1420,6-4 7-6(0),3,SF,94,11,0,59,47,40,8,11,0,0,9,0,65,45,33,12,11,2,3
2025-7581,Chengdu,Hard,28,A,20250917,,126214,,,Alejandro Tabilo,L,188,CHI,28.293,112,567,207518,1,,Lorenzo Musetti,R,185,ITA,23.543,9,3505,6-3 2-6 7-6(5),3,F,157,12,2,123,84,59,17,15,7,9,11,0,81,50,41,18,14,0,1
2025-4713,Hangzhou,Hard,28,A,20250917,,200624,,,Sebastian Korda,R,196,USA,25.202,79,795,200443,,,Adam Walton,R,183,AUS,26.42,76,803,7-5 6-3,3,R32,87,20,4,62,34,28,15,11,2,3,3,3,64,32,24,14,10,5,8
2025-4713,Hangzhou,Hard,28,A,20250917,,208014,,,Rinky Hijikata,R,178,AUS,24.564,111,583,200116,5,,Camilo Ugo Carabelli,R,185,ARG,26.253,43,1123,7-6(2) 6-4,3,R32,147,7,6,114,64,33,29,11,13,17,9,0,82,50,37,13,11,6,9
2025-4713,Hangzhou,Hard,28,A,20250917,,207494,,,Dalibor Svrcina,R,178,CZE,22.96,99,641,126610,8,,Matteo Berrettini,R,196,ITA,29.432,57,925,6-3 6-3,3,R32,85,1,2,51,37,29,9,9,1,1,7,1,63,37,27,8,9,3,6
2025-4713,Hangzhou,Hard,28,A,20250917,,210460,,,Nishesh Basavareddy,R,180,USA,20.378,109,590,105227,,,Marin Cilic,R,198,CRO,36.969,59,914,4-6 6-4 6-3,3,R32,153,7,7,93,43,28,31,14,3,5,10,9,89,44,37,18,15,3,7
2025-4713,Hangzhou,Hard,28,A,20250917,,144869,,,Tomas Martin Etcheverry,R,196,ARG,26.168,63,890,106000,,,Damir Dzumhur,R,175,BIH,33.328,68,868,6-2 6-4,3,R32,75,8,1,46,35,27,7,9,1,2,6,5,52,31,19,8,9,4,8
2025-4713,Hangzhou,Hard,28,A,20250917,,206748,,,Giulio Zeppieri,L,183,ITA,23.778,169,324,111806,,,Fajing Sun,R,178,CHN,28.956,236,241,6-3 6-2,3,R32,84,10,5,59,34,27,15,9,5,5,1,2,57,34,21,8,8,3,6
2025-4713,Hangzhou,Hard,28,A,20250917,,111190,,,Zhizhen Zhang,R,193,CHN,28.92,192,275,207352,,,Yunchaokete Bu,R,185,CHN,23.661,74,811,6-7(2) 6-4 7-6(3),3,R32,167,15,8,115,77,63,19,17,4,4,9,3,106,66,54,22,17,3,4
2025-4713,Hangzhou,Hard,28,A,20250917,,200059,,,Yibing Wu,R,183,CHN,25.927,196,272,105173,6,,Adrian Mannarino,L,180,FRA,37.218,53,947,4-6 7-6(5) 7-5,3,R32,171,3,0,103,65,43,20,17,4,8,11,1,109,67,45,25,17,7,11
2025-4713,Hangzhou,Hard,28,A,20250917,,210530,7,,Learner Tien,L,180,USA,19.792,54,945,208363,,,Mariano Navone,R,178,ARG,24.553,82,770,5-7 6-3 6-4,3,R32,142,4,6,102,63,41,23,16,9,13,3,5,84,49,32,18,15,2,7
2025-4713,Hangzhou,Hard,28,A,20250917,,R0EB,,,Valentin Royer,R,188,FRA,24.304,88,677,206499,,,Aleksandar Kovacevic,R,183,USA,27.053,69,862,4-6 7-6(6) 6-3,3,R32,152,12,1,90,62,49,16,15,4,6,21,3,124,82,57,18,16,8,11
2025-4713,Hangzhou,Hard,28,A,20250917,,209070,,,Arthur Cazaux,R,183,FRA,23.069,84,757,208286,,,Matteo Arnaldi,R,185,ITA,24.567,73,825,6-4 3-6 7-5,3,R32,171,5,4,90,55,39,23,15,5,6,9,2,98,63,45,19,16,5,7
2025-4713,Hangzhou,Hard,28,A,20250917,,126846,,,Aleksandar Vukic,R,188,AUS,29.448,93,668,105676,,,David Goffin,R,180,BEL,34.779,87,734,6-4 1-6 6-1,3,R32,102,4,2,83,43,28,22,12,6,8,13,8,73,42,31,17,12,1,4
2025-4713,Hangzhou,Hard,28,A,20250917,,207494,,,Dalibor Svrcina,R,178,CZE,22.96,99,641,111190,,,Zhizhen Zhang,R,193,CHN,28.92,192,275,6-4 6-3,3,R16,92,1,2,49,30,22,10,9,2,4,5,1,76,52,33,6,10,8,13
2025-4713,Hangzhou,Hard,28,A,20250917,,R0EB,,,Valentin Royer,R,188,FRA,24.304,88,677,126094,1,,Andrey Rublev,R,188,RUS,27.91,14,2610,6-4 7-6(2),3,R16,108,10,3,74,49,38,13,11,3,4,10,3,76,48,36,10,11,3,5
2025-4713,Hangzhou,Hard,28,A,20250917,,122330,3,,Alexander Bublik,R,196,KAZ,28.252,19,2245,126846,,,Aleksandar Vukic,R,188,AUS,29.448,93,668,6-7(6) 6-4 6-4,3,R16,133,24,5,91,57,52,18,16,0,0,14,3,109,60,44,29,16,8,10
2025-4713,Hangzhou,Hard,28,A,20250917,,200059,,,Yibing Wu,R,183,CHN,25.927,196,272,200624,,,Sebastian Korda,R,196,USA,25.202,79,795,4-6 6-1 6-4,3,R16,109,9,3,89,59,45,16,14,3,4,10,4,65,37,27,17,13,0,3
2025-4713,Hangzhou,Hard,28,A,20250917,,106421,2,,Daniil Medvedev,R,198,RUS,29.599,18,2370,210460,,,Nishesh Basavareddy,R,180,USA,20.378,109,590,6-2 6-3,3,R16,75,8,2,48,32,24,10,9,0,1,1,6,52,28,16,11,8,4,8
2025-4713,Hangzhou,Hard,28,A,20250917,,210530,7,,Learner Tien,L,180,USA,19.792,54,945,206748,,,Giulio Zeppieri,L,183,ITA,23.778,169,324,6-4 6-3,3,R16,73,5,2,53,36,31,11,10,2,2,4,1,57,36,22,11,9,2,4
2025-4713,Hangzhou,Hard,28,A,20250917,,144869,,,Tomas Martin Etcheverry,R,196,ARG,26.168,63,890,208014,,,Rinky Hijikata,R,178,AUS,24.564,111,583,6-1 6-4,3,R16,88,5,1,51,33,28,11,9,2,2,2,1,63,36,26,10,8,4,7
2025-4713,Hangzhou,Hard,28,A,20250917,,144895,4,,Corentin Moutet,L,180,FRA,26.415,39,1146,209070,,,Arthur Cazaux,R,183,FRA,23.069,84,757,6-7(1) 6-3 7-6(3),3,R16,227,3,3,135,91,61,25,17,10,12,6,1,111,68,49,22,16,3,6
2025-4713,Hangzhou,Hard,28,A,20250917,,144895,4,,Corentin Moutet,L,180,FRA,26.415,39,1146,144869,,,Tomas Martin Etcheverry,R,196,ARG,26.168,63,890,3-6 3-0 RET,3,QF,68,2,1,32,20,16,7,6,2,3,3,1,36,27,18,5,6,3,4
2025-4713,Hangzhou,Hard,28,A,20250917,,122330,3,,Alexander Bublik,R,196,KAZ,28.252,19,2245,207494,,,Dalibor Svrcina,R,178,CZE,22.96,99,641,6-1 6-1,3,QF,53,6,1,38,22,22,7,7,1,1,0,1,49,32,13,7,7,7,12
2025-4713,Hangzhou,Hard,28,A,20250917,,200059,,,Yibing Wu,R,183,CHN,25.927,196,272,106421,2,,Daniil Medvedev,R,198,RUS,29.599,18,2370,5-7 7-6(5) 6-4,3,QF,191,1,1,114,79,55,20,17,8,10,17,7,111,69,54,21,17,4,6
2025-4713,Hangzhou,Hard,28,A,20250917,,R0EB,,,Valentin Royer,R,188,FRA,24.304,88,677,210530,7,,Learner Tien,L,180,USA,19.792,54,945,7-6(0) 4-6 6-2,3,QF,158,11,1,107,70,50,18,15,9,12,5,5,96,58,36,20,15,4,8
2025-4713,Hangzhou,Hard,28,A,20250917,,122330,3,,Alexander Bublik,R,196,KAZ,28.252,19,2245,200059,,,Yibing Wu,R,183,CHN,25.927,196,272,6-3 6-3,3,SF,61,19,3,45,34,31,6,9,0,0,2,0,55,35,24,8,9,2,5
2025-4713,Hangzhou,Hard,28,A,20250917,,R0EB,,,Valentin Royer,R,188,FRA,24.304,88,677,144895,4,,Corentin Moutet,L,180,FRA,26.415,39,1146,6-3 6-2,3,SF,86,2,1,52,34,24,13,9,2,2,4,3,52,32,23,6,8,5,8
2025-4713,Hangzhou,Hard,28,A,20250917,,122330,3,,Alexander Bublik,R,196,KAZ,28.252,19,2245,R0EB,,,Valentin Royer,R,188,FRA,24.304,88,677,7-6(4) 7-6(4),3,F,111,21,3,85,52,42,20,12,2,2,8,1,73,45,35,19,12,2,2
2025-329,Tokyo,Hard,32,A,20250924,,127157,,,Daniel Altmaier,R,188,GER,27.034,50,1003,133430,7,,Denis Shapovalov,L,185,CAN,26.445,26,1838,7-5 6-3,3,R32,90,5,1,62,43,32,10,10,4,5,5,5,69,42,30,11,11,4,8
2025-329,Tokyo,Hard,32,A,20250924,,126610,,,Matteo Berrettini,R,196,ITA,29.451,56,925,144719,,,Jaume Munar,R,183,ESP,28.389,40,1138,6-4 6-2,3,R32,96,9,0,57,33,26,14,9,8,8,3,3,63,40,26,10,9,4,7
2025-329,Tokyo,Hard,32,A,20250924,,132686,,,Nuno Borges,R,185,POR,28.594,51,995,133297,,,Yosuke Watanuki,R,180,JPN,27.452,147,401,2-6 6-4 6-1,3,R32,120,3,2,82,60,42,9,13,3,6,10,5,84,47,29,17,12,7,11
2025-329,Tokyo,Hard,32,A,20250924,,105916,,,Marton Fucsovics,R,188,HUN,33.626,58,916,126207,8,,Frances Tiafoe,R,188,USA,27.677,29,1640,3-6 6-1 7-5,3,R32,147,6,1,82,48,33,24,14,2,4,10,3,103,55,37,21,14,9,13
2025-329,Tokyo,Hard,32,A,20250924,,134770,4,,Casper Ruud,R,183,NOR,26.757,12,2755,208278,,,Shintaro Mochizuki,R,175,JPN,22.313,106,607,4-6 6-1 6-1,3,R32,99,10,2,63,48,39,4,12,4,6,5,5,79,44,27,11,12,7,13
2025-329,Tokyo,Hard,32,A,20250924,,126203,2,,Taylor Fritz,R,196,USA,27.907,5,4675,209113,,,Gabriel Diallo,R,203,CAN,24,35,1308,4-6 6-3 7-6(3),3,R32,129,13,4,105,74,56,16,16,1,3,9,4,82,57,51,8,15,0,2
2025-329,Tokyo,Hard,32,A,20250924,,200647,,,Sho Shimabukuro,R,180,JPN,28.153,273,198,207830,5,,Tomas Machac,R,183,CZE,24.947,22,2110,6-3 7-6(4),3,R32,89,5,0,64,38,27,20,11,0,1,6,3,83,53,34,16,10,10,12
2025-329,Tokyo,Hard,32,A,20250924,,202385,,,Jenson Brooksby,R,193,USA,24.912,86,737,200005,6,,Ugo Humbert,L,188,FRA,27.247,24,2045,7-6(4) 6-3,3,R32,104,3,2,69,40,33,14,11,3,5,4,2,68,45,30,11,10,3,6
2025-329,Tokyo,Hard,32,A,20250924,,209260,,,Luciano Darderi,R,183,ITA,23.608,30,1584,106415,,,Yoshihito Nishioka,L,170,JPN,29.993,157,374,7-6(9) 6-3,3,R32,120,10,0,73,50,38,14,10,5,6,7,0,80,56,36,13,11,4,7
2025-329,Tokyo,Hard,32,A,20250924,,200624,,,Sebastian Korda,R,196,USA,25.221,74,820,106218,,,Marcos Giron,R,180,USA,32.17,48,1040,4-6 6-3 7-6(4),3,R32,149,8,2,108,60,48,23,16,10,12,6,1,97,56,40,24,15,3,5
2025-329,Tokyo,Hard,32,A,20250924,,210319,,,Ethan Quinn,R,191,USA,21.536,81,773,210506,,,Alex Michelsen,R,193,USA,21.081,32,1485,7-5 6-2,3,R32,82,10,2,55,32,26,15,10,0,0,8,3,66,44,26,12,10,5,8
2025-329,Tokyo,Hard,32,A,20250924,,126846,,,Aleksandar Vukic,R,188,AUS,29.467,95,668,106000,,,Damir Dzumhur,R,175,BIH,33.347,66,868,6-4 3-6 6-3,3,R32,110,12,3,80,40,34,22,14,4,5,2,2,74,52,36,15,14,0,2
2025-329,Tokyo,Hard,32,A,20250924,,200267,,,Zizou Bergs,R,185,BEL,26.311,45,1089,126214,,,Alejandro Tabilo,L,188,CHI,28.312,72,826,1-6 7-6(2) 7-6(4),3,R32,168,12,3,102,60,43,23,15,2,5,3,4,115,73,53,20,16,4,5
2025-329,Tokyo,Hard,32,A,20250924,,207989,1,,Carlos Alcaraz,R,183,ESP,22.39,1,11540,202104,,,Sebastian Baez,R,170,ARG,24.739,41,1135,6-4 6-2,3,R32,90,3,2,56,43,31,5,9,1,2,1,2,54,40,25,5,9,1,5
2025-329,Tokyo,Hard,32,A,20250924,,208029,3,,Holger Rune,R,188,DEN,22.407,11,3090,209098,,,Hamad Medjedovic,R,188,SRB,22.188,63,883,7-6(7) 6-1,3,R32,101,11,2,63,40,29,15,10,3,4,9,0,64,41,26,11,9,3,6
2025-329,Tokyo,Hard,32,A,20250924,,206909,,,Brandon Nakashima,R,188,USA,24.142,33,1420,111442,,,Jordan Thompson,R,183,AUS,31.431,78,795,6-7(6) 7-6(4) 6-2,3,R32,184,10,1,116,75,55,23,16,9,10,10,5,119,73,52,22,16,4,7
2025-329,Tokyo,Hard,32,A,20250924,,126203,2,,Taylor Fritz,R,196,USA,27.907,5,4675,132686,,,Nuno Borges,R,185,POR,28.594,51,995,7-5 7-6(4),3,R16,113,15,1,66,43,36,7,12,2,5,2,6,96,58,40,12,12,9,13
2025-329,Tokyo,Hard,32,A,20250924,,200624,,,Sebastian Korda,R,196,USA,25.221,74,820,200647,,,Sho Shimabukuro,R,180,JPN,28.153,273,198,6-1 6-4,3,R16,80,9,3,71,40,32,16,9,7,7,4,4,47,29,18,9,8,3,6
2025-329,Tokyo,Hard,32,A,20250924,,126846,,,Aleksandar Vukic,R,188,AUS,29.467,95,668,127157,,,Daniel Altmaier,R,188,GER,27.034,50,1003,6-4 6-2,3,R16,83,7,0,50,30,23,14,9,0,0,8,5,57,34,23,10,9,3,6
2025-329,Tokyo,Hard,32,A,20250924,,134770,4,,Casper Ruud,R,183,NOR,26.757,12,2755,126610,,,Matteo Berrettini,R,196,ITA,29.451,56,925,7-6(4) 6-2,3,R16,98,3,1,57,42,36,8,10,0,0,11,3,64,36,27,15,10,1,3
2025-329,Tokyo,Hard,32,A,20250924,,207989,1,,Carlos Alcaraz,R,183,ESP,22.39,1,11540,200267,,,Zizou Bergs,R,185,BEL,26.311,45,1089,6-4 6-3,3,R16,79,3,2,60,37,25,9,10,3,6,5,3,52,34,19,7,9,1,6
2025-329,Tokyo,Hard,32,A,20250924,,208029,3,,Holger Rune,R,188,DEN,22.407,11,3090,210319,,,Ethan Quinn,R,191,USA,21.536,81,773,6-4 6-2,3,R16,73,6,1,53,37,25,11,9,1,2,4,1,49,34,18,8,9,3,7
2025-329,Tokyo,Hard,32,A,20250924,,202385,,,Jenson Brooksby,R,193,USA,24.912,86,737,209260,,,Luciano Darderi,R,183,ITA,23.608,30,1584,7-6(7) 6-1,3,R16,98,5,0,60,37,28,14,9,3,4,1,1,68,44,26,11,10,2,6
2025-329,Tokyo,Hard,32,A,20250924,,206909,,,Brandon Nakashima,R,188,USA,24.142,33,1420,105916,,,Marton Fucsovics,R,188,HUN,33.626,58,916,7-5 6-3,3,R16,115,6,0,72,49,35,12,11,4,5,7,3,69,37,25,13,10,3,6
2025-329,Tokyo,Hard,32,A,20250924,,207989,1,,Carlos Alcaraz,R,183,ESP,22.39,1,11540,206909,,,Brandon Nakashima,R,188,USA,24.142,33,1420,6-2 6-4,3,QF,80,1,1,45,30,25,12,9,0,0,3,0,64,46,32,5,9,4,7
2025-329,Tokyo,Hard,32,A,20250924,,126203,2,,Taylor Fritz,R,196,USA,27.907,5,4675,200624,,,Sebastian Korda,R,196,USA,25.221,74,820,6-3 6-7(5) 6-3,3,QF,138,14,3,120,76,59,21,16,6,7,13,3,81,52,45,12,14,2,5
2025-329,Tokyo,Hard,32,A,20250924,,202385,,,Jenson Brooksby,R,193,USA,24.912,86,737,208029,3,,Holger Rune,R,188,DEN,22.407,11,3090,6-3 6-3,3,QF,90,1,0,62,40,27,12,9,4,5,5,2,58,39,28,4,9,3,7
2025-329,Tokyo,Hard,32,A,20250924,,134770,4,,Casper Ruud,R,183,NOR,26.757,12,2755,126846,,,Aleksandar Vukic,R,188,AUS,29.467,95,668,6-3 6-2,3,QF,58,9,0,48,40,32,6,9,2,2,4,0,39,22,15,8,8,1,4
2025-329,Tokyo,Hard,32,A,20250924,,126203,2,,Taylor Fritz,R,196,USA,27.907,5,4675,202385,,,Jenson Brooksby,R,193,USA,24.912,86,737,6-4 6-3,3,SF,90,13,0,62,46,39,7,10,2,2,2,1,58,39,25,12,9,2,4
2025-329,Tokyo,Hard,32,A,20250924,,207989,1,,Carlos Alcaraz,R,183,ESP,22.39,1,11540,134770,4,,Casper Ruud,R,183,NOR,26.757,12,2755,3-6 6-3 6-4,3,SF,128,11,2,80,51,40,16,14,3,4,7,2,90,64,44,15,14,7,9
2025-329,Tokyo,Hard,32,A,20250924,,207989,1,,Carlos Alcaraz,R,183,ESP,22.39,1,11540,126203,2,,Taylor Fritz,R,196,USA,27.907,5,4675,6-4 6-4,3,F,93,6,3,63,40,31,10,10,2,3,6,3,66,39,27,11,10,6,9
2025-747,Beijing,Hard,32,A,20250924,,209279,,,Terence Atmane,L,193,FRA,23.707,68,839,111190,,,Zhizhen Zhang,R,193,CHN,28.939,370,135,6-4 6-2,3,R32,71,6,0,48,25,22,17,9,2,2,1,2,63,41,27,10,9,5,8
2025-747,Beijing,Hard,32,A,20250924,,124186,,,Alexandre Muller,R,183,FRA,28.643,38,1168,111575,5,,Karen Khachanov,R,198,RUS,29.344,10,3280,4-6 7-6(5) 6-4,3,R32,168,5,4,108,69,53,19,16,4,6,12,4,106,68,50,19,16,9,11
2025-747,Beijing,Hard,32,A,20250924,,206681,,,Fabian Marozsan,R,193,HUN,25.963,57,920,126127,,,Benjamin Bonzi,R,183,FRA,29.292,47,1083,7-6(1) 6-3,3,R32,92,9,1,59,45,39,6,10,2,2,5,5,78,39,29,18,11,5,7
2025-747,Beijing,Hard,32,A,20250924,,206173,1,,Jannik Sinner,R,191,ITA,24.107,2,10780,105227,,,Marin Cilic,R,198,CRO,36.988,97,664,6-2 6-2,3,R32,81,3,0,47,36,27,7,8,1,1,3,4,53,24,14,11,8,6,10
2025-747,Beijing,Hard,32,A,20250924,,200221,,,Alejandro Davidovich Fokina,R,180,ESP,26.305,20,2225,200116,,,Camilo Ugo Carabelli,R,185,ARG,26.272,43,1123,6-1 6-3,3,R32,64,1,1,46,26,14,9,8,5,9,6,0,44,33,26,9,8,3,3
2025-747,Beijing,Hard,32,A,20250924,,105173,,,Adrian Mannarino,L,180,FRA,37.238,60,897,122330,,,Alexander Bublik,R,196,KAZ,28.271,16,2445,6-3 6-2,3,R32,59,8,0,45,30,25,10,8,3,3,3,3,44,24,16,7,9,1,5
2025-747,Beijing,Hard,32,A,20250924,,200282,3,,Alex de Minaur,R,183,AUS,26.601,8,3545,207352,,,Yunchaokete Bu,R,185,CHN,23.68,89,721,6-4 6-0,3,R32,87,5,3,57,32,18,11,8,7,11,10,0,51,34,26,9,8,1,1
2025-747,Beijing,Hard,32,A,20250924,,207925,,,Flavio Cobolli,R,183,ITA,23.387,25,2040,126094,6,,Andrey Rublev,R,188,RUS,27.929,14,2610,7-6(3) 6-3,3,R32,112,5,5,79,41,32,19,11,7,9,4,4,75,42,30,15,10,9,12
2025-747,Beijing,Hard,32,A,20250924,,210150,7,,Jakub Mensik,R,196,CZE,20.063,19,2380,200175,,,Miomir Kecmanovic,R,183,SRB,26.067,46,1086,7-5 6-4,3,R32,111,10,7,88,41,31,20,11,14,17,3,3,75,41,30,12,11,3,8
2025-747,Beijing,Hard,32,A,20250924,,106421,8,,Daniil Medvedev,R,198,RUS,29.618,18,2410,111815,,,Cameron Norrie,L,188,GBR,30.089,34,1397,6-3 6-4,3,R32,75,9,3,43,27,22,8,9,0,2,1,1,61,38,19,11,10,6,11
2025-747,Beijing,Hard,32,A,20250924,,209070,,,Arthur Cazaux,R,183,FRA,23.088,80,782,209992,,,Juncheng Shang,L,180,CHN,20.641,238,235,0-6 7-6(5) 7-5,3,R32,161,8,2,110,62,41,24,15,8,12,6,2,84,49,38,20,15,0,2
2025-747,Beijing,Hard,32,A,20250924,,126239,,,Arthur Rinderknech,R,196,FRA,30.174,54,932,105676,,,David Goffin,R,180,BEL,34.798,87,734,6-4 3-6 6-4,3,R32,148,12,3,100,52,38,26,14,7,9,9,3,75,44,35,18,15,1,4
2025-747,Beijing,Hard,32,A,20250924,,210530,,,Learner Tien,L,180,USA,19.811,52,985,202103,,,Francisco Cerundolo,R,185,ARG,27.116,21,2135,4-6 6-3 6-4,3,R32,135,1,6,93,56,36,19,15,3,7,9,3,89,49,36,14,14,3,8
2025-747,Beijing,Hard,32,A,20250924,,100644,2,,Alexander Zverev,R,198,GER,28.43,3,5930,132283,,,Lorenzo Sonego,R,191,ITA,30.374,44,1105,6-4 6-3,3,R32,90,4,0,50,41,32,6,10,0,1,2,2,59,38,24,9,9,1,4
2025-747,Beijing,Hard,32,A,20250924,,207518,4,,Lorenzo Musetti,R,185,ITA,23.562,9,3505,208659,,,Giovanni Mpetshi Perricard,R,203,FRA,22.215,36,1275,7-6(3) 6-7(4) 6-4,3,R32,144,4,2,111,73,57,24,17,4,5,14,1,98,73,59,13,17,3,5
2025-747,Beijing,Hard,32,A,20250924,,144895,,,Corentin Moutet,L,180,FRA,26.434,37,1233,134868,,,Tallon Griekspoor,R,188,NED,29.229,31,1565,6-4 7-5,3,R32,109,4,2,80,50,37,17,11,7,7,2,3,54,32,25,13,11,0,2
2025-747,Beijing,Hard,32,A,20250924,,206173,1,,Jannik Sinner,R,191,ITA,24.107,2,10780,209279,,,Terence Atmane,L,193,FRA,23.707,68,839,6-4 5-7 6-0,3,R16,141,3,0,92,58,40,16,14,6,9,11,1,83,55,35,9,14,5,11
2025-747,Beijing,Hard,32,A,20250924,,200282,3,,Alex de Minaur,R,183,AUS,26.601,8,3545,126239,,,Arthur Rinderknech,R,196,FRA,30.174,54,932,6-3 3-6 7-6(2),3,R16,136,11,1,97,70,54,13,15,3,4,7,2,83,58,46,19,15,4,5
2025-747,Beijing,Hard,32,A,20250924,,206681,,,Fabian Marozsan,R,193,HUN,25.963,57,920,124186,,,Alexandre Muller,R,183,FRA,28.643,38,1168,6-3 7-6(5),3,R16,93,3,1,74,56,37,13,11,0,1,7,3,67,37,27,13,10,3,5
2025-747,Beijing,Hard,32,A,20250924,,210150,7,,Jakub Mensik,R,196,CZE,20.063,19,2380,209070,,,Arthur Cazaux,R,183,FRA,23.088,80,782,6-3 2-6 6-4,3,R16,130,10,4,81,50,37,14,14,2,5,2,2,88,48,32,20,13,8,11
2025-747,Beijing,Hard,32,A,20250924,,207518,4,,Lorenzo Musetti,R,185,ITA,23.562,9,3505,105173,,,Adrian Mannarino,L,180,FRA,37.238,60,897,6-3 6-3,3,R16,84,6,2,52,28,22,15,9,2,3,3,3,51,32,20,6,9,2,6
2025-747,Beijing,Hard,32,A,20250924,,106421,8,,Daniil Medvedev,R,198,RUS,29.618,18,2410,200221,,,Alejandro Davidovich Fokina,R,180,ESP,26.305,20,2225,6-3 6-3,3,R16,84,5,5,56,31,21,11,9,0,3,1,3,60,34,19,8,9,3,9
2025-747,Beijing,Hard,32,A,20250924,,210530,,,Learner Tien,L,180,USA,19.811,52,985,207925,,,Flavio Cobolli,R,183,ITA,23.387,25,2040,6-3 6-2,3,R16,73,1,1,59,36,24,12,9,3,5,1,3,49,25,12,10,8,4,9
2025-747,Beijing,Hard,32,A,20250924,,100644,2,,Alexander Zverev,R,198,GER,28.43,3,5930,144895,,,Corentin Moutet,L,180,FRA,26.434,37,1233,7-5 3-6 6-3,3,R16,158,7,2,95,71,45,12,15,6,9,3,1,88,55,38,18,15,5,9
2025-747,Beijing,Hard,32,A,20250924,,206173,1,,Jannik Sinner,R,191,ITA,24.107,2,10780,206681,,,Fabian Marozsan,R,193,HUN,25.963,57,920,6-1 7-5,3,QF,80,7,1,53,30,21,14,9,1,2,3,3,53,35,19,6,10,6,11
2025-747,Beijing,Hard,32,A,20250924,,200282,3,,Alex de Minaur,R,183,AUS,26.601,8,3545,210150,7,,Jakub Mensik,R,196,CZE,20.063,19,2380,4-1 RET,3,QF,29,4,2,26,11,9,3,3,2,4,2,0,9,6,5,3,2,0,0
2025-747,Beijing,Hard,32,A,20250924,,106421,8,,Daniil Medvedev,R,198,RUS,29.618,18,2410,100644,2,,Alexander Zverev,R,198,GER,28.43,3,5930,6-3 6-3,3,QF,82,5,5,52,35,30,9,9,4,4,0,0,57,44,28,5,9,1,4
2025-747,Beijing,Hard,32,A,20250924,,210530,,,Learner Tien,L,180,USA,19.811,52,985,207518,4,,Lorenzo Musetti,R,185,ITA,23.562,9,3505,4-6 6-3 3-0 RET,3,QF,101,0,0,78,56,37,14,11,5,6,6,1,59,46,32,6,11,5,8
2025-747,Beijing,Hard,32,A,20250924,,210530,,,Learner Tien,L,180,USA,19.811,52,985,106421,8,,Daniil Medvedev,R,198,RUS,29.618,18,2410,5-7 7-5 4-0 RET,3,SF,146,4,3,103,70,36,20,14,5,10,8,1,80,47,29,13,14,9,16
2025-747,Beijing,Hard,32,A,20250924,,206173,1,,Jannik Sinner,R,191,ITA,24.107,2,10780,200282,3,,Alex de Minaur,R,183,AUS,26.601,8,3545,6-3 4-6 6-2,3,SF,140,7,0,96,61,50,16,14,11,12,5,1,77,52,29,17,13,4,7
2025-747,Beijing,Hard,32,A,20250924,,206173,1,,Jannik Sinner,R,191,ITA,24.107,2,10780,210530,,,Learner Tien,L,180,USA,19.811,52,985,6-2 6-2,3,F,72,10,1,53,35,27,10,8,2,2,0,6,43,22,12,10,8,2,6
2025-5014,Shanghai,Hard,96,M,20250924,,202104,,,Sebastian Baez,R,170,ARG,24.739,41,1135,111190,,,Zhizhen Zhang,R,193,CHN,28.939,370,135,2-6 6-3 6-4,3,R128,120,7,4,88,58,40,12,14,8,12,9,0,84,55,35,16,13,8,12
2025-5014,Shanghai,Hard,96,M,20250924,,127157,,,Daniel Altmaier,R,188,GER,27.034,50,1003,209262,,,Tristan Schoolkate,R,183,AUS,24.575,100,654,6-3 6-4,3,R128,82,8,0,48,28,25,15,10,0,0,8,0,59,46,33,3,9,4,6
2025-5014,Shanghai,Hard,96,M,20250924,,208233,,,Mattia Bellucci,L,175,ITA,24.315,64,869,200443,,,Adam Walton,R,183,AUS,26.439,77,803,7-6(6) 6-1,3,R128,83,9,2,58,37,30,15,10,0,0,3,1,54,39,29,8,9,0,2
2025-5014,Shanghai,Hard,96,M,20250924,,200267,,,Zizou Bergs,R,185,BEL,26.311,45,1089,200624,,,Sebastian Korda,R,196,USA,25.221,74,820,6-4 7-5,3,R128,97,7,3,63,41,31,11,11,0,2,3,4,68,43,27,11,11,6,10
2025-5014,Shanghai,Hard,96,M,20250924,,105227,,,Marin Cilic,R,198,CRO,36.988,97,664,105932,,,Nikoloz Basilashvili,R,185,GEO,33.585,104,617,6-3 7-6(5),3,R128,89,17,0,63,37,33,16,11,2,2,8,3,63,40,32,11,10,0,1
2025-5014,Shanghai,Hard,96,M,20250924,,105676,,,David Goffin,R,180,BEL,34.798,87,734,124186,,,Alexandre Muller,R,183,FRA,28.643,38,1168,6-7(6) 6-1 6-1,3,R128,126,12,1,84,49,37,21,13,2,3,3,5,82,51,34,12,13,4,10
2025-5014,Shanghai,Hard,96,M,20250924,,105173,,,Adrian Mannarino,L,180,FRA,37.238,60,897,126610,,,Matteo Berrettini,R,196,ITA,29.451,56,925,7-5 7-6(5),3,R128,112,6,1,62,37,34,19,12,0,0,10,3,77,52,39,14,12,5,6
2025-5014,Shanghai,Hard,96,M,20250924,,144719,,,Jaume Munar,R,183,ESP,28.389,40,1138,105916,,,Marton Fucsovics,R,188,HUN,33.626,58,916,4-6 7-5 6-1,3,R128,161,4,1,93,65,48,18,15,7,8,0,4,85,49,35,19,14,4,7
2025-5014,Shanghai,Hard,96,M,20250924,,208134,,,Luca Nardi,R,185,ITA,22.136,85,740,124116,,,Sebastian Ofner,R,191,AUT,29.369,137,453,3-6 6-3 6-2,3,R128,107,5,5,81,49,38,18,13,7,8,7,2,78,44,32,20,13,6,9
2025-5014,Shanghai,Hard,96,M,20250924,,106415,,,Yoshihito Nishioka,L,170,JPN,29.993,157,374,207686,,,Alexander Shevchenko,R,188,KAZ,24.819,88,727,6-1 6-2,3,R128,70,2,0,65,47,32,10,8,5,5,9,1,46,30,21,2,7,4,8
2025-5014,Shanghai,Hard,96,M,20250924,,111442,,,Jordan Thompson,R,183,AUS,31.431,78,795,200416,,,August Holmgren,R,188,DEN,27.425,176,315,4-6 6-3 6-4,3,R128,128,10,1,89,54,43,20,15,4,5,8,4,78,47,38,15,14,2,4
2025-5014,Shanghai,Hard,96,M,20250924,,200473,,,Valentin Vacherot,R,193,MON,26.856,202,263,111513,,,Laslo Djere,R,188,SRB,30.313,83,766,6-3 6-4,3,R128,84,4,2,55,31,26,14,10,0,0,4,0,61,43,31,6,9,2,4
2025-5014,Shanghai,Hard,96,M,20250924,,206681,,,Fabian Marozsan,R,193,HUN,25.963,57,920,104527,,,Stan Wawrinka,R,183,SUI,40.493,129,502,6-1 4-6 6-4,3,R128,106,3,4,80,47,39,16,14,7,9,3,1,75,40,28,19,13,6,10
2025-5014,Shanghai,Hard,96,M,20250924,,105870,,,Yannick Hanfmann,R,193,GER,33.864,159,369,132283,,,Lorenzo Sonego,R,191,ITA,30.374,44,1105,2-6 6-3 6-1,3,R128,115,2,2,71,50,32,15,12,3,5,8,3,66,37,26,13,12,3,7
2025-5014,Shanghai,Hard,96,M,20250924,,209992,,,Juncheng Shang,L,180,CHN,20.641,238,235,206499,,,Aleksandar Kovacevic,R,183,USA,27.072,67,862,6-4 3-6 6-3,3,R128,115,6,1,77,56,40,14,14,0,1,10,1,84,54,42,14,14,1,3
2025-5014,Shanghai,Hard,96,M,20250924,,126127,,,Benjamin Bonzi,R,183,FRA,29.292,47,1083,124187,,,Reilly Opelka,R,211,USA,28.074,61,895,7-6(2) 6-4,3,R128,95,4,1,65,42,33,16,11,1,2,11,0,71,44,33,12,11,8,10
2025-5014,Shanghai,Hard,96,M,20250924,,132686,,,Nuno Borges,R,185,POR,28.594,51,995,122298,,,Botic van de Zandschulp,R,191,NED,29.974,84,759,7-6(5) 7-6(5),3,R128,136,8,3,90,55,39,19,12,2,3,10,4,80,50,40,16,12,1,2
2025-5014,Shanghai,Hard,96,M,20250924,,202385,,,Jenson Brooksby,R,193,USA,24.912,86,737,T0BW,,,James Trotter,R,183,JPN,26.157,212,255,7-6(2) 6-1,3,R128,100,6,0,54,38,32,12,10,0,0,4,0,68,39,29,12,9,2,4
2025-5014,Shanghai,Hard,96,M,20250924,,209070,,,Arthur Cazaux,R,183,FRA,23.088,80,782,124079,,,Pedro Martinez,R,185,ESP,28.413,70,833,6-3 3-6 7-5,3,R128,181,23,1,78,50,43,14,15,2,4,2,3,114,79,52,16,15,8,11
2025-5014,Shanghai,Hard,96,M,20250924,,207681,,,Francisco Comesana,R,178,ARG,24.966,59,912,200259,,,Ugo Blanchet,R,175,FRA,26.719,149,390,6-4 6-2,3,R128,91,3,4,56,31,29,10,9,3,4,4,0,55,34,20,10,9,1,5
2025-5014,Shanghai,Hard,96,M,20250924,,207411,,,Jesper de Jong,R,180,NED,25.317,79,784,212044,,,Yi Zhou,R,193,CHN,20.531,305,170,6-7(1) 6-2 7-6(3),3,R128,164,11,4,104,68,54,18,16,1,2,17,0,97,67,55,11,16,3,6
2025-5014,Shanghai,Hard,96,M,20250924,,111460,,,Quentin Halys,R,191,FRA,28.912,75,806,111456,,,Mackenzie McDonald,R,178,USA,30.442,96,667,6-3 6-2,3,R128,63,7,2,51,31,23,15,9,3,3,1,0,46,33,20,8,8,2,5
2025-5014,Shanghai,Hard,96,M,20250924,,111794,,,Kamil Majchrzak,R,183,POL,29.697,65,868,210319,,,Ethan Quinn,R,191,USA,21.536,81,773,6-3 6-4,3,R128,66,2,0,47,27,22,18,10,0,0,8,3,51,30,23,10,9,4,6
2025-5014,Shanghai,Hard,96,M,20250924,,106331,,,Christopher O'Connell,R,183,AUS,31.31,103,644,106000,,,Damir Dzumhur,R,175,BIH,33.347,66,868,6-2 6-4,3,R128,97,6,0,70,39,29,18,9,4,4,1,2,62,39,20,15,9,4,7
2025-5014,Shanghai,Hard,96,M,20250924,,R0EB,,,Valentin Royer,R,188,FRA,24.323,76,805,208363,,,Mariano Navone,R,178,ARG,24.572,82,770,3-6 6-4 6-4,3,R128,137,8,1,91,65,44,14,15,3,7,8,3,82,49,33,15,14,1,5
2025-5014,Shanghai,Hard,96,M,20250924,,207494,,,Dalibor Svrcina,R,178,CZE,22.979,91,691,200059,,,Yibing Wu,R,183,CHN,25.947,158,372,7-5 RET,3,R128,55,0,1,31,23,16,4,6,2,4,1,0,40,28,12,8,6,5,8
2025-5014,Shanghai,Hard,96,M,20250924,,126214,,,Alejandro Tabilo,L,188,CHI,28.312,72,826,106218,,,Marcos Giron,R,180,USA,32.17,48,1040,6-4 6-3,3,R128,77,6,1,58,42,34,9,10,2,2,3,1,50,32,20,12,9,4,6
2025-5014,Shanghai,Hard,96,M,20250924,,200116,,,Camilo Ugo Carabelli,R,185,ARG,26.272,43,1123,209279,,,Terence Atmane,L,193,FRA,23.707,68,839,4-4 RET,3,R128,38,4,2,27,17,12,3,4,1,2,1,1,26,17,12,4,4,2,3
2025-5014,Shanghai,Hard,96,M,20250924,,210530,,,Learner Tien,L,180,USA,19.811,52,985,200175,,,Miomir Kecmanovic,R,183,SRB,26.067,46,1086,4-6 6-3 6-4,3,R128,126,11,4,84,50,40,19,15,5,7,5,2,95,70,47,11,14,6,9
2025-5014,Shanghai,Hard,96,M,20250924,,208286,,,Matteo Arnaldi,R,185,ITA,24.586,73,825,S0UV,,,Rei Sakamoto,R,193,JPN,19.253,190,279,7-6(3) 6-4,3,R128,111,6,2,66,45,35,9,11,1,3,3,2,72,39,27,18,11,7,10
2025-5014,Shanghai,Hard,96,M,20250924,,207352,,,Yunchaokete Bu,R,185,CHN,23.68,89,721,207678,,,Juan Manuel Cerundolo,L,183,ARG,23.858,71,829,6-3 6-7(5) 6-3,3,R128,172,10,1,117,82,63,16,16,9,9,10,4,97,58,46,19,14,3,5
2025-5014,Shanghai,Hard,96,M,20250924,,126239,,,Arthur Rinderknech,R,196,FRA,30.174,54,932,209098,,,Hamad Medjedovic,R,188,SRB,22.188,63,883,6-7(3) 1-0 RET,3,R128,104,14,0,46,35,27,3,7,3,4,6,2,68,44,31,9,6,6,7
2025-5014,Shanghai,Hard,96,M,20250924,,200473,,,Valentin Vacherot,R,193,MON,26.856,202,263,122330,14,,Alexander Bublik,R,196,KAZ,28.271,16,2445,3-6 6-3 6-4,3,R64,109,11,4,83,61,49,10,14,3,4,10,1,80,49,39,17,14,4,6
2025-5014,Shanghai,Hard,96,M,20250924,,104925,4,,Novak Djokovic,R,188,SRB,38.344,4,4830,105227,,,Marin Cilic,R,198,CRO,36.988,97,664,7-6(2) 6-4,3,R64,114,10,2,73,50,42,13,11,4,4,6,0,56,34,27,14,11,0,1
2025-5014,Shanghai,Hard,96,M,20250924,,105676,,,David Goffin,R,180,BEL,34.798,87,734,210097,6,,Ben Shelton,L,193,USA,22.96,6,4280,6-2 6-4,3,R64,91,2,0,52,39,32,7,9,3,3,6,0,43,30,20,7,9,2,5
2025-5014,Shanghai,Hard,96,M,20250924,,208029,10,,Holger Rune,R,188,DEN,22.407,11,3090,202104,,,Sebastian Baez,R,170,ARG,24.739,41,1135,7-5 6-4,3,R64,106,3,5,68,42,32,9,11,3,6,1,0,71,51,28,10,11,8,13
2025-5014,Shanghai,Hard,96,M,20250924,,202103,19,,Francisco Cerundolo,R,185,ARG,27.116,21,2135,105173,,,Adrian Mannarino,L,180,FRA,37.238,60,897,7-6(3) 7-6(4),3,R64,143,9,1,82,58,45,11,12,4,6,6,1,89,52,36,20,12,2,4
2025-5014,Shanghai,Hard,96,M,20250924,,207830,20,,Tomas Machac,R,183,CZE,24.947,22,2110,208233,,,Mattia Bellucci,L,175,ITA,24.315,64,869,6-3 6-4,3,R64,108,11,1,70,48,34,13,10,4,4,8,4,88,52,38,13,9,8,10
2025-5014,Shanghai,Hard,96,M,20250924,,200005,21,,Ugo Humbert,L,188,FRA,27.247,24,2045,111442,,,Jordan Thompson,R,183,AUS,31.431,78,795,6-3 7-6(4),3,R64,106,9,2,71,51,40,11,11,3,4,10,0,75,57,37,10,10,5,7
2025-5014,Shanghai,Hard,96,M,20250924,,144719,,,Jaume Munar,R,183,ESP,28.389,40,1138,207925,22,,Flavio Cobolli,R,183,ITA,23.387,25,2040,7-5 6-1,3,R64,92,2,1,53,27,24,17,10,1,1,2,5,61,37,24,12,9,3,6
2025-5014,Shanghai,Hard,96,M,20250924,,105870,,,Yannick Hanfmann,R,193,GER,33.864,159,369,126207,25,,Frances Tiafoe,R,188,USA,27.677,29,1640,6-7(9) 6-2 6-1,3,R64,170,21,1,96,70,50,15,14,1,3,5,4,98,51,33,25,13,12,18
2025-5014,Shanghai,Hard,96,M,20250924,,134868,27,,Tallon Griekspoor,R,188,NED,29.229,31,1565,202385,,,Jenson Brooksby,R,193,USA,24.912,86,737,6-1 1-6 6-1,3,R64,106,5,2,67,43,31,11,11,5,7,0,3,60,40,25,6,10,9,13
2025-5014,Shanghai,Hard,96,M,20250924,,209113,31,,Gabriel Diallo,R,203,CAN,24,35,1308,126127,,,Benjamin Bonzi,R,183,FRA,29.292,47,1083,6-4 6-4,3,R64,88,4,2,49,32,29,11,10,0,0,7,2,61,40,30,8,10,2,4
2025-5014,Shanghai,Hard,96,M,20250924,,208659,32,,Giovanni Mpetshi Perricard,R,203,FRA,22.215,36,1275,208134,,,Luca Nardi,R,185,ITA,22.136,85,740,6-3 7-6(4),3,R64,99,11,1,76,53,41,13,11,4,5,3,3,65,35,23,18,10,2,4
2025-5014,Shanghai,Hard,96,M,20250924,,126203,5,,Taylor Fritz,R,196,USA,27.907,5,4675,206681,,,Fabian Marozsan,R,193,HUN,25.963,57,920,2-6 7-6(4) 7-6(1),3,R64,140,15,1,93,60,51,19,16,3,5,7,1,109,76,56,20,16,8,8
2025-5014,Shanghai,Hard,96,M,20250924,,200267,,,Zizou Bergs,R,185,BEL,26.311,45,1089,134770,11,,Casper Ruud,R,183,NOR,26.757,12,2755,3-6 7-5 4-1 RET,3,R64,128,11,5,67,32,27,24,13,4,5,4,5,84,49,37,17,13,2,4
2025-5014,Shanghai,Hard,96,M,20250924,,206173,2,,Jannik Sinner,R,191,ITA,24.107,2,10780,127157,,,Daniel Altmaier,R,188,GER,27.034,50,1003,6-3 6-3,3,R64,98,3,0,54,34,30,9,9,2,2,5,2,61,35,22,13,9,1,4
2025-5014,Shanghai,Hard,96,M,20250924,,100644,3,,Alexander Zverev,R,198,GER,28.43,3,5930,R0EB,,,Valentin Royer,R,188,FRA,24.323,76,805,6-4 6-4,3,R64,98,12,2,61,44,34,10,10,5,5,3,0,62,43,27,13,10,2,4
2025-5014,Shanghai,Hard,96,M,20250924,,200282,7,,Alex de Minaur,R,183,AUS,26.601,8,3545,200116,,,Camilo Ugo Carabelli,R,185,ARG,26.272,43,1123,6-4 6-2,3,R64,88,3,1,45,30,26,11,9,0,0,6,1,63,42,24,12,9,6,9
2025-5014,Shanghai,Hard,96,M,20250924,,207518,8,,Lorenzo Musetti,R,185,ITA,23.562,9,3505,207681,,,Francisco Comesana,R,178,ARG,24.966,59,912,6-4 6-0,3,R64,87,1,0,43,26,21,11,8,0,0,2,2,48,26,18,6,8,5,9
2025-5014,Shanghai,Hard,96,M,20250924,,200000,12,,Felix Auger-Aliassime,R,193,CAN,25.128,13,2755,126214,,,Alejandro Tabilo,L,188,CHI,28.312,72,826,6-3 6-3,3,R64,85,11,2,67,47,35,9,9,7,7,2,0,54,38,21,10,9,2,5
2025-5014,Shanghai,Hard,96,M,20250924,,106415,,,Yoshihito Nishioka,L,170,JPN,29.993,157,374,126094,13,,Andrey Rublev,R,188,RUS,27.929,14,2610,2-6 6-1 6-4,3,R64,107,3,0,74,49,36,16,13,5,7,2,0,65,46,36,7,12,2,5
2025-5014,Shanghai,Hard,96,M,20250924,,208103,15,,Jiri Lehecka,R,185,CZE,23.877,17,2415,111460,,,Quentin Halys,R,191,FRA,28.912,75,806,6-4 7-5,3,R64,85,8,2,58,42,35,10,11,0,0,5,3,60,34,29,10,11,1,3
2025-5014,Shanghai,Hard,96,M,20250924,,106421,16,,Daniil Medvedev,R,198,RUS,29.618,18,2410,207494,,,Dalibor Svrcina,R,178,CZE,22.979,91,691,6-1 6-1,3,R64,60,2,2,35,29,24,4,7,0,0,0,1,43,30,10,6,7,4,9
2025-5014,Shanghai,Hard,96,M,20250924,,207411,,,Jesper de Jong,R,180,NED,25.317,79,784,210150,17,,Jakub Mensik,R,196,CZE,20.063,19,2380,4-6 7-6(2) 6-4,3,R64,148,17,3,102,67,50,18,16,7,9,13,3,101,63,53,19,16,2,4
2025-5014,Shanghai,Hard,96,M,20250924,,200221,18,,Alejandro Davidovich Fokina,R,180,ESP,26.305,20,2225,208286,,,Matteo Arnaldi,R,185,ITA,24.586,73,825,6-4 6-4,3,R64,90,5,0,58,36,25,14,10,2,4,5,1,64,45,35,10,10,2,2
2025-5014,Shanghai,Hard,96,M,20250924,,133430,23,,Denis Shapovalov,L,185,CAN,26.445,26,1838,106331,,,Christopher O'Connell,R,183,AUS,31.31,103,644,6-3 6-2,3,R64,72,11,3,54,33,25,12,9,2,3,3,0,49,26,16,8,8,5,9
2025-5014,Shanghai,Hard,96,M,20250924,,209260,26,,Luciano Darderi,R,183,ITA,23.608,30,1584,207352,,,Yunchaokete Bu,R,185,CHN,23.68,89,721,6-4 6-4,3,R64,90,9,0,52,33,28,11,10,2,3,10,0,55,31,25,9,10,2,5
2025-5014,Shanghai,Hard,96,M,20250924,,126239,,,Arthur Rinderknech,R,196,FRA,30.174,54,932,210506,28,,Alex Michelsen,R,193,USA,21.081,32,1485,6-3 6-4,3,R64,106,3,2,64,41,30,11,9,7,8,4,0,60,43,27,8,10,2,6
2025-5014,Shanghai,Hard,96,M,20250924,,111794,,,Kamil Majchrzak,R,183,POL,29.697,65,868,206909,29,,Brandon Nakashima,R,188,USA,24.142,33,1420,6-4 6-0,3,R64,70,11,0,49,36,26,7,8,0,1,5,2,54,32,17,9,8,6,11
2025-5014,Shanghai,Hard,96,M,20250924,,111815,30,,Cameron Norrie,L,188,GBR,30.089,34,1397,209070,,,Arthur Cazaux,R,183,FRA,23.088,80,782,6-3 0-6 7-6(5),3,R64,127,1,1,68,45,34,15,13,0,3,15,2,84,57,46,12,14,3,5
2025-5014,Shanghai,Hard,96,M,20250924,,210530,,,Learner Tien,L,180,USA,19.811,52,985,144895,,,Corentin Moutet,L,180,FRA,26.434,37,1233,4-6 6-4 6-4,3,R64,156,2,4,81,54,33,14,15,2,7,5,2,101,60,40,17,15,6,12
2025-5014,Shanghai,Hard,96,M,20250924,,209992,,,Juncheng Shang,L,180,CHN,20.641,238,235,111575,9,,Karen Khachanov,R,198,RUS,29.344,10,3280,7-6(3) 6-3,3,R64,101,5,2,65,45,39,6,11,0,2,8,1,62,42,30,8,10,0,3
2025-5014,Shanghai,Hard,96,M,20250924,,132686,,,Nuno Borges,R,185,POR,28.594,51,995,126846,,,Aleksandar Vukic,R,188,AUS,29.467,95,668,7-6(7) 6-4,3,R64,102,7,1,73,52,40,10,11,2,3,10,0,75,44,31,16,11,4,6
2025-5014,Shanghai,Hard,96,M,20250924,,104925,4,,Novak Djokovic,R,188,SRB,38.344,4,4830,105870,,,Yannick Hanfmann,R,193,GER,33.864,159,369,4-6 7-5 6-3,3,R32,162,7,1,89,54,46,20,16,2,3,13,0,87,54,41,17,15,1,3
2025-5014,Shanghai,Hard,96,M,20250924,,208659,32,,Giovanni Mpetshi Perricard,R,203,FRA,22.215,36,1275,126203,5,,Taylor Fritz,R,196,USA,27.907,5,4675,6-4 7-5,3,R32,85,12,2,57,40,32,13,11,0,0,9,1,61,42,33,11,11,4,6
2025-5014,Shanghai,Hard,96,M,20250924,,208029,10,,Holger Rune,R,188,DEN,22.407,11,3090,200005,21,,Ugo Humbert,L,188,FRA,27.247,24,2045,6-4 6-4,3,R32,94,6,2,52,31,25,14,10,0,1,6,4,54,30,23,11,10,2,5
2025-5014,Shanghai,Hard,96,M,20250924,,200267,,,Zizou Bergs,R,185,BEL,26.311,45,1089,202103,19,,Francisco Cerundolo,R,185,ARG,27.116,21,2135,7-6(1) 6-3,3,R32,130,6,2,76,45,36,13,11,6,8,9,3,80,44,27,17,10,8,11
2025-5014,Shanghai,Hard,96,M,20250924,,200473,,,Valentin Vacherot,R,193,MON,26.856,202,263,207830,20,,Tomas Machac,R,183,CZE,24.947,22,2110,6-0 3-1 RET,3,R32,53,3,0,26,16,13,9,5,0,0,1,1,52,31,17,6,5,9,13
2025-5014,Shanghai,Hard,96,M,20250924,,209113,31,,Gabriel Diallo,R,203,CAN,24,35,1308,105676,,,David Goffin,R,180,BEL,34.798,87,734,3-0 RET,3,R32,10,4,0,10,8,6,2,2,0,0,0,1,8,4,3,0,1,0,1
2025-5014,Shanghai,Hard,96,M,20250924,,144719,,,Jaume Munar,R,183,ESP,28.389,40,1138,106415,,,Yoshihito Nishioka,L,170,JPN,29.993,157,374,6-4 5-7 6-1,3,R32,148,12,1,98,69,51,14,15,8,11,3,2,74,49,36,7,14,3,8
2025-5014,Shanghai,Hard,96,M,20250924,,134868,27,,Tallon Griekspoor,R,188,NED,29.229,31,1565,206173,2,,Jannik Sinner,R,191,ITA,24.107,2,10780,6-7(3) 7-5 3-2 RET,3,R32,156,17,1,99,68,53,15,14,6,6,10,2,79,59,44,15,15,1,3
2025-5014,Shanghai,Hard,96,M,20250924,,200282,7,,Alex de Minaur,R,183,AUS,26.601,8,3545,111794,,,Kamil Majchrzak,R,183,POL,29.697,65,868,6-1 7-5,3,R32,87,4,0,45,31,24,10,9,1,2,8,3,75,45,28,10,10,6,11
2025-5014,Shanghai,Hard,96,M,20250924,,200000,12,,Felix Auger-Aliassime,R,193,CAN,25.128,13,2755,207411,,,Jesper de Jong,R,180,NED,25.317,79,784,6-4 7-5,3,R32,100,7,3,63,39,30,15,11,3,4,3,1,57,40,29,9,11,1,4
2025-5014,Shanghai,Hard,96,M,20250924,,132686,,,Nuno Borges,R,185,POR,28.594,51,995,209992,,,Juncheng Shang,L,180,CHN,20.641,238,235,7-6(5) 4-6 6-3,3,R32,147,17,6,101,67,51,17,16,3,5,6,0,93,70,51,11,15,2,4
2025-5014,Shanghai,Hard,96,M,20250924,,208103,15,,Jiri Lehecka,R,185,CZE,23.877,17,2415,133430,23,,Denis Shapovalov,L,185,CAN,26.445,26,1838,6-4 6-4,3,R32,93,5,2,56,35,26,12,10,1,3,8,6,75,47,30,11,10,10,14
2025-5014,Shanghai,Hard,96,M,20250924,,126239,,,Arthur Rinderknech,R,196,FRA,30.174,54,932,100644,3,,Alexander Zverev,R,198,GER,28.43,3,5930,4-6 6-3 6-2,3,R32,132,7,1,78,54,40,18,14,6,7,7,2,71,52,37,9,13,3,6
2025-5014,Shanghai,Hard,96,M,20250924,,207518,8,,Lorenzo Musetti,R,185,ITA,23.562,9,3505,209260,26,,Luciano Darderi,R,183,ITA,23.608,30,1584,7-5 7-6(1),3,R32,131,11,2,87,63,43,13,12,6,8,2,2,77,48,37,9,12,5,8
2025-5014,Shanghai,Hard,96,M,20250924,,106421,16,,Daniil Medvedev,R,198,RUS,29.618,18,2410,200221,18,,Alejandro Davidovich Fokina,R,180,ESP,26.305,20,2225,6-3 7-6(5),3,R32,111,9,1,61,35,33,15,11,1,1,1,2,80,53,38,11,10,8,9
2025-5014,Shanghai,Hard,96,M,20250924,,210530,,,Learner Tien,L,180,USA,19.811,52,985,111815,30,,Cameron Norrie,L,188,GBR,30.089,34,1397,7-6(4) 6-3,3,R32,107,4,4,74,46,34,13,10,8,10,3,1,69,48,34,4,11,2,6
2025-5014,Shanghai,Hard,96,M,20250924,,200267,,,Zizou Bergs,R,185,BEL,26.311,45,1089,209113,31,,Gabriel Diallo,R,203,CAN,24,35,1308,3-6 7-5 7-6(8),3,R16,168,10,3,101,66,47,21,16,2,5,10,3,100,75,57,10,17,1,4
2025-5014,Shanghai,Hard,96,M,20250924,,208029,10,,Holger Rune,R,188,DEN,22.407,11,3090,208659,32,,Giovanni Mpetshi Perricard,R,203,FRA,22.215,36,1275,6-4 6-7(7) 6-3,3,R16,148,9,0,93,59,48,24,16,3,3,16,5,96,63,47,19,15,5,7
2025-5014,Shanghai,Hard,96,M,20250924,,104925,4,,Novak Djokovic,R,188,SRB,38.344,4,4830,144719,,,Jaume Munar,R,183,ESP,28.389,40,1138,6-3 5-7 6-2,3,R16,161,3,0,84,58,44,16,15,1,2,3,0,86,49,29,26,14,5,8
2025-5014,Shanghai,Hard,96,M,20250924,,200473,,,Valentin Vacherot,R,193,MON,26.856,202,263,134868,27,,Tallon Griekspoor,R,188,NED,29.229,31,1565,4-6 7-6(1) 6-4,3,R16,142,13,1,103,71,53,19,16,6,7,11,1,81,60,48,14,16,3,4
2025-5014,Shanghai,Hard,96,M,20250924,,200282,7,,Alex de Minaur,R,183,AUS,26.601,8,3545,132686,,,Nuno Borges,R,185,POR,28.594,51,995,7-5 6-2,3,R16,107,2,0,54,33,26,17,10,3,3,2,0,86,56,36,11,10,9,12
2025-5014,Shanghai,Hard,96,M,20250924,,126239,,,Arthur Rinderknech,R,196,FRA,30.174,54,932,208103,15,,Jiri Lehecka,R,185,CZE,23.877,17,2415,6-3 7-6(5),3,R16,91,9,0,56,44,41,8,11,0,0,3,2,65,41,33,12,10,2,3
2025-5014,Shanghai,Hard,96,M,20250924,,200000,12,,Felix Auger-Aliassime,R,193,CAN,25.128,13,2755,207518,8,,Lorenzo Musetti,R,185,ITA,23.562,9,3505,6-4 6-2,3,R16,85,6,1,53,41,31,7,9,3,3,3,0,58,39,23,11,9,3,6
2025-5014,Shanghai,Hard,96,M,20250924,,106421,16,,Daniil Medvedev,R,198,RUS,29.618,18,2410,210530,,,Learner Tien,L,180,USA,19.811,52,985,7-6(6) 6-7(1) 6-4,3,R16,172,10,11,111,75,59,10,17,2,5,2,3,114,76,48,23,17,8,12
2025-5014,Shanghai,Hard,96,M,20250924,,200473,,,Valentin Vacherot,R,193,MON,26.856,202,263,208029,10,,Holger Rune,R,188,DEN,22.407,11,3090,2-6 7-6(4) 6-4,3,QF,179,7,1,121,83,54,19,15,7,10,12,4,98,67,49,13,15,2,4
2025-5014,Shanghai,Hard,96,M,20250924,,104925,4,,Novak Djokovic,R,188,SRB,38.344,4,4830,200267,,,Zizou Bergs,R,185,BEL,26.311,45,1089,6-3 7-5,3,QF,110,6,1,67,49,39,8,11,4,5,7,4,64,42,32,7,10,6,9
2025-5014,Shanghai,Hard,96,M,20250924,,126239,,,Arthur Rinderknech,R,196,FRA,30.174,54,932,200000,12,,Felix Auger-Aliassime,R,193,CAN,25.128,13,2755,6-3 6-4,3,QF,88,5,1,54,34,29,13,10,3,3,8,3,57,41,26,10,9,0,2
2025-5014,Shanghai,Hard,96,M,20250924,,106421,16,,Daniil Medvedev,R,198,RUS,29.618,18,2410,200282,7,,Alex de Minaur,R,183,AUS,26.601,8,3545,6-4 6-4,3,QF,113,5,6,69,42,33,14,10,6,6,1,1,71,49,34,8,10,4,6
2025-5014,Shanghai,Hard,96,M,20250924,,200473,,,Valentin Vacherot,R,193,MON,26.856,202,263,104925,4,,Novak Djokovic,R,188,SRB,38.344,4,4830,6-3 6-4,3,SF,113,5,6,69,42,33,14,10,6,6,1,1,71,49,34,8,10,4,6
2025-5014,Shanghai,Hard,96,M,20250924,,126239,,,Arthur Rinderknech,R,196,FRA,30.174,54,932,106421,16,,Daniil Medvedev,R,198,RUS,29.618,18,2410,4-6 6-2 6-4,3,SF,149,12,6,111,75,51,18,14,10,11,11,4,78,51,39,12,14,3,6
2025-5014,Shanghai,Hard,96,M,20250924,,200473,,,Valentin Vacherot,R,193,MON,26.856,202,263,126239,,,Arthur Rinderknech,R,196,FRA,30.174,54,932,4-6 6-3 6-3,3,F,134,8,1,72,49,38,17,14,0,1,11,1,89,63,43,14,14,11,14
2025-429,Stockholm,Hard,28,A,20251013,1,207985,,,Jacob Fearnley,R,183,GBR,24.246,81,764,134868,5,,Tallon Griekspoor,R,188,NED,29.281,27,1615,6-3 6-7(6) 7-6(5),3,R32,164,6,5,101,58,45,26,16,2,3,12,3,113,78,56,15,17,4,7
2025-429,Stockholm,Hard,28,A,20251013,2,200175,,,Miomir Kecmanovic,R,183,SRB,26.119,49,1066,124186,6,,Alexandre Muller,R,183,FRA,28.695,43,1165,6-4 6-1,3,R32,83,2,2,46,32,22,7,8,3,5,1,1,64,39,23,6,9,9,15
2025-429,Stockholm,Hard,28,A,20251013,3,200624,,,Sebastian Korda,R,196,USA,25.273,60,920,200615,7,,Alexei Popyrin,R,196,AUS,26.19,48,1090,6-7(4) 6-1 6-3,3,R32,143,13,4,92,51,34,24,14,3,6,9,5,112,73,46,12,14,13,20
2025-429,Stockholm,Hard,28,A,20251013,4,209863,,,Leo Borg,R,183,SWE,22.415,622,57,124116,,,Sebastian Ofner,R,191,AUT,29.421,140,463,6-3 6-4,3,R32,75,2,4,65,42,31,15,10,1,1,5,2,52,26,23,12,9,1,3
2025-429,Stockholm,Hard,28,A,20251013,5,111200,,,Elias Ymer,R,185,SWE,29.509,243,225,144707,,,Mikael Ymer,R,185,SWE,27.094,617,57,6-2 7-6(4),3,R32,90,12,3,63,37,30,15,10,1,1,3,5,69,43,30,13,10,2,4
2025-429,Stockholm,Hard,28,A,20251013,6,105227,,,Marin Cilic,R,198,CRO,37.04,92,684,149282,,,Nicolai Budkov Kjaer,R,191,NOR,19.116,136,473,7-5 6-3,3,R32,93,12,2,59,34,29,16,11,0,0,2,2,71,33,27,19,10,5,7
2025-429,Stockholm,Hard,28,A,20251013,7,144869,,,Tomas Martin Etcheverry,R,196,ARG,26.24,63,880,210136,,,Mark Lajal,R,191,EST,22.423,149,423,7-6(5) 6-7(5) 6-3,3,R32,175,9,2,104,73,50,18,16,2,5,8,2,100,61,47,18,17,4,9
2025-429,Stockholm,Hard,28,A,20251013,8,111794,,,Kamil Majchrzak,R,183,POL,29.749,75,818,209209,,,Filip Misolic,R,180,AUT,24.181,95,663,6-2 6-2,3,R32,80,2,3,59,31,24,14,8,7,7,1,3,60,37,19,10,8,2,6
2025-429,Stockholm,Hard,28,A,20251013,9,126610,,,Matteo Berrettini,R,196,ITA,29.503,61,905,206748,,,Giulio Zeppieri,L,183,ITA,23.849,160,362,6-4 6-2,3,R32,80,6,2,61,33,26,13,9,4,5,5,2,50,35,22,6,9,4,8
2025-429,Stockholm,Hard,28,A,20251013,10,206499,,,Aleksandar Kovacevic,R,183,USA,27.124,69,862,200116,8,,Camilo Ugo Carabelli,R,185,ARG,26.324,50,1053,4-6 7-5 4-0 RET,3,R32,124,13,3,89,59,39,15,13,7,10,3,2,77,44,30,14,13,4,9
2025-429,Stockholm,Hard,28,A,20251013,11,105916,,,Marton Fucsovics,R,188,HUN,33.678,55,986,207411,,,Jesper de Jong,R,180,NED,25.369,82,760,6-1 6-2,3,R32,66,3,2,51,32,24,9,7,4,5,2,6,41,25,10,6,8,0,6
2025-429,Stockholm,Hard,28,A,20251013,12,132283,,,Lorenzo Sonego,R,191,ITA,30.426,47,1105,209259,,,Arthur Fery,R,175,GBR,23.255,221,251,6-4 6-2,3,R32,96,3,1,60,44,33,7,9,3,4,0,2,60,28,14,18,9,8,12
2025-429,Stockholm,Hard,28,A,20251013,13,133430,3,,Denis Shapovalov,L,185,CAN,26.497,23,1838,209863,,,Leo Borg,R,183,SWE,22.415,622,57,6-2 5-7 6-1,3,R16,128,6,8,78,47,39,12,13,4,7,0,6,104,63,35,16,14,11,18
2025-429,Stockholm,Hard,28,A,20251013,14,134770,2,,Casper Ruud,R,183,NOR,26.809,12,2945,105227,,,Marin Cilic,R,198,CRO,37.04,92,684,7-6(2) 6-4,3,R16,109,7,1,51,35,32,11,11,0,1,8,4,96,52,35,20,11,3,5
2025-429,Stockholm,Hard,28,A,20251013,15,200624,,,Sebastian Korda,R,196,USA,25.273,60,920,111794,,,Kamil Majchrzak,R,183,POL,29.749,75,818,6-4 4-6 7-5,3,R16,153,10,5,101,56,46,22,16,9,10,3,1,124,77,52,24,16,10,12
2025-429,Stockholm,Hard,28,A,20251013,16,200005,4,,Ugo Humbert,L,188,FRA,27.299,25,1725,126610,,,Matteo Berrettini,R,196,ITA,29.503,61,905,7-6(5) 6-3,3,R16,92,4,2,59,40,32,13,10,0,0,9,2,65,41,31,12,11,0,2
2025-429,Stockholm,Hard,28,A,20251013,17,144869,,,Tomas Martin Etcheverry,R,196,ARG,26.24,63,880,200175,,,Miomir Kecmanovic,R,183,SRB,26.119,49,1066,6-4 4-6 6-3,3,R16,143,19,4,117,80,61,13,15,9,11,8,2,74,42,33,16,14,2,5
2025-429,Stockholm,Hard,28,A,20251013,18,132283,,,Lorenzo Sonego,R,191,ITA,30.426,47,1105,206499,,,Aleksandar Kovacevic,R,183,USA,27.124,69,862,7-6(3) 6-1,3,R16,84,5,1,62,40,31,16,10,1,1,7,4,52,28,20,11,9,1,3
2025-429,Stockholm,Hard,28,A,20251013,19,111200,,,Elias Ymer,R,185,SWE,29.509,243,225,207985,,,Jacob Fearnley,R,183,GBR,24.246,81,764,6-2 6-2,3,R16,75,4,2,46,31,25,9,8,2,2,1,7,51,30,19,7,8,3,7
2025-429,Stockholm,Hard,28,A,20251013,20,208029,1,,Holger Rune,R,188,DEN,22.459,11,3090,105916,,,Marton Fucsovics,R,188,HUN,33.678,55,986,6-4 6-4,3,R16,108,6,2,70,47,32,13,10,8,9,1,0,68,42,26,13,10,7,10
2025-429,Stockholm,Hard,28,A,20251013,21,208029,1,,Holger Rune,R,188,DEN,22.459,11,3090,144869,,,Tomas Martin Etcheverry,R,196,ARG,26.24,63,880,6-7(4) 6-3 6-4,3,QF,153,12,8,81,48,40,17,15,2,5,7,3,120,81,52,16,16,3,9
2025-429,Stockholm,Hard,28,A,20251013,22,200005,4,,Ugo Humbert,L,188,FRA,27.299,25,1725,132283,,,Lorenzo Sonego,R,191,ITA,30.426,47,1105,6-7(3) 6-0 6-3,3,QF,163,8,1,110,74,48,24,13,12,12,2,4,90,59,39,16,14,4,9
2025-429,Stockholm,Hard,28,A,20251013,23,134770,2,,Casper Ruud,R,183,NOR,26.809,12,2945,200624,,,Sebastian Korda,R,196,USA,25.273,60,920,6-7(5) 6-4 6-4,3,QF,150,11,3,100,58,46,24,16,6,7,14,4,109,67,48,22,16,0,3
2025-429,Stockholm,Hard,28,A,20251013,24,133430,3,,Denis Shapovalov,L,185,CAN,26.497,23,1838,111200,,,Elias Ymer,R,185,SWE,29.509,243,225,6-4 6-7(3) 6-1,3,QF,156,5,3,91,60,40,18,15,3,6,2,2,107,64,42,16,14,8,14
2025-429,Stockholm,Hard,28,A,20251013,25,200005,4,,Ugo Humbert,L,188,FRA,27.299,25,1725,208029,1,,Holger Rune,R,188,DEN,22.459,11,3090,4-6 2-2 RET,3,SF,83,2,2,47,27,20,9,7,3,5,4,3,52,30,23,9,7,5,6
2025-429,Stockholm,Hard,28,A,20251013,26,134770,2,,Casper Ruud,R,183,NOR,26.809,12,2945,133430,3,,Denis Shapovalov,L,185,CAN,26.497,23,1838,6-3 6-4,3,SF,79,2,1,63,41,34,9,10,4,5,6,4,54,33,23,9,9,3,6
2025-429,Stockholm,Hard,28,A,20251013,27,134770,2,,Casper Ruud,R,183,NOR,26.809,12,2945,200005,4,,Ugo Humbert,L,188,FRA,27.299,25,1725,6-2 6-3,3,F,66,2,0,39,24,22,14,9,0,0,5,1,49,34,20,7,8,3,6
2025-7485,Brussels,Hard,28,A,20251013,1,126127,,,Benjamin Bonzi,R,183,FRA,29.344,53,1005,124187,,,Reilly Opelka,R,211,USA,28.126,62,895,6-4 6-4,3,R32,69,7,1,52,35,31,11,10,0,0,13,2,54,39,29,5,10,1,3
2025-7485,Brussels,Hard,28,A,20251013,2,106218,,,Marcos Giron,R,180,USA,32.222,54,1000,208233,,,Mattia Bellucci,L,175,ITA,24.367,71,837,6-3 6-4,3,R32,78,10,0,55,38,31,11,10,1,1,5,3,63,43,29,8,9,2,4
2025-7485,Brussels,Hard,28,A,20251013,3,207681,,,Francisco Comesana,R,178,ARG,25.018,68,867,105676,,,David Goffin,R,180,BEL,34.85,105,609,7-6(5) 6-4,3,R32,95,9,2,70,42,33,13,11,2,4,5,6,63,30,22,15,11,0,3
2025-7485,Brussels,Hard,28,A,20251013,4,208659,5,,Giovanni Mpetshi Perricard,R,203,FRA,22.267,37,1365,200325,,,Emil Ruusuvuori,R,188,FIN,26.533,608,58,7-6(4) 6-7(5) 6-4,3,R32,128,39,6,109,79,65,18,17,4,4,22,2,97,67,53,21,17,1,2
2025-7485,Brussels,Hard,28,A,20251013,5,R0EB,,,Valentin Royer,R,188,FRA,24.375,70,847,202104,6,,Sebastian Baez,R,170,ARG,24.791,44,1155,6-2 6-3,3,R32,74,5,0,45,30,26,11,9,1,1,2,2,58,44,25,7,8,8,11
2025-7485,Brussels,Hard,28,A,20251013,6,211451,,,Gilles Arnaud Bailly,R,180,BEL,20.066,247,221,127157,,,Daniel Altmaier,R,188,GER,27.086,51,1048,6-4 6-7(10) 6-3,3,R32,158,1,2,110,71,56,19,16,10,11,19,7,92,60,49,12,15,4,7
2025-7485,Brussels,Hard,28,A,20251013,7,208118,,,Eliot Spizzirri,R,185,USA,23.806,111,563,124079,,,Pedro Martinez,R,185,ESP,28.465,89,718,6-4 6-1,3,R32,77,5,2,47,28,27,10,9,0,0,3,1,49,31,20,6,8,1,4
2025-7485,Brussels,Hard,28,A,20251013,8,122298,,,Botic van de Zandschulp,R,191,NED,30.026,86,727,211663,7,,Joao Fonseca,R,188,BRA,19.146,45,1129,7-5 7-6(2),3,R32,122,15,3,72,48,42,9,12,2,4,5,3,96,56,37,18,12,5,8
2025-7485,Brussels,Hard,28,A,20251013,9,209920,,,Raphael Collignon,R,191,BEL,23.748,90,713,200267,8,,Zizou Bergs,R,185,BEL,26.363,39,1299,6-4 7-6(5),3,R32,119,8,8,74,52,44,7,11,3,4,5,6,82,40,29,24,11,6,8
2025-7485,Brussels,Hard,28,A,20251013,10,105932,,,Nikoloz Basilashvili,R,185,GEO,33.637,101,642,111460,,,Quentin Halys,R,191,FRA,28.964,77,789,6-4 6-4,3,R32,82,7,1,66,44,37,11,10,6,6,12,3,66,43,33,7,10,6,8
2025-7485,Brussels,Hard,28,A,20251013,11,106000,,,Damir Dzumhur,R,175,BIH,33.399,67,868,C0NB,,,Federico Cina,R,185,ITA,18.541,226,247,6-7(5) 6-2 7-6(3),3,R32,163,4,0,93,67,56,15,16,2,3,7,3,139,92,61,21,16,9,12
2025-7485,Brussels,Hard,28,A,20251013,12,105870,,,Yannick Hanfmann,R,193,GER,33.916,139,464,208286,,,Matteo Arnaldi,R,185,ITA,24.638,74,818,6-7(4) 6-4 6-4,3,R32,150,16,1,95,63,49,21,16,2,3,11,1,102,70,52,15,16,1,4
2025-7485,Brussels,Hard,28,A,20251013,13,208118,,,Eliot Spizzirri,R,185,USA,23.806,111,563,122298,,,Botic van de Zandschulp,R,191,NED,30.026,86,727,7-5 6-0,3,R16,74,10,0,46,41,32,4,9,0,0,3,5,58,32,16,13,9,1,5
2025-7485,Brussels,Hard,28,A,20251013,14,207518,1,,Lorenzo Musetti,R,185,ITA,23.614,8,3645,105870,,,Yannick Hanfmann,R,193,GER,33.916,139,464,7-6(3) 7-5,3,R16,97,6,1,67,44,37,16,12,0,0,3,2,68,44,39,11,12,0,1
2025-7485,Brussels,Hard,28,A,20251013,15,208103,3,,Jiri Lehecka,R,185,CZE,23.929,17,2415,211451,,,Gilles Arnaud Bailly,R,180,BEL,20.066,247,221,6-3 6-2,3,R16,74,11,0,46,36,30,7,9,1,1,0,1,57,37,20,10,8,3,6
2025-7485,Brussels,Hard,28,A,20251013,16,126127,,,Benjamin Bonzi,R,183,FRA,29.344,53,1005,R0EB,,,Valentin Royer,R,188,FRA,24.375,70,847,7-6(3) 4-6 6-1,3,R16,127,10,1,80,52,46,16,15,1,2,11,0,96,60,40,19,14,3,5
2025-7485,Brussels,Hard,28,A,20251013,17,200221,4,,Alejandro Davidovich Fokina,R,180,ESP,26.357,20,2260,106218,,,Marcos Giron,R,180,USA,32.222,54,1000,6-7(5) 6-1 6-4,3,R16,134,5,0,99,71,54,15,15,3,4,14,1,90,53,40,18,14,6,10
2025-7485,Brussels,Hard,28,A,20251013,18,209920,,,Raphael Collignon,R,191,BEL,23.748,90,713,207681,,,Francisco Comesana,R,178,ARG,25.018,68,867,7-5 3-6 7-6(10),3,R16,156,8,3,98,71,58,10,16,1,2,10,2,113,84,64,14,17,1,2
2025-7485,Brussels,Hard,28,A,20251013,19,200000,2,,Felix Auger-Aliassime,R,193,CAN,25.18,13,2905,106000,,,Damir Dzumhur,R,175,BIH,33.399,67,868,7-6(3) 4-6 7-6(5),3,R16,173,22,1,105,73,57,17,17,0,2,0,2,139,105,71,20,17,13,14
2025-7485,Brussels,Hard,28,A,20251013,20,208659,5,,Giovanni Mpetshi Perricard,R,203,FRA,22.267,37,1365,105932,,,Nikoloz Basilashvili,R,185,GEO,33.637,101,642,7-5 RET,3,R16,44,10,2,28,23,22,2,6,0,0,0,2,33,19,13,10,6,0,1
2025-7485,Brussels,Hard,28,A,20251013,21,208659,5,,Giovanni Mpetshi Perricard,R,203,FRA,22.267,37,1365,207518,1,,Lorenzo Musetti,R,185,ITA,23.614,8,3645,6-4 7-6(8),3,QF,83,12,1,62,49,43,8,11,0,0,4,3,69,53,40,9,11,2,3
2025-7485,Brussels,Hard,28,A,20251013,22,208103,3,,Jiri Lehecka,R,185,CZE,23.929,17,2415,126127,,,Benjamin Bonzi,R,183,FRA,29.344,53,1005,6-7(8) 6-1 4-1 RET,3,QF,114,12,0,67,49,43,10,12,0,0,6,2,88,57,37,14,12,4,8
2025-7485,Brussels,Hard,28,A,20251013,23,209920,,,Raphael Collignon,R,191,BEL,23.748,90,713,200221,4,,Alejandro Davidovich Fokina,R,180,ESP,26.357,20,2260,7-6(5) 6-1,3,QF,107,12,10,75,54,44,8,10,3,3,5,3,73,59,39,6,9,4,6
2025-7485,Brussels,Hard,28,A,20251013,24,200000,2,,Felix Auger-Aliassime,R,193,CAN,25.18,13,2905,208118,,,Eliot Spizzirri,R,185,USA,23.806,111,563,6-2 7-6(6),3,QF,99,11,2,73,49,40,10,10,3,4,5,1,65,49,31,9,10,4,7
2025-7485,Brussels,Hard,28,A,20251013,25,208103,3,,Jiri Lehecka,R,185,CZE,23.929,17,2415,208659,5,,Giovanni Mpetshi Perricard,R,203,FRA,22.267,37,1365,7-6(3) 7-6(7),3,SF,89,11,0,67,48,44,16,12,0,0,19,1,81,66,55,6,12,2,2
2025-7485,Brussels,Hard,28,A,20251013,26,200000,2,,Felix Auger-Aliassime,R,193,CAN,25.18,13,2905,209920,,,Raphael Collignon,R,191,BEL,23.748,90,713,7-6(2) 6-4,3,SF,105,8,1,69,51,40,11,11,0,0,5,4,74,52,35,13,11,2,3
2025-7485,Brussels,Hard,28,A,20251013,27,200000,2,,Felix Auger-Aliassime,R,193,CAN,25.18,13,2905,208103,3,,Jiri Lehecka,R,185,CZE,23.929,17,2415,7-6(2) 6-7(6) 6-2,3,F,154,17,1,101,84,66,12,16,3,3,10,3,113,72,54,21,16,4,6
2025-9410,Almaty,Hard,28,A,20251013,1,210506,6,,Alex Michelsen,R,193,USA,21.133,36,1365,202320,,,Beibit Zhukayev,R,198,KAZ,25.002,237,235,6-2 6-3,3,R32,72,3,2,63,46,29,11,9,2,3,6,4,47,29,18,5,8,3,7
2025-9410,Almaty,Hard,28,A,20251013,2,208278,,,Shintaro Mochizuki,R,175,JPN,22.366,102,636,209070,,,Arthur Cazaux,R,183,FRA,23.14,58,952,6-4 6-4,3,R32,89,3,4,64,33,26,19,10,2,2,9,0,56,41,31,5,10,1,3
2025-9410,Almaty,Hard,28,A,20251013,3,105526,,,Jan-Lennard Struff,R,193,GER,35.469,98,648,111456,,,Mackenzie McDonald,R,178,USA,30.494,99,646,2-6 6-3 6-4,3,R32,85,9,2,74,54,42,12,14,3,5,6,2,65,48,40,7,13,0,2
2025-9410,Almaty,Hard,28,A,20251013,4,206909,5,,Brandon Nakashima,R,188,USA,24.194,34,1430,209098,,,Hamad Medjedovic,R,188,SRB,22.24,64,877,7-6(5) 6-2,3,R32,82,11,0,59,44,35,11,10,3,3,7,1,71,47,35,12,10,2,4
2025-9410,Almaty,Hard,28,A,20251013,5,208014,,,Rinky Hijikata,R,178,AUS,24.635,114,558,207608,,,Timofey Skatov,R,173,KAZ,24.726,236,238,7-6(3) 2-6 6-3,3,R32,134,6,2,101,67,42,20,15,8,12,4,1,79,54,39,14,14,4,7
2025-9410,Almaty,Hard,28,A,20251013,6,207686,,,Alexander Shevchenko,R,188,KAZ,24.871,91,687,111513,,,Laslo Djere,R,188,SRB,30.366,79,776,7-6(1) 7-6(12),3,R32,126,10,3,91,61,53,13,12,1,2,3,2,97,63,46,20,12,2,3
2025-9410,Almaty,Hard,28,A,20251013,7,126846,,,Aleksandar Vukic,R,188,AUS,29.52,84,733,209916,,,Marko Topo,R,185,GER,22.084,277,196,6-4 3-6 6-1,3,R32,124,8,1,79,44,34,17,13,2,4,2,3,100,50,30,26,13,13,17
2025-9410,Almaty,Hard,28,A,20251013,8,200443,,,Adam Walton,R,183,AUS,26.491,76,796,209262,,,Tristan Schoolkate,R,183,AUS,24.627,96,662,7-6(4) 6-7(3) 6-2,3,R32,145,10,1,110,80,60,16,16,6,7,18,5,96,61,50,16,16,2,5
2025-9410,Almaty,Hard,28,A,20251013,9,209113,7,,Gabriel Diallo,R,203,CAN,24.052,35,1368,O0E7,,,Amir Omarkhanov,R,180,KAZ,17.906,1137,10,6-3 6-1,3,R32,62,5,2,37,27,25,7,8,0,0,2,1,59,34,21,10,8,7,11
2025-9410,Almaty,Hard,28,A,20251013,10,144895,8,,Corentin Moutet,L,180,FRA,26.486,41,1243,106071,,,Bernard Tomic,R,196,AUS,32.977,181,312,6-1 7-6(9),3,R32,112,5,3,84,52,40,17,10,4,4,1,1,80,55,34,13,9,6,8
2025-9410,Almaty,Hard,28,A,20251013,11,105902,,,James Duckworth,R,183,AUS,33.728,138,465,200259,,,Ugo Blanchet,R,175,FRA,26.771,150,420,6-3 6-4,3,R32,74,9,1,57,29,24,19,10,2,2,7,0,55,35,25,10,9,6,8
2025-9410,Almaty,Hard,28,A,20251013,12,206681,,,Fabian Marozsan,R,193,HUN,26.015,52,1040,208134,,,Luca Nardi,R,185,ITA,22.188,83,747,7-6(3) 6-3,3,R32,80,8,1,60,47,35,8,10,1,2,6,4,69,39,25,16,11,3,6
2025-9410,Almaty,Hard,28,A,20251013,13,105526,,,Jan-Lennard Struff,R,193,GER,35.469,98,648,111575,1,,Karen Khachanov,R,198,RUS,29.396,10,3190,4-6 7-6(5) 6-3,3,R16,139,12,3,108,71,55,18,15,6,7,13,2,107,69,53,20,16,7,9
2025-9410,Almaty,Hard,28,A,20251013,14,106421,2,,Daniil Medvedev,R,198,RUS,29.67,14,2610,200443,,,Adam Walton,R,183,AUS,26.491,76,796,7-5 7-6(0),3,R16,104,13,7,90,59,46,15,12,5,6,6,1,69,47,35,10,12,4,6
2025-9410,Almaty,Hard,28,A,20251013,15,208278,,,Shintaro Mochizuki,R,175,JPN,22.366,102,636,209260,4,,Luciano Darderi,R,183,ITA,23.661,26,1649,6-3 6-3,3,R16,64,9,1,45,23,19,14,9,0,1,6,4,61,41,23,11,9,1,5
2025-9410,Almaty,Hard,28,A,20251013,16,210506,6,,Alex Michelsen,R,193,USA,21.133,36,1365,126846,,,Aleksandar Vukic,R,188,AUS,29.52,84,733,6-3 6-2,3,R16,59,3,2,47,34,28,8,9,0,0,3,2,51,30,20,9,8,3,6
2025-9410,Almaty,Hard,28,A,20251013,17,207925,3,,Flavio Cobolli,R,183,ITA,23.439,22,1950,208014,,,Rinky Hijikata,R,178,AUS,24.635,114,558,6-4 7-5,3,R16,78,9,1,58,41,32,9,11,0,1,4,3,66,39,28,11,11,2,5
2025-9410,Almaty,Hard,28,A,20251013,18,206681,,,Fabian Marozsan,R,193,HUN,26.015,52,1040,206909,5,,Brandon Nakashima,R,188,USA,24.194,34,1430,7-6(5) 6-1,3,R16,79,5,0,59,43,32,12,10,0,0,4,0,61,47,33,5,9,3,5
2025-9410,Almaty,Hard,28,A,20251013,19,105902,,,James Duckworth,R,183,AUS,33.728,138,465,209113,7,,Gabriel Diallo,R,203,CAN,24.052,35,1368,7-6(3) 6-7(3) 6-4,3,R16,150,10,5,95,64,60,15,17,0,0,22,2,115,94,70,10,17,7,8
2025-9410,Almaty,Hard,28,A,20251013,20,144895,8,,Corentin Moutet,L,180,FRA,26.486,41,1243,207686,,,Alexander Shevchenko,R,188,KAZ,24.871,91,687,7-5 6-3,3,R16,106,4,0,69,49,28,15,11,4,6,7,3,73,51,33,6,10,6,10
2025-9410,Almaty,Hard,28,A,20251013,21,106421,2,,Daniil Medvedev,R,198,RUS,29.67,14,2610,206681,,,Fabian Marozsan,R,193,HUN,26.015,52,1040,7-5 6-2,3,QF,66,9,2,59,48,38,7,10,3,3,2,1,53,39,25,7,10,1,4
2025-9410,Almaty,Hard,28,A,20251013,22,105902,,,James Duckworth,R,183,AUS,33.728,138,465,207925,3,,Flavio Cobolli,R,183,ITA,23.439,22,1950,6-3 6-2,3,QF,91,2,1,55,26,23,19,9,5,5,5,6,85,42,29,16,8,10,13
2025-9410,Almaty,Hard,28,A,20251013,23,210506,6,,Alex Michelsen,R,193,USA,21.133,36,1365,208278,,,Shintaro Mochizuki,R,175,JPN,22.366,102,636,6-3 3-6 6-2,3,QF,124,12,2,101,69,49,11,13,6,9,4,7,92,44,32,17,13,9,14
2025-9410,Almaty,Hard,28,A,20251013,24,144895,8,,Corentin Moutet,L,180,FRA,26.486,41,1243,105526,,,Jan-Lennard Struff,R,193,GER,35.469,98,648,6-4 7-5,3,QF,110,4,4,80,46,31,16,11,15,18,3,3,64,39,24,12,11,1,6
2025-9410,Almaty,Hard,28,A,20251013,25,106421,2,,Daniil Medvedev,R,198,RUS,29.67,14,2610,105902,,,James Duckworth,R,183,AUS,33.728,138,465,6-7(8) 6-3 6-2,3,SF,132,15,8,94,55,47,22,15,1,1,12,0,100,57,43,18,14,6,9
2025-9410,Almaty,Hard,28,A,20251013,26,144895,8,,Corentin Moutet,L,180,FRA,26.486,41,1243,210506,6,,Alex Michelsen,R,193,USA,21.133,36,1365,7-5 6-4,3,SF,132,1,0,98,69,40,16,11,6,8,2,0,69,52,33,5,11,7,11
2025-9410,Almaty,Hard,28,A,20251013,27,106421,2,,Daniil Medvedev,R,198,RUS,29.67,14,2610,144895,8,,Corentin Moutet,L,180,FRA,26.486,41,1243,7-5 4-6 6-3,3,F,156,8,5,94,65,45,14,16,2,5,1,0,96,70,44,13,15,5,9
2025-328,Basel,Hard,32,A,20251020,1,126203,1,,Taylor Fritz,R,196,USA,27.978,4,4645,200473,,,Valentin Vacherot,R,193,MON,26.927,39,1283,4-6 7-6(4) 7-5,3,R32,156,21,6,116,69,49,24,17,7,11,12,7,111,69,52,17,17,6,10
2025-328,Basel,Hard,32,A,20251020,2,134770,4,,Casper Ruud,R,183,NOR,26.828,11,3145,111460,,,Quentin Halys,R,191,FRA,28.983,78,774,6-1 7-6(3),3,R32,75,10,0,57,41,32,10,10,0,1,10,1,58,36,25,10,9,2,5
2025-328,Basel,Hard,32,A,20251020,3,200000,5,,Felix Auger-Aliassime,R,193,CAN,25.199,12,3145,209113,,,Gabriel Diallo,R,203,CAN,24.071,41,1228,6-2 7-5,3,R32,110,8,4,64,50,37,7,10,3,4,8,6,89,60,39,8,10,8,12
2025-328,Basel,Hard,32,A,20251020,4,122298,,,Botic van de Zandschulp,R,191,NED,30.045,82,752,208103,6,,Jiri Lehecka,R,185,CZE,23.948,17,2415,6-2 6-2,3,R32,83,4,2,62,40,24,8,8,6,10,7,3,58,31,25,15,8,5,5
2025-328,Basel,Hard,32,A,20251020,5,200005,,,Ugo Humbert,L,188,FRA,27.318,24,1880,200624,,,Sebastian Korda,R,196,USA,25.292,56,960,6-3 6-4,3,R32,70,6,0,54,42,34,7,10,3,4,5,1,48,32,21,8,9,5,8
2025-328,Basel,Hard,32,A,20251020,6,210097,2,,Ben Shelton,L,193,USA,23.031,6,4100,111794,,,Kamil Majchrzak,R,183,POL,29.769,70,836,6-7(2) 6-3 7-6(7),3,R32,164,13,0,114,83,64,13,16,4,4,12,2,113,78,58,19,17,4,6
2025-328,Basel,Hard,32,A,20251020,7,133430,9,,Denis Shapovalov,L,185,CAN,26.516,23,1928,106218,,,Marcos Giron,R,180,USA,32.241,57,925,6-7(3) 6-0 7-6(4),3,R32,135,13,5,102,66,47,20,15,5,7,3,0,94,64,41,16,15,3,8
2025-328,Basel,Hard,32,A,20251020,8,105227,,,Marin Cilic,R,198,CRO,37.06,89,709,105676,,,David Goffin,R,180,BEL,34.869,104,609,7-6(9) 7-5,3,R32,108,10,2,72,43,37,20,12,0,0,15,0,72,49,41,11,12,0,1
2025-328,Basel,Hard,32,A,20251020,9,211663,,,Joao Fonseca,R,188,BRA,19.165,46,1129,208659,,,Giovanni Mpetshi Perricard,R,203,FRA,22.286,33,1455,7-6(6) 6-3,3,R32,86,7,1,68,47,37,15,11,0,0,13,0,66,51,33,12,10,1,2
2025-328,Basel,Hard,32,A,20251020,10,124187,,,Reilly Opelka,R,211,USA,28.145,62,895,202104,,,Sebastian Baez,R,170,ARG,24.81,43,1155,6-3 6-4,3,R32,72,19,0,51,43,37,5,10,0,0,0,2,66,48,33,8,9,5,7
2025-328,Basel,Hard,32,A,20251020,11,R0EB,,,Valentin Royer,R,188,FRA,24.394,69,869,209920,,,Raphael Collignon,R,191,BEL,23.767,73,813,6-4 7-6(5),3,R32,92,3,3,78,54,39,13,11,1,2,7,4,58,45,37,6,11,1,3
2025-328,Basel,Hard,32,A,20251020,12,104527,,,Stan Wawrinka,R,183,SUI,40.564,158,372,200175,,,Miomir Kecmanovic,R,183,SRB,26.138,52,1041,6-1 7-6(3),3,R32,82,12,1,59,40,30,12,10,0,1,2,4,60,34,24,11,9,5,8
2025-328,Basel,Hard,32,A,20251020,13,210150,7,,Jakub Mensik,R,196,CZE,20.134,19,2265,B0TP,,,Henry Bernet,R,191,SUI,18.735,481,89,7-6(1) 6-7(7) 6-3,3,R32,149,18,8,109,62,51,31,17,2,2,8,4,105,59,44,28,16,5,6
2025-328,Basel,Hard,32,A,20251020,14,200221,8,,Alejandro Davidovich Fokina,R,180,ESP,26.376,18,2285,132283,,,Lorenzo Sonego,R,191,ITA,30.445,45,1130,7-6(2) 6-4,3,R32,122,4,6,72,43,34,16,11,1,2,10,0,82,55,37,13,11,6,8
2025-328,Basel,Hard,32,A,20251020,15,202385,,,Jenson Brooksby,R,193,USA,24.983,55,967,124186,,,Alexandre Muller,R,183,FRA,28.715,44,1153,6-4 6-3,3,R32,67,6,0,45,31,26,10,9,0,0,1,2,56,39,28,6,10,0,3
2025-328,Basel,Hard,32,A,20251020,16,144719,,,Jaume Munar,R,183,ESP,28.46,42,1208,200329,,,Remy Bertola,R,175,SUI,27.138,268,203,6-2 6-4,3,R32,75,5,4,56,40,32,8,9,1,1,3,3,54,29,19,13,9,1,4
2025-328,Basel,Hard,32,A,20251020,17,144719,,,Jaume Munar,R,183,ESP,28.46,42,1208,210097,2,,Ben Shelton,L,193,USA,23.031,6,4100,6-3 6-4,3,R16,77,10,0,53,38,33,8,10,1,1,6,0,60,49,30,8,9,5,7
2025-328,Basel,Hard,32,A,20251020,18,200000,5,,Felix Auger-Aliassime,R,193,CAN,25.199,12,3145,105227,,,Marin Cilic,R,198,CRO,37.06,89,709,7-6(2) 7-6(2),3,R16,107,28,1,68,50,48,8,12,0,0,7,2,75,43,37,15,12,2,2
2025-328,Basel,Hard,32,A,20251020,19,133430,9,,Denis Shapovalov,L,185,CAN,26.516,23,1928,R0EB,,,Valentin Royer,R,188,FRA,24.394,69,869,7-6(3) 6-2,3,R16,83,11,3,62,45,34,10,10,1,2,3,1,61,38,29,9,10,5,8
2025-328,Basel,Hard,32,A,20251020,20,200005,,,Ugo Humbert,L,188,FRA,27.318,24,1880,126203,1,,Taylor Fritz,R,196,USA,27.978,4,4645,6-3 6-4,3,R16,79,7,2,65,45,36,10,10,2,2,6,2,58,27,24,14,9,3,5
2025-328,Basel,Hard,32,A,20251020,21,134770,4,,Casper Ruud,R,183,NOR,26.828,11,3145,104527,,,Stan Wawrinka,R,183,SUI,40.564,158,372,6-4 7-6(5),3,R16,101,8,1,64,42,33,12,11,2,4,11,4,72,41,33,13,11,2,5
2025-328,Basel,Hard,32,A,20251020,22,124187,,,Reilly Opelka,R,211,USA,28.145,62,895,122298,,,Botic van de Zandschulp,R,191,NED,30.045,82,752,7-6(5) 6-7(7) 6-3,3,R16,160,29,2,114,80,67,21,17,3,3,17,8,112,67,57,26,16,4,5
2025-328,Basel,Hard,32,A,20251020,23,200221,8,,Alejandro Davidovich Fokina,R,180,ESP,26.376,18,2285,202385,,,Jenson Brooksby,R,193,USA,24.983,55,967,6-7(6) 6-4 7-5,3,R16,167,4,1,120,76,55,23,17,5,8,6,2,97,67,47,17,17,3,8
2025-328,Basel,Hard,32,A,20251020,24,211663,,,Joao Fonseca,R,188,BRA,19.165,46,1129,210150,7,,Jakub Mensik,R,196,CZE,20.134,19,2265,W/O,3,R16,,,,,,,,,,,,,,,,,,,
2025-328,Basel,Hard,32,A,20251020,25,200221,8,,Alejandro Davidovich Fokina,R,180,ESP,26.376,18,2285,134770,4,,Casper Ruud,R,183,NOR,26.828,11,3145,7-6(1) RET,3,QF,57,2,0,34,26,21,6,6,0,0,2,0,51,35,23,9,6,7,7
2025-328,Basel,Hard,32,A,20251020,26,144719,,,Jaume Munar,R,183,ESP,28.46,42,1208,200000,5,,Felix Auger-Aliassime,R,193,CAN,25.199,12,3145,6-3 RET,3,QF,45,4,1,29,19,17,6,5,2,2,7,2,34,20,17,3,4,3,4
2025-328,Basel,Hard,32,A,20251020,27,211663,,,Joao Fonseca,R,188,BRA,19.165,46,1129,133430,9,,Denis Shapovalov,L,185,CAN,26.516,23,1928,3-6 6-3 4-1 RET,3,QF,96,2,3,63,39,25,12,11,4,7,6,9,71,38,27,11,12,5,10
2025-328,Basel,Hard,32,A,20251020,28,200005,,,Ugo Humbert,L,188,FRA,27.318,24,1880,124187,,,Reilly Opelka,R,211,USA,28.145,62,895,7-6(0) 6-4,3,QF,82,9,1,58,39,34,14,11,0,0,16,2,62,48,39,5,11,1,2
2025-328,Basel,Hard,32,A,20251020,29,200221,8,,Alejandro Davidovich Fokina,R,180,ESP,26.376,18,2285,200005,,,Ugo Humbert,L,188,FRA,27.318,24,1880,7-6(4) 3-1 RET,3,SF,80,3,2,58,34,29,14,8,2,2,6,3,48,31,25,8,8,0,1
2025-328,Basel,Hard,32,A,20251020,30,211663,,,Joao Fonseca,R,188,BRA,19.165,46,1129,144719,,,Jaume Munar,R,183,ESP,28.46,42,1208,7-6(4) 7-5,3,SF,114,8,1,75,48,41,14,12,0,1,11,1,80,50,38,14,12,1,3
2025-328,Basel,Hard,32,A,20251020,31,211663,,,Joao Fonseca,R,188,BRA,19.165,46,1129,200221,8,,Alejandro Davidovich Fokina,R,180,ESP,26.376,18,2285,6-3 6-4,3,F,85,7,1,61,48,36,6,10,3,4,4,0,69,50,30,7,9,10,13
2025-337,Vienna,Hard,32,A,20251020,1,206173,1,,Jannik Sinner,R,191,ITA,24.178,2,10000,127157,,,Daniel Altmaier,R,188,GER,27.105,51,1048,6-0 6-2,3,R32,58,5,0,32,19,18,10,7,0,0,3,1,45,26,14,4,7,1,6
2025-337,Vienna,Hard,32,A,20251020,2,106421,6,,Daniil Medvedev,R,198,RUS,29.689,14,2810,132686,,,Nuno Borges,R,185,POR,28.665,47,1120,6-4 6-7(7) 6-2,3,R32,138,18,8,98,60,50,19,15,4,4,8,4,102,57,45,20,15,5,8
2025-337,Vienna,Hard,32,A,20251020,3,126610,,,Matteo Berrettini,R,196,ITA,29.522,59,905,200615,,,Alexei Popyrin,R,196,AUS,26.209,48,1090,7-6(5) 6-3,3,R32,92,9,0,59,40,32,14,10,1,1,12,1,66,46,32,12,11,2,4
2025-337,Vienna,Hard,32,A,20251020,4,207925,,,Flavio Cobolli,R,183,ITA,23.458,22,1975,207830,,,Tomas Machac,R,183,CZE,25.018,31,1545,7-6(6) 6-2,3,R32,99,7,1,60,38,32,16,10,0,0,10,3,81,55,41,11,10,6,8
2025-337,Vienna,Hard,32,A,20251020,5,144895,,,Corentin Moutet,L,180,FRA,26.505,36,1398,106000,,,Damir Dzumhur,R,175,BIH,33.418,63,883,6-3 6-0,3,R32,67,4,3,37,18,16,14,7,2,2,1,0,48,37,16,6,8,7,12
2025-337,Vienna,Hard,32,A,20251020,6,100644,2,,Alexander Zverev,R,198,GER,28.501,3,5930,207985,,,Jacob Fearnley,R,183,GBR,24.266,81,754,6-4 1-6 7-6(5),3,R32,139,5,0,80,53,38,20,14,0,2,2,6,103,75,53,16,15,6,7
2025-337,Vienna,Hard,32,A,20251020,7,207518,4,,Lorenzo Musetti,R,185,ITA,23.633,8,3685,209098,,,Hamad Medjedovic,R,188,SRB,22.259,67,875,6-4 6-3,3,R32,78,7,0,49,25,23,16,10,0,1,5,0,59,42,26,8,9,3,6
2025-337,Vienna,Hard,32,A,20251020,8,111815,,,Cameron Norrie,L,188,GBR,30.16,35,1433,126094,7,,Andrey Rublev,R,188,RUS,28,15,2560,6-2 6-7(5) 6-2,3,R32,126,10,1,82,55,41,20,14,1,2,9,3,96,57,37,19,14,8,13
2025-337,Vienna,Hard,32,A,20251020,9,202103,,,Francisco Cerundolo,R,185,ARG,27.187,21,2085,210506,,,Alex Michelsen,R,193,USA,21.153,34,1440,6-3 6-1,3,R32,68,0,0,50,30,24,11,8,3,3,2,1,51,33,18,7,8,2,6
2025-337,Vienna,Hard,32,A,20251020,10,144869,,,Tomas Martin Etcheverry,R,196,ARG,26.259,60,905,149282,,,Nicolai Budkov Kjaer,R,191,NOR,19.135,137,473,6-3 6-3,3,R32,69,6,0,44,34,32,4,9,0,0,4,1,50,29,18,10,9,1,4
2025-337,Vienna,Hard,32,A,20251020,11,209209,,,Filip Misolic,R,180,AUT,24.2,95,676,200116,,,Camilo Ugo Carabelli,R,185,ARG,26.344,50,1053,7-5 7-6(6),3,R32,135,6,3,92,60,44,11,12,3,5,6,2,89,60,33,17,12,8,11
2025-337,Vienna,Hard,32,A,20251020,12,200282,3,,Alex de Minaur,R,183,AUS,26.672,7,3935,200514,,,Jurij Rodionov,L,191,AUT,26.431,154,383,6-4 6-1,3,R32,80,4,1,58,27,19,14,8,5,8,3,0,49,33,26,13,9,2,2
2025-337,Vienna,Hard,32,A,20251020,13,134868,,,Tallon Griekspoor,R,188,NED,29.3,28,1565,111575,5,,Karen Khachanov,R,198,RUS,29.415,13,2950,6-3 5-7 6-4,3,R32,123,11,0,82,52,41,22,16,0,1,14,2,87,64,49,12,15,5,7
2025-337,Vienna,Hard,32,A,20251020,14,122330,8,,Alexander Bublik,R,196,KAZ,28.342,16,2430,126214,,,Alejandro Tabilo,L,188,CHI,28.383,75,792,6-4 6-4,3,R32,68,12,5,54,34,31,11,10,1,1,8,1,56,41,30,8,10,3,5
2025-337,Vienna,Hard,32,A,20251020,15,208286,,,Matteo Arnaldi,R,185,ITA,24.657,72,818,206499,,,Aleksandar Kovacevic,R,183,USA,27.143,65,877,7-5 6-4,3,R32,109,12,4,71,44,35,14,11,4,4,5,1,76,46,33,15,11,7,9
2025-337,Vienna,Hard,32,A,20251020,16,206909,,,Brandon Nakashima,R,188,USA,24.214,32,1470,209260,,,Luciano Darderi,R,183,ITA,23.68,26,1649,6-2 7-5,3,R32,93,7,0,54,32,27,13,10,0,0,10,5,81,49,34,13,10,6,9
2025-337,Vienna,Hard,32,A,20251020,17,200282,3,,Alex de Minaur,R,183,AUS,26.672,7,3935,209209,,,Filip Misolic,R,180,AUT,24.2,95,676,6-4 6-4,3,R16,88,5,2,69,48,34,10,10,4,6,3,1,57,38,28,15,10,3,3
2025-337,Vienna,Hard,32,A,20251020,18,134868,,,Tallon Griekspoor,R,188,NED,29.3,28,1565,206909,,,Brandon Nakashima,R,188,USA,24.214,32,1470,7-6(4) 7-6(2),3,R16,126,11,2,82,60,49,14,12,5,5,12,0,92,61,48,15,12,8,8
2025-337,Vienna,Hard,32,A,20251020,19,144895,,,Corentin Moutet,L,180,FRA,26.505,36,1398,106421,6,,Daniil Medvedev,R,198,RUS,29.689,14,2810,7-6(3) 6-4,3,R16,135,1,1,89,51,33,17,11,5,8,6,1,71,43,25,13,11,2,6
2025-337,Vienna,Hard,32,A,20251020,20,126610,,,Matteo Berrettini,R,196,ITA,29.522,59,905,111815,,,Cameron Norrie,L,188,GBR,30.16,35,1433,7-6(6) 6-7(9) 6-4,3,R16,196,16,1,124,85,62,24,17,4,5,6,2,117,74,47,31,17,3,5
2025-337,Vienna,Hard,32,A,20251020,21,207518,4,,Lorenzo Musetti,R,185,ITA,23.633,8,3685,144869,,,Tomas Martin Etcheverry,R,196,ARG,26.259,60,905,6-3 6-4,3,R16,93,7,1,63,42,34,11,10,4,4,4,3,55,37,26,7,9,1,3
2025-337,Vienna,Hard,32,A,20251020,22,206173,1,,Jannik Sinner,R,191,ITA,24.178,2,10000,207925,,,Flavio Cobolli,R,183,ITA,23.458,22,1975,6-2 7-6(4),3,R16,107,4,1,65,42,29,18,10,0,0,4,1,79,52,34,15,10,6,8
2025-337,Vienna,Hard,32,A,20251020,23,100644,2,,Alexander Zverev,R,198,GER,28.501,3,5930,208286,,,Matteo Arnaldi,R,185,ITA,24.657,72,818,6-4 6-4,3,R16,87,6,1,53,38,33,8,10,1,1,6,4,59,28,22,16,10,1,3
2025-337,Vienna,Hard,32,A,20251020,24,122330,8,,Alexander Bublik,R,196,KAZ,28.342,16,2430,202103,,,Francisco Cerundolo,R,185,ARG,27.187,21,2085,6-4 6-2,3,R16,65,11,4,66,50,40,6,9,6,6,4,2,50,33,23,8,9,1,4
2025-337,Vienna,Hard,32,A,20251020,25,207518,4,,Lorenzo Musetti,R,185,ITA,23.633,8,3685,144895,,,Corentin Moutet,L,180,FRA,26.505,36,1398,6-3 6-4,3,QF,101,4,1,65,40,28,16,10,1,1,1,2,53,27,21,11,9,1,3
2025-337,Vienna,Hard,32,A,20251020,26,206173,1,,Jannik Sinner,R,191,ITA,24.178,2,10000,122330,8,,Alexander Bublik,R,196,KAZ,28.342,16,2430,6-4 6-4,3,QF,76,8,0,45,30,28,12,10,0,0,9,4,69,43,30,12,10,6,8
2025-337,Vienna,Hard,32,A,20251020,27,100644,2,,Alexander Zverev,R,198,GER,28.501,3,5930,134868,,,Tallon Griekspoor,R,188,NED,29.3,28,1565,W/O,3,QF,,,,,,,,,,,,,,,,,,,
2025-337,Vienna,Hard,32,A,20251020,28,200282,3,,Alex de Minaur,R,183,AUS,26.672,7,3935,126610,,,Matteo Berrettini,R,196,ITA,29.522,59,905,6-1 7-6(4),3,QF,103,8,0,65,46,23,10,9,6,10,4,2,72,45,33,10,10,1,3
2025-337,Vienna,Hard,32,A,20251020,29,206173,1,,Jannik Sinner,R,191,ITA,24.178,2,10000,200282,3,,Alex de Minaur,R,183,AUS,26.672,7,3935,6-3 6-4,3,SF,87,4,0,57,38,28,10,10,0,2,2,1,50,29,15,12,9,1,5
2025-337,Vienna,Hard,32,A,20251020,30,100644,2,,Alexander Zverev,R,198,GER,28.501,3,5930,207518,4,,Lorenzo Musetti,R,185,ITA,23.633,8,3685,6-4 7-5,3,SF,92,9,0,58,48,40,4,11,0,0,3,3,64,39,30,13,11,2,4
2025-337,Vienna,Hard,32,A,20251020,31,206173,1,,Jannik Sinner,R,191,ITA,24.178,2,10000,100644,2,,Alexander Zverev,R,198,GER,28.501,3,5930,3-6 6-3 7-5,3,F,148,11,1,84,57,47,16,15,3,4,11,4,102,77,55,11,15,6,8
2025-352,Paris Masters,Hard,56,M,20251027,1,122330,13,,Alexander Bublik,R,196,KAZ,28.361,16,2520,200615,,,Alexei Popyrin,R,196,AUS,26.229,47,1090,6-4 6-3,3,R64,74,13,4,58,36,32,7,10,3,4,3,3,57,35,26,9,9,2,5
2025-352,Paris Masters,Hard,56,M,20251027,2,126094,12,,Andrey Rublev,R,188,RUS,28.019,17,2470,207985,,,Jacob Fearnley,R,183,GBR,24.285,78,769,6-1 6-4,3,R64,78,3,2,48,28,20,13,8,2,3,1,11,69,47,28,5,9,5,10
2025-352,Paris Masters,Hard,56,M,20251027,3,127157,,,Daniel Altmaier,R,188,GER,27.124,50,1039,106218,,,Marcos Giron,R,180,USA,32.26,65,885,6-2 7-6(5),3,R64,96,7,2,69,44,33,13,10,3,4,7,1,69,38,26,16,10,3,6
2025-352,Paris Masters,Hard,56,M,20251027,4,209070,,,Arthur Cazaux,R,183,FRA,23.179,62,902,209260,,,Luciano Darderi,R,183,ITA,23.699,27,1624,7-6(5) 7-6(4),3,R64,128,16,2,87,53,46,13,12,1,3,4,4,83,49,39,17,12,5,7
2025-352,Paris Masters,Hard,56,M,20251027,5,202103,,,Francisco Cerundolo,R,185,ARG,27.206,21,2085,106000,,,Damir Dzumhur,R,175,BIH,33.437,63,898,6-3 6-3,3,R64,76,2,2,55,29,18,16,9,6,8,0,0,55,31,15,12,9,7,12
2025-352,Paris Masters,Hard,56,M,20251027,6,207925,,,Flavio Cobolli,R,183,ITA,23.477,23,1975,207830,,,Tomas Machac,R,183,CZE,25.038,34,1445,6-1 6-4,3,R64,54,1,0,44,33,31,7,9,0,0,3,4,44,24,14,10,8,0,3
2025-352,Paris Masters,Hard,56,M,20251027,7,200175,,,Miomir Kecmanovic,R,183,SRB,26.157,53,1001,206499,,,Aleksandar Kovacevic,R,183,USA,27.162,64,889,6-4 1-6 7-6(2),3,R64,141,11,3,96,55,38,24,14,9,12,16,10,105,56,43,22,15,4,6
2025-352,Paris Masters,Hard,56,M,20251027,8,111815,,,Cameron Norrie,L,188,GBR,30.179,31,1483,202104,,,Sebastian Baez,R,170,ARG,24.83,43,1155,6-3 6-4,3,R64,84,3,2,73,51,34,9,10,5,7,0,1,48,36,21,6,9,2,6
2025-352,Paris Masters,Hard,56,M,20251027,9,126239,,,Arthur Rinderknech,R,196,FRA,30.264,29,1590,206681,,,Fabian Marozsan,R,193,HUN,26.053,48,1065,7-6(5) 7-6(4),3,R64,126,16,1,94,61,49,15,12,4,5,5,2,84,47,34,23,12,2,3
2025-352,Paris Masters,Hard,56,M,20251027,10,210530,,,Learner Tien,L,180,USA,19.901,39,1316,132686,,,Nuno Borges,R,185,POR,28.684,46,1120,6-2 7-6(7),3,R64,81,7,2,63,40,32,13,10,1,2,2,1,69,34,24,17,10,5,8
2025-352,Paris Masters,Hard,56,M,20251027,11,126846,,,Aleksandar Vukic,R,188,AUS,29.558,103,633,209279,,,Terence Atmane,L,193,FRA,23.797,69,874,6-4 2-6 6-4,3,R64,113,7,3,95,54,36,25,14,9,12,13,8,80,46,38,15,14,5,8
2025-352,Paris Masters,Hard,56,M,20251027,12,111575,10,,Karen Khachanov,R,198,RUS,29.435,14,2620,210319,,,Ethan Quinn,R,191,USA,21.626,71,837,6-1 6-1,3,R64,60,2,0,39,25,19,10,7,0,0,1,1,43,27,14,4,7,2,7
2025-352,Paris Masters,Hard,56,M,20251027,13,200267,,,Zizou Bergs,R,185,BEL,26.401,41,1274,210506,,,Alex Michelsen,R,193,USA,21.172,35,1440,6-3 2-6 6-2,3,R64,112,4,5,78,50,36,10,12,4,8,0,5,81,49,29,16,13,4,10
2025-352,Paris Masters,Hard,56,M,20251027,14,105777,,,Grigor Dimitrov,R,191,BUL,34.45,38,1330,208659,,,Giovanni Mpetshi Perricard,R,203,FRA,22.305,56,965,7-6(5) 6-1,3,R64,95,4,3,65,28,22,24,9,3,3,7,6,76,45,31,13,10,2,5
2025-352,Paris Masters,Hard,56,M,20251027,15,124186,,,Alexandre Muller,R,183,FRA,28.734,44,1150,206909,,,Brandon Nakashima,R,188,USA,24.233,33,1470,6-2 7-5,3,R64,91,1,3,62,38,27,17,10,2,2,5,0,59,33,21,13,10,2,5
2025-352,Paris Masters,Hard,56,M,20251027,16,132283,,,Lorenzo Sonego,R,191,ITA,30.464,45,1130,200624,,,Sebastian Korda,R,196,USA,25.311,54,970,6-2 6-3,3,R64,88,3,2,48,28,23,10,8,3,4,2,4,68,39,23,11,9,4,9
2025-352,Paris Masters,Hard,56,M,20251027,17,200000,9,,Felix Auger-Aliassime,R,193,CAN,25.218,10,3195,207681,,,Francisco Comesana,R,178,ARG,25.057,68,880,6-7(2) 6-3 6-3,3,R64,138,11,7,80,44,37,21,15,3,5,8,1,100,63,39,19,15,5,10
2025-352,Paris Masters,Hard,56,M,20251027,18,106421,11,,Daniil Medvedev,R,198,RUS,29.708,13,2810,144719,,,Jaume Munar,R,183,ESP,28.479,36,1395,6-1 6-3,3,R64,70,6,3,53,36,29,7,8,0,0,1,3,45,26,15,8,8,3,7
2025-352,Paris Masters,Hard,56,M,20251027,19,200473,,,Valentin Vacherot,R,193,MON,26.946,40,1283,208103,14,,Jiri Lehecka,R,185,CZE,23.967,18,2415,6-1 6-3,3,R64,54,7,2,39,24,20,12,8,0,0,7,1,45,34,21,3,8,1,5
2025-352,Paris Masters,Hard,56,M,20251027,20,209113,,,Gabriel Diallo,R,203,CAN,24.09,42,1228,134868,,,Tallon Griekspoor,R,188,NED,29.32,25,1655,6-3 6-4,3,R64,71,11,0,57,37,31,14,10,2,2,4,3,50,30,23,9,9,0,2
2025-352,Paris Masters,Hard,56,M,20251027,21,211663,,,Joao Fonseca,R,188,BRA,19.184,28,1615,133430,,,Denis Shapovalov,L,185,CAN,26.535,24,1928,5-7 6-4 6-3,3,R64,124,2,2,96,69,53,12,15,5,7,9,9,86,46,33,19,16,2,6
2025-352,Paris Masters,Hard,56,M,20251027,22,144895,,,Corentin Moutet,L,180,FRA,26.524,32,1473,124187,,,Reilly Opelka,R,211,USA,28.164,52,1010,3-6 7-5 6-1,3,R64,127,5,5,72,40,30,23,14,0,1,11,9,89,58,45,12,14,5,8
2025-352,Paris Masters,Hard,56,M,20251027,23,200116,,,Camilo Ugo Carabelli,R,185,ARG,26.363,49,1053,144869,,,Tomas Martin Etcheverry,R,196,ARG,26.278,58,930,7-5 6-3,3,R64,114,2,1,69,34,22,22,11,3,5,5,2,63,37,27,9,10,7,11
2025-352,Paris Masters,Hard,56,M,20251027,24,200221,15,,Alejandro Davidovich Fokina,R,180,ESP,26.396,15,2585,R0EB,,,Valentin Royer,R,188,FRA,24.413,59,922,4-6 6-1 6-4,3,R64,118,3,2,81,49,35,17,13,4,7,5,3,80,58,44,14,14,3,4
2025-352,Paris Masters,Hard,56,M,20251027,25,126203,4,,Taylor Fritz,R,196,USA,27.997,4,4685,126846,,,Aleksandar Vukic,R,188,AUS,29.558,103,633,7-6(4) 6-2,3,R32,95,12,5,72,41,32,18,10,3,3,7,1,69,48,32,8,10,4,6
2025-352,Paris Masters,Hard,56,M,20251027,26,111815,,,Cameron Norrie,L,188,GBR,30.179,31,1483,207989,1,,Carlos Alcaraz,R,183,ESP,22.48,1,11340,4-6 6-3 6-4,3,R32,142,3,1,92,52,41,24,15,4,5,8,2,95,58,37,22,14,5,7
2025-352,Paris Masters,Hard,56,M,20251027,27,210097,5,,Ben Shelton,L,193,USA,23.05,7,3820,207925,,,Flavio Cobolli,R,183,ITA,23.477,23,1975,7-6(4) 6-3,3,R32,92,3,3,64,43,37,15,11,1,1,5,0,64,36,29,17,10,2,3
2025-352,Paris Masters,Hard,56,M,20251027,28,126094,12,,Andrey Rublev,R,188,RUS,28.019,17,2470,210530,,,Learner Tien,L,180,USA,19.901,39,1316,6-4 6-4,3,R32,80,7,7,66,39,34,10,10,8,9,5,4,62,34,22,16,10,4,7
2025-352,Paris Masters,Hard,56,M,20251027,29,206173,2,,Jannik Sinner,R,191,ITA,24.197,2,10500,200267,,,Zizou Bergs,R,185,BEL,26.401,41,1274,6-4 6-2,3,R32,87,0,2,48,31,24,12,9,0,0,2,2,70,42,25,15,9,8,11
2025-352,Paris Masters,Hard,56,M,20251027,30,100644,3,,Alexander Zverev,R,198,GER,28.52,3,6160,200116,,,Camilo Ugo Carabelli,R,185,ARG,26.363,49,1053,6-7(5) 6-1 7-5,3,R32,155,7,0,92,69,51,18,16,0,1,1,4,109,57,46,22,15,2,6
2025-352,Paris Masters,Hard,56,M,20251027,31,127157,,,Daniel Altmaier,R,188,GER,27.124,50,1039,134770,8,,Casper Ruud,R,183,NOR,26.847,9,3235,6-3 7-5,3,R32,85,10,1,63,37,32,14,11,4,5,7,2,56,36,29,7,10,2,5
2025-352,Paris Masters,Hard,56,M,20251027,32,200000,9,,Felix Auger-Aliassime,R,193,CAN,25.218,10,3195,124186,,,Alexandre Muller,R,183,FRA,28.734,44,1150,5-7 7-6(5) 7-6(4),3,R32,184,21,6,119,66,55,26,18,3,5,7,5,116,68,54,28,18,4,5
2025-352,Paris Masters,Hard,56,M,20251027,33,106421,11,,Daniil Medvedev,R,198,RUS,29.708,13,2810,105777,,,Grigor Dimitrov,R,191,BUL,34.45,38,1330,W/O,3,R32,,,,,,,,,,,,,,,,,,,
2025-352,Paris Masters,Hard,56,M,20251027,34,200221,15,,Alejandro Davidovich Fokina,R,180,ESP,26.396,15,2585,209070,,,Arthur Cazaux,R,183,FRA,23.179,62,902,7-6(5) 6-4,3,R32,119,8,4,84,45,36,19,11,5,6,4,5,76,50,41,13,11,4,4
2025-352,Paris Masters,Hard,56,M,20251027,35,202103,,,Francisco Cerundolo,R,185,ARG,27.206,21,2085,200175,,,Miomir Kecmanovic,R,183,SRB,26.157,53,1001,7-5 1-6 7-6(4),3,R32,146,14,2,102,62,39,23,15,7,11,3,4,117,69,46,22,16,9,12
2025-352,Paris Masters,Hard,56,M,20251027,36,200473,,,Valentin Vacherot,R,193,MON,26.946,40,1283,126239,,,Arthur Rinderknech,R,196,FRA,30.264,29,1590,6-7(9) 6-3 6-4,3,R32,174,6,8,108,56,42,30,15,11,13,8,5,109,65,49,19,16,6,11
2025-352,Paris Masters,Hard,56,M,20251027,37,200282,6,,Alex de Minaur,R,183,AUS,26.691,6,3935,209113,,,Gabriel Diallo,R,203,CAN,24.09,42,1228,7-6(8) 4-6 6-3,3,R32,157,3,3,95,48,31,29,16,5,9,8,3,107,74,51,11,15,6,10
2025-352,Paris Masters,Hard,56,M,20251027,38,132283,,,Lorenzo Sonego,R,191,ITA,30.464,45,1130,207518,7,,Lorenzo Musetti,R,185,ITA,23.652,8,3685,3-6 6-3 6-1,3,R32,116,4,0,70,40,30,20,12,3,4,1,4,70,43,34,11,13,1,5
2025-352,Paris Masters,Hard,56,M,20251027,39,111575,10,,Karen Khachanov,R,198,RUS,29.435,14,2620,211663,,,Joao Fonseca,R,188,BRA,19.184,28,1615,6-1 3-6 6-3,3,R32,110,8,2,68,49,39,10,13,0,1,11,4,79,47,32,16,12,7,10
2025-352,Paris Masters,Hard,56,M,20251027,40,122330,13,,Alexander Bublik,R,196,KAZ,28.361,16,2520,144895,,,Corentin Moutet,L,180,FRA,26.524,32,1473,6-3 7-5,3,R32,96,6,2,70,43,34,15,11,1,1,3,0,65,50,33,8,10,8,10
2025-352,Paris Masters,Hard,56,M,20251027,41,206173,2,,Jannik Sinner,R,191,ITA,24.197,2,10500,202103,,,Francisco Cerundolo,R,185,ARG,27.206,21,2085,7-5 6-1,3,R16,85,4,2,49,35,29,6,10,1,3,0,2,64,38,21,10,9,3,8
2025-352,Paris Masters,Hard,56,M,20251027,42,100644,3,,Alexander Zverev,R,198,GER,28.52,3,6160,200221,15,,Alejandro Davidovich Fokina,R,180,ESP,26.396,15,2585,6-2 6-4,3,R16,96,4,1,57,44,31,8,9,3,4,4,1,62,43,25,8,9,7,11
2025-352,Paris Masters,Hard,56,M,20251027,43,122330,13,,Alexander Bublik,R,196,KAZ,28.361,16,2520,126203,4,,Taylor Fritz,R,196,USA,27.997,4,4685,7-6(5) 6-2,3,R16,86,11,1,70,47,35,14,10,4,4,15,5,80,50,38,10,10,8,10
2025-352,Paris Masters,Hard,56,M,20251027,44,210097,5,,Ben Shelton,L,193,USA,23.05,7,3820,126094,12,,Andrey Rublev,R,188,RUS,28.019,17,2470,7-6(6) 6-3,3,R16,95,15,0,58,43,34,13,10,0,0,6,0,72,40,27,21,11,4,6
2025-352,Paris Masters,Hard,56,M,20251027,45,200282,6,,Alex de Minaur,R,183,AUS,26.691,6,3935,111575,10,,Karen Khachanov,R,198,RUS,29.435,14,2620,6-2 6-2,3,R16,68,2,2,52,28,22,15,8,3,3,3,1,45,32,21,3,8,1,5
2025-352,Paris Masters,Hard,56,M,20251027,46,200000,9,,Felix Auger-Aliassime,R,193,CAN,25.218,10,3195,127157,,,Daniel Altmaier,R,188,GER,27.124,50,1039,3-6 6-3 6-2,3,R16,131,7,3,74,45,39,16,13,4,5,6,6,94,62,45,12,13,7,10
2025-352,Paris Masters,Hard,56,M,20251027,47,106421,11,,Daniil Medvedev,R,198,RUS,29.708,13,2810,132283,,,Lorenzo Sonego,R,191,ITA,30.464,45,1130,3-6 7-6(5) 6-4,3,R16,159,8,4,96,58,42,22,15,6,8,8,3,111,77,59,14,16,5,7
2025-352,Paris Masters,Hard,56,M,20251027,48,200473,,,Valentin Vacherot,R,193,MON,26.946,40,1283,111815,,,Cameron Norrie,L,188,GBR,30.179,31,1483,7-6(4) 6-4,3,R16,96,5,0,77,51,44,10,11,5,5,4,0,57,45,37,9,11,0,1
2025-352,Paris Masters,Hard,56,M,20251027,49,200000,9,,Felix Auger-Aliassime,R,193,CAN,25.218,10,3195,200473,,,Valentin Vacherot,R,193,MON,26.946,40,1283,6-2 6-2,3,QF,78,3,0,39,27,24,9,8,2,2,5,2,61,36,19,12,8,4,8
2025-352,Paris Masters,Hard,56,M,20251027,50,122330,13,,Alexander Bublik,R,196,KAZ,28.361,16,2520,200282,6,,Alex de Minaur,R,183,AUS,26.691,6,3935,6-7(5) 6-4 7-5,3,QF,142,16,4,111,70,62,13,17,2,2,12,9,106,56,43,29,17,3,5
2025-352,Paris Masters,Hard,56,M,20251027,51,206173,2,,Jannik Sinner,R,191,ITA,24.197,2,10500,210097,5,,Ben Shelton,L,193,USA,23.05,7,3820,6-3 6-3,3,QF,69,4,0,40,30,24,8,9,0,1,7,5,51,34,23,5,9,4,8
2025-352,Paris Masters,Hard,56,M,20251027,52,100644,3,,Alexander Zverev,R,198,GER,28.52,3,6160,106421,11,,Daniil Medvedev,R,198,RUS,29.708,13,2810,2-6 6-3 7-6(5),3,QF,150,4,0,93,73,51,8,15,6,10,5,4,97,58,43,16,14,6,9
2025-352,Paris Masters,Hard,56,M,20251027,53,200000,9,,Felix Auger-Aliassime,R,193,CAN,25.218,10,3195,122330,13,,Alexander Bublik,R,196,KAZ,28.361,16,2520,7-6(3) 6-4,3,SF,96,12,2,61,40,34,9,11,0,2,5,2,69,40,27,16,11,1,4
2025-352,Paris Masters,Hard,56,M,20251027,54,206173,2,,Jannik Sinner,R,191,ITA,24.197,2,10500,100644,3,,Alexander Zverev,R,198,GER,28.52,3,6160,6-0 6-1,3,SF,62,8,0,31,21,19,5,6,0,0,2,0,49,33,16,3,7,3,9
2025-352,Paris Masters,Hard,56,M,20251027,55,206173,2,,Jannik Sinner,R,191,ITA,24.197,2,10500,200000,9,,Felix Auger-Aliassime,R,193,CAN,25.218,10,3195,6-4 7-6(4),3,F,112,6,2,61,44,40,11,11,0,0,8,2,73,47,38,12,11,5,6
2025-341,Metz,Hard,28,A,20251103,1,126610,,,Matteo Berrettini,R,196,ITA,29.561,63,895,111460,,,Quentin Halys,R,191,FRA,29.021,84,732,6-2 6-4,3,R32,63,7,1,44,28,23,14,9,2,2,6,1,46,26,19,10,9,0,3
2025-341,Metz,Hard,28,A,20251103,2,111815,7,,Cameron Norrie,L,188,GBR,30.198,27,1573,R0EB,,,Valentin Royer,R,188,FRA,24.433,56,936,6-3 6-7(2) 6-3,3,R32,126,10,1,84,60,48,18,16,0,0,10,1,89,51,43,19,14,4,6
2025-341,Metz,Hard,28,A,20251103,3,126964,,,Vitaliy Sachko,R,188,UKR,28.307,222,256,208659,,,Giovanni Mpetshi Perricard,R,203,FRA,22.324,59,925,7-6(10) 6-3,3,R32,92,3,1,69,49,40,15,11,2,2,10,6,75,57,45,7,10,2,3
2025-341,Metz,Hard,28,A,20251103,4,132283,,,Lorenzo Sonego,R,191,ITA,30.483,42,1190,123828,,,Jan Choinski,R,196,GBR,29.399,126,487,4-6 6-4 6-4,3,R32,136,11,0,86,61,45,14,15,5,7,7,2,94,63,47,11,15,3,6
2025-341,Metz,Hard,28,A,20251103,5,T09X,,,Clement Tabur,R,173,FRA,25.777,243,226,206499,,,Aleksandar Kovacevic,R,183,USA,27.181,62,902,6-3 6-2,3,R32,66,5,0,43,26,24,13,9,3,3,4,3,52,30,22,5,8,1,4
2025-341,Metz,Hard,28,A,20251103,6,210530,,,Learner Tien,L,180,USA,19.921,38,1344,200259,,,Ugo Blanchet,R,175,FRA,26.828,143,433,6-3 6-3,3,R32,65,4,1,41,27,25,11,9,0,0,2,2,67,44,26,10,9,8,11
2025-341,Metz,Hard,28,A,20251103,7,209070,,,Arthur Cazaux,R,183,FRA,23.198,69,836,105173,,,Adrian Mannarino,L,180,FRA,37.347,71,817,6-3 7-6(4),3,R32,107,3,0,69,51,39,8,10,3,4,6,1,66,42,35,15,11,1,1
2025-341,Metz,Hard,28,A,20251103,8,200384,,,Hugo Gaston,L,173,FRA,25.103,98,653,209279,,,Terence Atmane,L,193,FRA,23.817,66,874,6-4 6-1,3,R32,51,2,0,39,29,26,7,8,0,0,6,3,48,27,20,7,9,4,8
2025-341,Metz,Hard,28,A,20251103,9,127157,,,Daniel Altmaier,R,188,GER,27.143,46,1123,126239,6,,Arthur Rinderknech,R,196,FRA,30.283,28,1540,6-4 6-4,3,R32,85,13,0,68,46,34,13,10,2,2,8,1,64,42,29,12,10,2,4
2025-341,Metz,Hard,28,A,20251103,10,208021,,,Kyrian Jacquet,R,175,FRA,24.482,156,386,209414,,,Luca Van Assche,R,178,FRA,21.481,172,333,4-6 6-3 6-4,3,R32,147,11,5,103,61,45,24,15,6,7,6,2,98,57,41,22,14,3,5
2025-341,Metz,Hard,28,A,20251103,11,126846,,,Aleksandar Vukic,R,188,AUS,29.577,87,703,144895,8,,Corentin Moutet,L,180,FRA,26.543,31,1483,3-6 7-6(6) 7-6(8),3,R32,162,8,2,112,69,52,27,16,5,6,12,5,114,73,60,22,17,3,3
2025-341,Metz,Hard,28,A,20251103,12,210696,,,Alexander Blockx,R,193,BEL,20.572,102,632,208859,,,Francesco Passaro,R,180,ITA,24.821,129,480,3-6 6-3 6-4,3,R32,116,16,2,96,61,48,16,14,8,9,6,5,100,60,41,22,14,7,9
2025-341,Metz,Hard,28,A,20251103,13,132283,,,Lorenzo Sonego,R,191,ITA,30.483,42,1190,207925,4,,Flavio Cobolli,R,183,ITA,23.496,22,2025,2-6 6-3 7-5,3,R16,127,8,0,78,58,44,12,15,1,3,5,2,97,65,49,14,14,9,11
2025-341,Metz,Hard,28,A,20251103,14,127157,,,Daniel Altmaier,R,188,GER,27.143,46,1123,200384,,,Hugo Gaston,L,173,FRA,25.103,98,653,4-6 6-0 RET,3,R16,74,6,2,42,30,24,6,8,0,1,3,1,55,42,28,4,8,6,9
2025-341,Metz,Hard,28,A,20251103,15,208021,,,Kyrian Jacquet,R,175,FRA,24.482,156,386,A09T,,,Dan Added,R,183,FRA,26.56,194,296,6-0 6-2,3,R16,54,4,1,41,25,21,9,7,0,0,3,3,45,29,16,3,7,5,10
2025-341,Metz,Hard,28,A,20251103,16,T09X,,,Clement Tabur,R,173,FRA,25.777,243,226,210696,,,Alexander Blockx,R,193,BEL,20.572,102,632,6-7(4) 7-6(6) 7-6(6),3,R16,171,2,4,125,75,54,33,18,4,5,9,2,119,78,60,21,18,1,2
2025-341,Metz,Hard,28,A,20251103,17,210530,,,Learner Tien,L,180,USA,19.921,38,1344,121411,,,Moez Echargui,R,178,TUN,32.813,140,446,7-6(3) 6-3,3,R16,96,5,4,68,37,32,17,11,3,4,7,1,77,50,32,15,10,9,11
2025-341,Metz,Hard,28,A,20251103,18,111815,7,,Cameron Norrie,L,188,GBR,30.198,27,1573,209070,,,Arthur Cazaux,R,183,FRA,23.198,69,836,6-7(1) 7-6(7) 6-2,3,R16,166,6,1,108,79,55,19,16,4,5,18,0,109,70,53,16,16,3,6
2025-341,Metz,Hard,28,A,20251103,19,126610,,,Matteo Berrettini,R,196,ITA,29.561,63,895,126846,,,Aleksandar Vukic,R,188,AUS,29.577,87,703,7-6(5) 6-3,3,R16,81,15,1,59,42,37,10,11,1,2,7,1,63,44,28,12,10,3,5
2025-341,Metz,Hard,28,A,20251103,20,126964,,,Vitaliy Sachko,R,188,UKR,28.307,222,256,122330,3,,Alexander Bublik,R,196,KAZ,28.381,13,2870,7-5 3-6 7-5,3,R16,128,7,0,109,75,54,19,16,5,6,15,4,84,57,50,14,17,2,4
2025-341,Metz,Hard,28,A,20251103,21,111815,7,,Cameron Norrie,L,188,GBR,30.198,27,1573,208021,,,Kyrian Jacquet,R,175,FRA,24.482,156,386,4-6 7-6(2) 6-4,3,QF,145,6,2,106,79,55,17,16,5,7,18,5,103,60,48,19,16,4,6
2025-341,Metz,Hard,28,A,20251103,22,132283,,,Lorenzo Sonego,R,191,ITA,30.483,42,1190,127157,,,Daniel Altmaier,R,188,GER,27.143,46,1123,6-4 7-6(6),3,QF,122,10,0,77,62,49,10,11,7,7,2,2,84,50,38,18,11,7,8
2025-341,Metz,Hard,28,A,20251103,23,126964,,,Vitaliy Sachko,R,188,UKR,28.307,222,256,T09X,,,Clement Tabur,R,173,FRA,25.777,243,226,6-4 3-6 6-4,3,QF,120,9,1,84,60,45,13,14,6,7,6,4,86,53,43,17,15,6,8
2025-341,Metz,Hard,28,A,20251103,24,210530,,,Learner Tien,L,180,USA,19.921,38,1344,126610,,,Matteo Berrettini,R,196,ITA,29.561,63,895,5-7 6-2 6-3,3,QF,104,6,4,80,57,44,15,15,1,2,11,3,73,46,34,14,14,0,3
2025-341,Metz,Hard,28,A,20251103,25,111815,7,,Cameron Norrie,L,188,GBR,30.198,27,1573,132283,,,Lorenzo Sonego,R,191,ITA,30.483,42,1190,4-6 6-2 6-4,3,SF,120,6,1,69,57,48,7,14,3,4,7,0,86,55,43,10,14,7,10
2025-341,Metz,Hard,28,A,20251103,26,210530,,,Learner Tien,L,180,USA,19.921,38,1344,126964,,,Vitaliy Sachko,R,188,UKR,28.307,222,256,6-1 6-4,3,SF,56,2,0,45,26,21,15,9,0,0,2,1,45,27,16,11,8,4,7
2025-341,Metz,Hard,28,A,20251103,27,210530,,,Learner Tien,L,180,USA,19.921,38,1344,111815,7,,Cameron Norrie,L,188,GBR,30.198,27,1573,6-3 3-6 7-6(6),3,F,130,7,1,113,72,53,17,15,7,9,4,0,84,55,37,21,15,2,4
2025-5100,Athens,Hard,28,A,20251103,1,124186,5,,Alexandre Muller,R,183,FRA,28.753,43,1190,105526,,,Jan-Lennard Struff,R,193,GER,35.526,101,648,6-3 2-6 7-6(6),3,R32,129,7,3,114,80,50,20,15,8,11,9,2,80,50,37,18,14,2,4
2025-5100,Athens,Hard,28,A,20251103,2,106000,,,Damir Dzumhur,R,175,BIH,33.457,58,925,207985,,,Jacob Fearnley,R,183,GBR,24.304,73,793,6-4 6-2,3,R32,77,3,1,47,26,21,13,9,1,2,4,4,56,30,17,12,9,2,6
2025-5100,Athens,Hard,28,A,20251103,3,200175,,,Miomir Kecmanovic,R,183,SRB,26.177,54,985,111794,,,Kamil Majchrzak,R,183,POL,29.807,68,861,7-6(4) 7-6(4),3,R32,123,6,5,89,50,39,18,12,2,5,14,3,93,59,46,9,12,5,8
2025-5100,Athens,Hard,28,A,20251103,4,200240,,,Vit Kopriva,R,178,CZE,28.386,92,677,124187,,,Reilly Opelka,R,211,USA,28.183,50,1026,6-4 6-3,3,R32,77,2,0,54,39,33,8,9,5,5,13,5,60,42,29,8,10,5,8
2025-5100,Athens,Hard,28,A,20251103,5,208118,,,Eliot Spizzirri,R,185,USA,23.863,96,668,111513,,,Laslo Djere,R,188,SRB,30.423,82,746,1-6 7-6(6) 6-2,3,R32,126,12,0,90,63,41,16,13,4,7,8,1,85,58,40,16,14,1,4
2025-5100,Athens,Hard,28,A,20251103,6,104527,,,Stan Wawrinka,R,183,SUI,40.602,159,372,122298,,,Botic van de Zandschulp,R,191,NED,30.084,80,756,2-6 7-6(5) 7-5,3,R32,140,9,2,111,71,49,23,16,5,7,13,4,86,53,43,22,16,0,1
2025-5100,Athens,Hard,28,A,20251103,7,132686,6,,Nuno Borges,R,185,POR,28.704,47,1120,208852,,,Stefanos Sakellaridis,R,198,GRE,21.139,277,194,7-6(4) 6-3,3,R32,82,4,0,64,47,42,10,11,0,0,10,2,61,30,26,18,10,1,2
2025-5100,Athens,Hard,28,A,20251103,8,200624,,,Sebastian Korda,R,196,USA,25.331,52,1010,200615,7,,Alexei Popyrin,R,196,AUS,26.248,53,1000,4-6 6-3 6-4,3,R32,119,12,1,82,53,41,19,15,3,4,17,4,86,55,43,14,14,3,5
2025-5100,Athens,Hard,28,A,20251103,9,126214,,,Alejandro Tabilo,L,188,CHI,28.422,89,696,200443,,,Adam Walton,R,183,AUS,26.549,83,740,7-6(7) 6-7(6) 7-5,3,R32,182,12,5,126,85,64,23,18,4,6,20,5,115,73,57,24,18,2,5
2025-5100,Athens,Hard,28,A,20251103,10,144869,,,Tomas Martin Etcheverry,R,196,ARG,26.297,60,920,111456,,,Mackenzie McDonald,R,178,USA,30.552,110,559,6-7(5) 7-6(3) 6-3,3,R32,170,19,0,114,90,67,13,17,2,3,10,2,106,74,52,18,16,4,6
2025-5100,Athens,Hard,28,A,20251103,11,105870,,,Yannick Hanfmann,R,193,GER,33.974,117,518,I0BF,,,Ivan Ivanov,R,,BUL,17.01,935,19,6-4 6-2,3,R32,74,12,0,56,42,31,9,9,1,1,3,1,59,35,22,11,9,3,6
2025-5100,Athens,Hard,28,A,20251103,12,106218,,,Marcos Giron,R,180,USA,32.279,72,815,124079,,,Pedro Martinez,R,185,ESP,28.523,95,668,6-4 6-1,3,R32,85,10,1,48,28,23,13,9,0,0,2,3,64,35,24,10,8,3,6
2025-5100,Athens,Hard,28,A,20251103,13,104925,1,,Novak Djokovic,R,188,SRB,38.453,5,4580,126214,,,Alejandro Tabilo,L,188,CHI,28.422,89,696,7-6(3) 6-1,3,R16,99,13,0,59,37,34,13,10,1,1,4,1,62,47,28,8,9,3,5
2025-5100,Athens,Hard,28,A,20251103,14,200624,,,Sebastian Korda,R,196,USA,25.331,52,1010,106000,,,Damir Dzumhur,R,175,BIH,33.457,58,925,4-6 6-3 6-3,3,R16,116,14,1,84,51,38,22,14,3,4,5,1,80,47,30,19,14,2,5
2025-5100,Athens,Hard,28,A,20251103,15,132686,6,,Nuno Borges,R,185,POR,28.704,47,1120,208118,,,Eliot Spizzirri,R,185,USA,23.863,96,668,5-7 6-3 6-4,3,R16,125,8,1,91,64,50,15,16,3,4,11,1,99,67,47,16,15,6,8
2025-5100,Athens,Hard,28,A,20251103,16,105870,,,Yannick Hanfmann,R,193,GER,33.974,117,518,200240,,,Vit Kopriva,R,178,CZE,28.386,92,677,6-2 5-7 7-5,3,R16,159,13,2,91,65,47,16,16,3,5,8,3,115,74,44,23,16,10,14
2025-5100,Athens,Hard,28,A,20251103,17,200175,,,Miomir Kecmanovic,R,183,SRB,26.177,54,985,209260,3,,Luciano Darderi,R,183,ITA,23.718,26,1609,4-6 6-2 6-3,3,R16,118,14,0,84,62,45,9,14,6,9,8,5,92,63,38,11,13,4,9
2025-5100,Athens,Hard,28,A,20251103,18,106218,,,Marcos Giron,R,180,USA,32.279,72,815,206909,4,,Brandon Nakashima,R,188,USA,24.252,33,1430,7-6(7) 6-1,3,R16,93,10,2,77,58,42,8,10,5,6,14,0,61,41,30,6,9,1,4
2025-5100,Athens,Hard,28,A,20251103,19,207518,2,,Lorenzo Musetti,R,185,ITA,23.671,9,3685,104527,,,Stan Wawrinka,R,183,SUI,40.602,159,372,4-6 7-6(5) 6-4,3,R16,145,8,3,100,72,53,16,16,1,2,22,2,108,62,52,20,16,7,8
2025-5100,Athens,Hard,28,A,20251103,20,124186,5,,Alexandre Muller,R,183,FRA,28.753,43,1190,144869,,,Tomas Martin Etcheverry,R,196,ARG,26.297,60,920,6-7(2) 7-6(4) 7-6(3),3,R16,184,12,4,130,89,65,25,18,8,9,25,1,119,81,70,17,18,6,7
2025-5100,Athens,Hard,28,A,20251103,21,207518,2,,Lorenzo Musetti,R,185,ITA,23.671,9,3685,124186,5,,Alexandre Muller,R,183,FRA,28.753,43,1190,6-2 6-4,3,QF,81,9,0,53,36,28,10,9,2,3,2,1,72,51,28,8,9,7,11
2025-5100,Athens,Hard,28,A,20251103,22,200624,,,Sebastian Korda,R,196,USA,25.331,52,1010,200175,,,Miomir Kecmanovic,R,183,SRB,26.177,54,985,6-3 6-2,3,QF,58,13,0,45,33,30,8,9,1,1,1,2,49,37,21,6,8,4,7
2025-5100,Athens,Hard,28,A,20251103,23,104925,1,,Novak Djokovic,R,188,SRB,38.453,5,4580,132686,6,,Nuno Borges,R,185,POR,28.704,47,1120,7-6(1) 6-4,3,QF,103,9,1,61,42,36,13,11,2,2,7,1,80,53,36,15,11,4,5
2025-5100,Athens,Hard,28,A,20251103,24,105870,,,Yannick Hanfmann,R,193,GER,33.974,117,518,106218,,,Marcos Giron,R,180,USA,32.279,72,815,7-6(3) 6-4,3,QF,88,9,1,58,42,37,11,11,0,0,3,2,67,44,33,12,11,4,5
2025-5100,Athens,Hard,28,A,20251103,25,104925,1,,Novak Djokovic,R,188,SRB,38.453,5,4580,105870,,,Yannick Hanfmann,R,193,GER,33.974,117,518,6-3 6-4,3,SF,79,9,0,51,38,28,9,10,0,1,6,0,48,35,24,6,9,3,6
2025-5100,Athens,Hard,28,A,20251103,26,207518,2,,Lorenzo Musetti,R,185,ITA,23.671,9,3685,200624,,,Sebastian Korda,R,196,USA,25.331,52,1010,6-0 5-7 7-5,3,SF,140,9,3,103,74,50,15,15,3,5,8,4,84,49,31,19,15,2,7
2025-5100,Athens,Hard,28,A,20251103,27,104925,1,,Novak Djokovic,R,188,SRB,38.453,5,4580,207518,2,,Lorenzo Musetti,R,185,ITA,23.671,9,3685,4-6 6-3 7-5,3,F,179,6,3,97,61,43,21,16,6,9,10,3,96,61,40,20,15,6,10
2025-605,ATP Finals,Hard,8,F,20251110,1,207989,1,,Carlos Alcaraz,R,183,ESP,22.519,1,11050,200282,7,,Alex de Minaur,R,183,AUS,26.73,7,3935,7-6(5) 6-2,3,RR,100,5,3,72,48,30,14,10,3,5,4,0,58,30,19,12,10,3,7
2025-605,ATP Finals,Hard,8,F,20251110,2,100644,3,,Alexander Zverev,R,198,GER,28.559,3,4960,210097,5,,Ben Shelton,L,193,USA,23.088,5,3970,6-3 7-6(6),3,RR,93,5,0,54,44,37,7,10,0,0,7,2,71,50,39,5,11,3,5
2025-605,ATP Finals,Hard,8,F,20251110,3,126203,6,,Taylor Fritz,R,196,USA,28.036,6,3935,207518,9,,Lorenzo Musetti,R,185,ITA,23.691,9,3840,6-3 6-4,3,RR,102,13,0,56,37,31,12,10,4,4,5,5,86,56,37,12,9,10,12
2025-605,ATP Finals,Hard,8,F,20251110,4,206173,2,,Jannik Sinner,R,191,ITA,24.235,2,10000,200000,8,,Felix Auger-Aliassime,R,193,CAN,25.257,8,3845,7-5 6-1,3,RR,100,3,1,51,36,32,9,10,0,0,9,2,71,47,30,9,9,7,10
2025-605,ATP Finals,Hard,8,F,20251110,5,207989,1,,Carlos Alcaraz,R,183,ESP,22.519,1,11050,126203,6,,Taylor Fritz,R,196,USA,28.036,6,3935,6-7(2) 7-5 6-3,3,RR,168,9,2,128,82,61,24,17,8,9,14,2,114,85,60,12,16,8,11
2025-605,ATP Finals,Hard,8,F,20251110,6,207518,9,,Lorenzo Musetti,R,185,ITA,23.691,9,3840,200282,7,,Alex de Minaur,R,183,AUS,26.73,7,3935,7-5 3-6 7-5,3,RR,167,5,3,90,59,37,23,16,3,5,10,0,110,73,48,22,17,9,12
2025-605,ATP Finals,Hard,8,F,20251110,7,200000,8,,Felix Auger-Aliassime,R,193,CAN,25.257,8,3845,210097,5,,Ben Shelton,L,193,USA,23.088,5,3970,4-6 7-6(7) 7-5,3,RR,145,9,1,93,74,57,14,17,1,3,7,3,104,71,53,19,17,5,7
2025-605,ATP Finals,Hard,8,F,20251110,8,206173,2,,Jannik Sinner,R,191,ITA,24.235,2,10000,100644,3,,Alexander Zverev,R,198,GER,28.559,3,4960,6-4 6-3,3,RR,97,12,0,68,48,40,7,10,7,7,7,0,52,43,31,3,9,2,4
2025-605,ATP Finals,Hard,8,F,20251110,9,200282,7,,Alex de Minaur,R,183,AUS,26.73,7,3935,126203,6,,Taylor Fritz,R,196,USA,28.036,6,3935,7-6(3) 6-3,3,RR,94,5,3,66,36,30,16,11,0,1,8,1,69,41,27,15,10,2,4
2025-605,ATP Finals,Hard,8,F,20251110,10,207989,1,,Carlos Alcaraz,R,183,ESP,22.519,1,11050,207518,9,,Lorenzo Musetti,R,185,ITA,23.691,9,3840,6-4 6-1,3,RR,83,2,0,52,36,30,9,9,2,2,3,0,56,36,19,12,8,2,5
2025-605,ATP Finals,Hard,8,F,20251110,11,206173,2,,Jannik Sinner,R,191,ITA,24.235,2,10000,210097,5,,Ben Shelton,L,193,USA,23.088,5,3970,6-3 7-6(3),3,RR,94,11,0,63,47,38,9,10,1,1,6,2,66,47,36,8,11,2,4
2025-605,ATP Finals,Hard,8,F,20251110,13,200000,8,,Felix Auger-Aliassime,R,193,CAN,25.257,8,3845,100644,3,,Alexander Zverev,R,198,GER,28.559,3,4960,6-4 7-6(4),3,RR,127,11,0,73,53,39,13,11,4,4,9,2,78,60,43,8,11,6,7
2025-605,ATP Finals,Hard,8,F,20251110,14,206173,2,,Jannik Sinner,R,191,ITA,24.235,2,10000,200282,7,,Alex de Minaur,R,183,AUS,26.73,7,3935,7-5 6-2,3,SF,112,7,0,59,44,37,7,10,4,4,8,2,88,46,29,19,10,10,13
2025-605,ATP Finals,Hard,8,F,20251110,15,207989,1,,Carlos Alcaraz,R,183,ESP,22.519,1,11050,200000,8,,Felix Auger-Aliassime,R,193,CAN,25.257,8,3845,6-2 6-4,3,SF,82,5,1,51,38,31,7,9,1,1,5,1,57,41,24,9,9,5,8
2025-605,ATP Finals,Hard,8,F,20251110,16,206173,2,,Jannik Sinner,R,191,ITA,24.235,2,10000,207989,1,,Carlos Alcaraz,R,183,ESP,22.519,1,11050,7-6(4) 7-5,3,F,135,8,5,78,43,36,19,12,2,3,5,0,72,49,36,13,12,0,2
2025-M-DC-2025-FLS-M-FRA-BEL-01,Davis Cup Finals QF: FRA vs BEL,Hard,2,D,20251118,1,209920,,,Raphael Collignon,R,191,BEL,23.85,86,704,144895,,,Corentin Moutet,L,180,FRA,26.59,35,1408,2-6 7-5 7-5,3,RR,151,2,2,89,53,41,22,16,5,8,5,3,99,71,49,16,16,7,10
2025-M-DC-2025-FLS-M-FRA-BEL-01,Davis Cup Finals QF: FRA vs BEL,Hard,2,D,20251118,2,200267,,,Zizou Bergs,R,185,BEL,26.46,43,1218,126239,,,Arthur Rinderknech,R,196,FRA,30.33,29,1540,6-3 7-6(4),3,RR,94,6,2,70,42,33,17,11,2,3,6,1,59,43,33,8,10,1,3
2025-M-DC-2025-FLS-M-ITA-AUT-01,Davis Cup Finals QF: ITA vs AUT,Hard,2,D,20251119,1,126610,,,Matteo Berrettini,R,196,ITA,29.60,56,945,200514,,,Jurij Rodionov,L,191,AUT,26.51,177,329,6-3 7-6(4),3,RR,95,7,1,67,53,42,8,11,4,5,4,2,57,40,31,9,10,1,3
2025-M-DC-2025-FLS-M-ITA-AUT-01,Davis Cup Finals QF: ITA vs AUT,Hard,2,D,20251119,2,207925,,,Flavio Cobolli,R,183,ITA,23.54,22,2025,209209,,,Filip Misolic,R,180,AUT,24.3,79,726,6-1 6-3,3,RR,66,8,0,53,33,26,11,8,5,5,1,2,43,24,18,6,8,1,5
2025-M-DC-2025-FLS-M-ESP-CZE-01,Davis Cup Finals QF: ESP vs CZE,Hard,2,D,20251120,1,210150,,,Jakub Mensik,R,196,CZE,20.22,19,2180,105807,,,Pablo Carreno Busta,R,188,ESP,34.36,89,681,7-5 6-4,3,RR,101,20,2,69,46,34,12,11,1,2,1,0,68,44,29,11,11,4,7
2025-M-DC-2025-FLS-M-ESP-CZE-01,Davis Cup Finals QF: ESP vs CZE,Hard,2,D,20251120,2,144719,,,Jaume Munar,R,183,ESP,28.55,36,1395,208103,,,Jiri Lehecka,R,185,CZE,24.03,17,2345,6-3 6-4,3,RR,83,5,0,57,38,33,10,10,2,2,9,2,50,33,26,8,9,2,4
2025-M-DC-2025-FLS-M-ARG-GER-01,Davis Cup Finals QF: ARG vs GER,Hard,2,D,20251120,1,144869,,,Tomas Martin Etcheverry,R,196,ARG,26.34,60,920,105526,,,Jan-Lennard Struff,R,193,GER,35.57,84,711,7-6(3) 7-6(7),3,RR,124,23,2,93,67,53,11,12,7,8,7,0,73,45,35,17,12,0,1
2025-M-DC-2025-FLS-M-ARG-GER-01,Davis Cup Finals QF: ARG vs GER,Hard,2,D,20251120,2,100644,,,Alexander Zverev,R,198,GER,28.58,3,5160,202103,,,Francisco Cerundolo,R,185,ARG,27.27,21,2085,6-4 7-6(3),3,RR,96,7,0,62,44,37,12,11,0,0,5,1,64,43,30,13,11,0,1
2025-M-DC-2025-FLS-M-ITA-BEL-01,Davis Cup Finals SF: ITA vs BEL,Hard,2,D,20251121,1,126610,,,Matteo Berrettini,R,196,ITA,29.60,56,945,209920,,,Raphael Collignon,R,191,BEL,23.85,86,704,6-3 6-4,3,RR,90,5,0,61,40,31,11,10,1,2,4,4,66,49,30,8,9,7,10
2025-M-DC-2025-FLS-M-ITA-BEL-01,Davis Cup Finals SF: ITA vs BEL,Hard,2,D,20251121,2,207925,,,Flavio Cobolli,R,183,ITA,23.54,22,2025,200267,,,Zizou Bergs,R,185,BEL,26.46,43,1218,6-3 6-7(5) 7-6(15),3,RR,186,10,0,137,86,71,25,17,5,5,5,3,114,85,67,13,16,2,3
2025-M-DC-2025-FLS-M-ESP-GER-01,Davis Cup Finals SF: ESP vs GER,Hard,2,D,20251122,1,105807,,,Pablo Carreno Busta,R,188,ESP,34.36,89,681,105526,,,Jan-Lennard Struff,R,193,GER,35.57,84,711,6-4 7-6(6),3,RR,106,4,0,75,50,36,14,11,3,4,9,0,69,54,40,6,11,3,5
2025-M-DC-2025-FLS-M-ESP-GER-01,Davis Cup Finals SF: ESP vs GER,Hard,2,D,20251122,2,100644,,,Alexander Zverev,R,198,GER,28.58,3,5160,144719,,,Jaume Munar,R,183,ESP,28.55,36,1395,7-6(2) 7-6(5),3,RR,122,13,1,80,66,50,7,12,1,3,9,1,74,53,40,11,12,2,4
2025-M-DC-2025-FLS-M-ITA-ESP-01,Davis Cup Finals F: ITA vs ESP,Hard,2,D,20251123,1,126610,,,Matteo Berrettini,R,196,ITA,29.60,56,945,105807,,,Pablo Carreno Busta,R,188,ESP,34.36,89,681,6-3 6-4,3,RR,79,13,0,53,33,27,14,10,0,0,3,1,49,33,25,7,9,5,7
2025-M-DC-2025-FLS-M-ITA-ESP-01,Davis Cup Finals F: ITA vs ESP,Hard,2,D,20251123,2,207925,,,Flavio Cobolli,R,183,ITA,23.54,22,2025,144719,,,Jaume Munar,R,183,ESP,28.55,36,1395,1-6 7-6(5) 7-5,3,RR,177,4,0,85,50,36,22,15,1,4,9,1,111,72,54,21,16,12,14
