pred_prob_player_win,label
0.49866899847984314,1
0.30590155720710754,0
0.20944292843341827,1
0.7912838459014893,0
0.4445890784263611,1
0.45683974027633667,0
0.8903675675392151,1
0.08562196046113968,0
0.7131643295288086,1
0.2627309262752533,0
0.47497448325157166,1
0.395489901304245,0
0.7346076369285583,1
0.25962603092193604,0
0.5560206770896912,1
0.03206248953938484,0
0.7898887395858765,1
0.2470788061618805,0
0.7562968134880066,1
0.2639593780040741,0
0.6943405866622925,1
0.08071133494377136,0
0.9994957447052002,1
0.8849149346351624,0
0.17761975526809692,1
0.1903603971004486,0
0.3716147840023041,1
0.3699415624141693,0
0.7792923450469971,1
0.252468079328537,0
0.4563947319984436,1
0.7055666446685791,0
0.619109570980072,1
0.28235822916030884,0
0.7892141938209534,1
0.24898353219032288,0
0.9995057582855225,1
0.8892152905464172,0
0.30390462279319763,1
0.5537254810333252,0
0.2214372456073761,1
0.5795167684555054,0
0.27772626280784607,1
0.4186260402202606,0
0.790845513343811,1
0.2085595279932022,0
0.8723087906837463,1
0.9341421723365784,0
0.9991470575332642,1
0.042369745671749115,0
0.8122643232345581,1
0.11921811103820801,0
0.7889889478683472,1
0.017600785940885544,0
0.5875657200813293,1
0.7883413434028625,0
0.41711798310279846,1
0.43694061040878296,0
0.8606539368629456,1
0.027547920122742653,0
0.8884921669960022,1
0.022705432027578354,0
0.3612971901893616,1
0.49967971444129944,0
0.5490507483482361,1
0.336164265871048,0
0.4457898736000061,1
0.3844779133796692,0
0.8027982115745544,1
0.20379021763801575,0
0.24604779481887817,1
0.7947891354560852,0
0.5436998009681702,1
0.3147418797016144,0
0.9995256662368774,1
0.8524394631385803,0
0.9994731545448303,1
0.8806420564651489,0
0.49670839309692383,1
0.3787665069103241,0
0.8509122729301453,1
0.9729870557785034,0
0.8055118918418884,1
0.05232884734869003,0
0.773517906665802,1
0.2550763189792633,0
0.24599973857402802,1
0.7939466238021851,0
0.888404369354248,1
0.9080321192741394,0
0.7811708450317383,1
0.25236615538597107,0
0.26346859335899353,1
0.7648023962974548,0
0.7830264568328857,1
0.24992451071739197,0
0.7876688838005066,1
0.24877844750881195,0
0.8048936724662781,1
0.12525644898414612,0
0.9995654225349426,1
0.8198465704917908,0
0.9995461106300354,1
0.2799343466758728,0
0.4220660328865051,1
0.19362220168113708,0
0.7670742869377136,1
0.25585272908210754,0
0.6903756856918335,1
0.020450560376048088,0
0.37593817710876465,1
0.4489383101463318,0
0.26828786730766296,1
0.693169116973877,0
0.30946773290634155,1
0.5923658609390259,0
0.5881580710411072,1
0.28964006900787354,0
0.6801192760467529,1
0.2753002643585205,0
0.7132912874221802,1
0.28292950987815857,0
0.7472318410873413,1
0.2579708695411682,0
0.80243980884552,1
0.06366143375635147,0
0.8715536594390869,1
0.928748607635498,0
0.8221397399902344,1
0.0036290574353188276,0
0.7726354598999023,1
0.2524539828300476,0
0.26332277059555054,1
0.7630947232246399,0
0.99588543176651,1
0.5093955397605896,0
0.2766786813735962,1
0.0032480114605277777,0
0.6531813740730286,1
0.3077310621738434,0
0.68894362449646,1
0.22033226490020752,0
0.7318633794784546,1
0.4541012942790985,0
0.408881276845932,1
0.5086793899536133,0
0.452485054731369,1
0.29485028982162476,0
0.25320690870285034,1
0.003766104346141219,0
0.3790037930011749,1
0.9690240621566772,0
0.41659456491470337,1
0.4236425459384918,0
0.48420414328575134,1
0.0018470522481948137,0
0.9911237955093384,1
0.003008261788636446,0
0.013296051882207394,1
0.45157164335250854,0
0.05962226167321205,1
0.46252721548080444,0
0.3983228802680969,1
0.893824577331543,0
0.9995819926261902,1
0.9809990525245667,0
0.8854653239250183,1
0.1687266081571579,0
0.3090754747390747,1
0.37687087059020996,0
0.9994864463806152,1
0.3478527367115021,0
0.7612283229827881,1
0.9972841739654541,0
0.9995057582855225,1
0.16552869975566864,0
0.008212205953896046,1
0.049070607870817184,0
0.35125699639320374,1
0.09822988510131836,0
0.999636173248291,1
0.7839744091033936,0
0.04742852598428726,1
0.22612787783145905,0
0.5096952319145203,1
0.34928131103515625,0
0.02064363658428192,1
0.06713924556970596,0
0.46429988741874695,1
0.003651214996352792,0
0.7439054250717163,1
0.9976625442504883,0
0.02418757975101471,1
0.964840292930603,0
0.0418359600007534,1
0.5351133942604065,0
0.5923984050750732,1
0.5407721400260925,0
0.016188953071832657,1
0.00584391551092267,0
0.010088382288813591,1
0.01411967258900404,0
0.6904572248458862,1
0.0007271039066836238,0
0.37648990750312805,1
0.9929372668266296,0
0.6537664532661438,1
0.9339292645454407,0
0.3340548276901245,1
0.5676392316818237,0
0.9996305704116821,1
0.40297573804855347,0
0.2202465534210205,1
0.31351378560066223,0
0.9991253018379211,1
0.0017963210120797157,0
0.9996916055679321,1
0.8839289546012878,0
0.9994329810142517,1
0.567847490310669,0
0.9994893074035645,1
0.7094125747680664,0
0.9358144402503967,1
0.17011220753192902,0
0.5382224321365356,1
0.9932368397712708,0
0.6475244760513306,1
0.3195124566555023,0
0.9996609687805176,1
0.9068548679351807,0
0.014894171617925167,1
0.08479711413383484,0
0.9995781779289246,1
0.10528741776943207,0
0.9995651841163635,1
0.18597912788391113,0
0.22138801217079163,1
0.3484973907470703,0
0.9994827508926392,1
0.2100866585969925,0
0.08693260699510574,1
0.3602115511894226,0
0.6544485092163086,1
0.5309610962867737,0
0.9996709823608398,1
0.7212614417076111,0
0.9994957447052002,1
0.005237596575170755,0
0.9995538592338562,1
0.01784510165452957,0
0.9995607733726501,1
0.8976629972457886,0
0.9995850920677185,1
0.08843911439180374,0
0.3839302957057953,1
0.9279883503913879,0
0.9994600415229797,1
0.13943727314472198,0
0.9995889067649841,1
0.22300121188163757,0
0.999473512172699,1
0.39474940299987793,0
0.999494194984436,1
0.42563557624816895,0
0.9995319843292236,1
0.1423729658126831,0
0.9995822310447693,1
0.12616553902626038,0
0.052729979157447815,1
0.19598734378814697,0
0.9996516704559326,1
0.2482280284166336,0
0.0009447846678085625,1
0.390908420085907,0
0.9996614456176758,1
0.783284068107605,0
0.9995811581611633,1
0.08596912771463394,0
0.999466598033905,1
0.4304768145084381,0
0.9994066953659058,1
0.20781004428863525,0
0.9996799230575562,1
0.14700853824615479,0
0.009071044623851776,1
0.1586674153804779,0
0.9995952248573303,1
0.5839583277702332,0
0.9996597766876221,1
0.40534448623657227,0
0.10366485267877579,1
0.055711761116981506,0
0.9995480179786682,1
0.13942745327949524,0
0.9996349811553955,1
0.46575188636779785,0
0.2117207646369934,1
0.058452993631362915,0
0.00423766765743494,1
0.4452117085456848,0
0.9995158910751343,1
0.04676029458642006,0
0.5957974195480347,1
0.08851843327283859,0
0.3809925317764282,1
0.022837655618786812,0
0.4915979504585266,1
0.030136462301015854,0
0.12092834711074829,1
0.3618355691432953,0
0.9995443224906921,1
0.5685527324676514,0
0.1796351969242096,1
0.9382494688034058,0
0.9995280504226685,1
0.6074373722076416,0
0.9994868040084839,1
0.14123648405075073,0
0.023098871111869812,1
0.9558753371238708,0
0.9993506073951721,1
0.27864885330200195,0
0.9995936751365662,1
0.9582269191741943,0
0.15025188028812408,1
0.4819088280200958,0
0.9991378784179688,1
0.009379010647535324,0
0.9996861219406128,1
0.39225447177886963,0
0.9995648264884949,1
0.5581678152084351,0
0.9995348453521729,1
0.0058860196731984615,0
0.9995276927947998,1
0.1132497489452362,0
0.999407172203064,1
0.6643381118774414,0
0.4036405384540558,1
0.40491119027137756,0
0.9996635913848877,1
0.7940011620521545,0
0.9993301630020142,1
0.3443154990673065,0
0.06417524069547653,1
0.00407926132902503,0
0.9996750354766846,1
0.628328263759613,0
0.5559278726577759,1
0.3933866322040558,0
0.017953526228666306,1
0.795375406742096,0
0.9996581077575684,1
0.2452230304479599,0
0.9995999932289124,1
0.13278435170650482,0
0.9993185997009277,1
0.24586713314056396,0
0.8861954212188721,1
0.07839929312467575,0
0.9995768666267395,1
0.25361737608909607,0
0.9868183135986328,1
0.5859577655792236,0
0.1393924504518509,1
0.5173053741455078,0
0.30913153290748596,1
0.14349383115768433,0
0.9719494581222534,1
0.0023987542372196913,0
0.5087969303131104,1
0.4931775629520416,0
0.04229599982500076,1
0.6615891456604004,0
0.9995089769363403,1
0.40787774324417114,0
0.20054320991039276,1
0.8276920914649963,0
0.9996082186698914,1
0.030124831944704056,0
0.9996002316474915,1
0.1334906369447708,0
0.42818009853363037,1
0.004757764283567667,0
0.049049485474824905,1
0.9304932355880737,0
0.25262346863746643,1
0.4694845378398895,0
0.9995638728141785,1
0.16822396218776703,0
0.9995017051696777,1
0.1427702009677887,0
0.9996837377548218,1
0.9057554602622986,0
0.605371356010437,1
0.4218706786632538,0
0.0039259884506464005,1
0.27600333094596863,0
0.9994837045669556,1
0.06218136101961136,0
0.06485772132873535,1
0.41900137066841125,0
0.0063988445326685905,1
0.4400655925273895,0
0.9996345043182373,1
0.6245030164718628,0
0.9995641112327576,1
0.5813255310058594,0
0.9995033740997314,1
0.6240764856338501,0
0.9996240139007568,1
0.3563654124736786,0
0.9995730519294739,1
0.6854908466339111,0
0.9994794726371765,1
0.6407723426818848,0
0.9995445609092712,1
0.18571123480796814,0
0.9961622953414917,1
0.51261305809021,0
0.6790155172348022,1
0.570628821849823,0
0.999484658241272,1
0.486750990152359,0
0.1465732753276825,1
0.8710147738456726,0
0.9994148015975952,1
0.014709623530507088,0
0.9996639490127563,1
0.6730638146400452,0
0.9994981288909912,1
0.25190702080726624,0
0.999388575553894,1
0.050641581416130066,0
0.9996131062507629,1
0.08733286708593369,0
0.47236648201942444,1
0.5307124853134155,0
0.9996531009674072,1
0.6379478573799133,0
0.9996143579483032,1
0.32657894492149353,0
0.999552309513092,1
0.3015144467353821,0
0.6028010845184326,1
0.5311621427536011,0
0.9675782322883606,1
0.15426325798034668,0
0.9995999932289124,1
0.3244887888431549,0
0.00619142921641469,1
0.021126355975866318,0
0.9995579123497009,1
0.7064698338508606,0
0.9995610117912292,1
0.1675032377243042,0
0.9996764659881592,1
0.7260079979896545,0
0.999573290348053,1
0.2785435914993286,0
0.999616265296936,1
0.27182021737098694,0
0.999428927898407,1
0.024075234308838844,0
0.9996215105056763,1
0.30911511182785034,0
0.6668919920921326,1
0.9604862332344055,0
0.5712130665779114,1
0.9619007110595703,0
0.8530453443527222,1
0.9908623695373535,0
0.5058603286743164,1
0.3195633590221405,0
0.5847160816192627,1
0.5959510207176208,0
0.6237540245056152,1
0.07650744915008545,0
0.004414747003465891,1
0.36584147810935974,0
0.999666690826416,1
0.7465155124664307,0
0.9995933175086975,1
0.6598231792449951,0
0.9993634819984436,1
0.004257337190210819,0
0.9996300935745239,1
0.9969411492347717,0
0.9438961744308472,1
0.31201231479644775,0
0.35636255145072937,1
0.8131682872772217,0
0.003365030512213707,1
0.4508519768714905,0
0.6198320388793945,1
0.5755775570869446,0
0.9987168312072754,1
0.0012748385779559612,0
0.2321152687072754,1
0.06616882979869843,0
0.005488090217113495,1
0.47844889760017395,0
0.999554455280304,1
0.9970934391021729,0
0.9994868040084839,1
0.882093608379364,0
0.9996675252914429,1
0.7464685440063477,0
0.8708322644233704,1
0.581539511680603,0
0.1460154801607132,1
0.8673607110977173,0
0.9996893405914307,1
0.7079613208770752,0
0.10322661697864532,1
0.4187559485435486,0
0.002464737044647336,1
0.26515382528305054,0
0.9995738863945007,1
0.9982355833053589,0
0.19350546598434448,1
0.9531367421150208,0
0.02807614393532276,1
0.015567862428724766,0
0.6278411149978638,1
0.9527718424797058,0
0.9995991587638855,1
0.07581226527690887,0
0.9996562004089355,1
0.9076932668685913,0
0.1996571570634842,1
0.9139280319213867,0
0.04412674158811569,1
0.009121201932430267,0
0.9995864033699036,1
0.055007368326187134,0
0.9994848966598511,1
0.002465703058987856,0
0.9995908141136169,1
0.41883227229118347,0
0.09130892902612686,1
0.5497770309448242,0
0.009219408966600895,1
0.38333356380462646,0
0.9996163845062256,1
0.18826760351657867,0
0.9995185136795044,1
0.14165335893630981,0
0.9995092153549194,1
0.06999921798706055,0
0.5038828253746033,1
0.6970939040184021,0
0.999308705329895,1
0.7475457787513733,0
0.9992571473121643,1
0.12991930544376373,0
0.9989548921585083,1
0.29131290316581726,0
0.9994713664054871,1
0.31333038210868835,0
0.9995323419570923,1
0.2715105414390564,0
0.9993273019790649,1
0.47294411063194275,0
0.5489146709442139,1
0.23922547698020935,0
0.9996336698532104,1
0.9562869071960449,0
0.003676492953673005,1
0.8193372488021851,0
0.9996756315231323,1
0.6849650144577026,0
0.5598615407943726,1
0.6448171138763428,0
0.9996484518051147,1
0.29558247327804565,0
0.999376118183136,1
0.27957814931869507,0
0.9996672868728638,1
0.9775844216346741,0
0.01442740298807621,1
0.994544506072998,0
0.0025939508341252804,1
0.020632697269320488,0
0.9995573163032532,1
0.013925251550972462,0
0.005505210254341364,1
0.8397448062896729,0
0.47194620966911316,1
0.0667761042714119,0
0.999474823474884,1
0.12405484169721603,0
0.23185673356056213,1
0.04012219235301018,0
0.999602735042572,1
0.155110165476799,0
0.22605156898498535,1
0.05374641343951225,0
0.15281610190868378,1
0.6439461708068848,0
0.9995373487472534,1
0.2606109380722046,0
0.9995118379592896,1
0.26140785217285156,0
0.7091487646102905,1
0.1373022496700287,0
0.9996947050094604,1
0.7574920058250427,0
0.9996351003646851,1
0.6463483572006226,0
0.9995130300521851,1
0.9823447465896606,0
0.9996140599250793,1
0.021655909717082977,0
0.015531131066381931,1
0.06639594584703445,0
0.9967153072357178,1
0.6759734749794006,0
0.9995980858802795,1
0.1440851241350174,0
0.9996134638786316,1
0.2475164532661438,0
0.9995194673538208,1
0.3643375635147095,0
0.999453604221344,1
0.004597901366651058,0
0.9996523857116699,1
0.4517507255077362,0
0.9996522665023804,1
0.6196778416633606,0
0.960940957069397,1
0.13448506593704224,0
0.9996651411056519,1
0.4313057065010071,0
0.20171451568603516,1
0.30576199293136597,0
0.9994687438011169,1
0.05211462080478668,0
0.9995297193527222,1
0.10890049487352371,0
0.999446451663971,1
0.0778319388628006,0
0.9995131492614746,1
0.13602177798748016,0
0.47549185156822205,1
0.017782114446163177,0
0.5209887027740479,1
0.9285058975219727,0
0.9992647767066956,1
0.4523296058177948,0
0.4708738923072815,1
0.003018854884430766,0
0.9995421171188354,1
0.8953663110733032,0
0.9996254444122314,1
0.4596256911754608,0
0.16559520363807678,1
0.565648078918457,0
0.9996564388275146,1
0.33487212657928467,0
0.9996262788772583,1
0.2057972550392151,0
0.9995386600494385,1
0.2352796494960785,0
0.9994471669197083,1
0.9773783683776855,0
0.4829818308353424,1
0.04112736135721207,0
0.8536659479141235,1
0.06303250789642334,0
0.6201962828636169,1
0.3446849584579468,0
0.5191172957420349,1
0.31404632329940796,0
0.9995404481887817,1
0.23632432520389557,0
0.9995660185813904,1
0.33338454365730286,0
0.041379157453775406,1
0.0016724213492125273,0
0.9995182752609253,1
0.0938417911529541,0
0.9995145797729492,1
0.20790311694145203,0
0.9995723366737366,1
0.10610326379537582,0
0.9994871616363525,1
0.010127504356205463,0
0.06630725413560867,1
0.0019206417491659522,0
0.09436675906181335,1
0.008397310972213745,0
0.8708929419517517,1
0.7298057675361633,0
0.01851392351090908,1
0.6850773096084595,0
0.017788752913475037,1
0.35779911279678345,0
0.513727605342865,1
0.7708747982978821,0
0.24441972374916077,1
0.11601386219263077,0
0.9995924830436707,1
0.2958398163318634,0
0.999478280544281,1
0.19350308179855347,0
0.20091184973716736,1
0.08762774616479874,0
0.9996362924575806,1
0.42237451672554016,0
0.9995682835578918,1
0.0029358824249356985,0
0.5293944478034973,1
0.15861840546131134,0
0.25789210200309753,1
0.7286287546157837,0
0.2892358899116516,1
0.20362332463264465,0
0.18144936859607697,1
0.0021231549326330423,0
0.999671459197998,1
0.8836697340011597,0
0.9995946288108826,1
0.06389207392930984,0
0.1270466297864914,1
0.12085208296775818,0
0.14202113449573517,1
0.062057167291641235,0
0.019517185166478157,1
0.4776342511177063,0
0.9996609687805176,1
0.8800312280654907,0
0.9995296001434326,1
0.45780643820762634,0
0.005451593082398176,1
0.3373713195323944,0
0.9995310306549072,1
0.19469989836215973,0
0.9995162487030029,1
0.9164265990257263,0
0.09445534646511078,1
0.6713600754737854,0
0.9995282888412476,1
0.2318141609430313,0
0.9996073842048645,1
0.39232659339904785,0
0.9993699193000793,1
0.5008900761604309,0
0.09536583721637726,1
0.09525373578071594,0
0.9994382262229919,1
0.27332064509391785,0
0.08366521447896957,1
0.005018358584493399,0
0.9995212554931641,1
0.6696604490280151,0
0.9994561076164246,1
0.0694834515452385,0
0.30044007301330566,1
0.002861873945221305,0
0.9992534518241882,1
0.30364668369293213,0
0.9995847344398499,1
0.5447050333023071,0
0.17229197919368744,1
0.12023326009511948,0
0.9995750784873962,1
0.7653629779815674,0
0.9995347261428833,1
0.056543126702308655,0
0.9994865655899048,1
0.595378577709198,0
0.9995347261428833,1
0.14143934845924377,0
0.9995256662368774,1
0.07058705389499664,0
0.9994999170303345,1
0.6622940301895142,0
0.9890466332435608,1
0.1729404181241989,0
0.9996505975723267,1
0.4569762945175171,0
0.9993698000907898,1
0.4207201302051544,0
0.9996594190597534,1
0.6042004823684692,0
0.999636173248291,1
0.5110844373703003,0
0.013088240288197994,1
0.0024849087931215763,0
0.9995180368423462,1
0.3159635663032532,0
0.9996356964111328,1
0.07049822062253952,0
0.9994739890098572,1
0.18697047233581543,0
0.9995998740196228,1
0.1170455813407898,0
0.9996767044067383,1
0.7932717800140381,0
0.16990549862384796,1
0.7619368433952332,0
0.9996108412742615,1
0.13826368749141693,0
0.999669075012207,1
0.5170955657958984,0
0.1059613898396492,1
0.9826395511627197,0
0.9996603727340698,1
0.10736490041017532,0
0.999607264995575,1
0.5445611476898193,0
0.9994518160820007,1
0.8668970465660095,0
0.999595582485199,1
0.5560472011566162,0
0.47606733441352844,1
0.12861967086791992,0
0.11895295232534409,1
0.9610767960548401,0
0.999127209186554,1
0.041575539857149124,0
0.004023809917271137,1
0.012671593576669693,0
0.9995998740196228,1
0.0067068831995129585,0
0.02482418902218342,1
0.9649977684020996,0
0.9997001886367798,1
0.789260983467102,0
0.9995993971824646,1
0.008014768362045288,0
0.9995297193527222,1
0.1607367843389511,0
0.9995712637901306,1
0.8116165995597839,0
0.7573665380477905,1
0.9993769526481628,0
0.9994496703147888,1
0.8469550013542175,0
0.9996970891952515,1
0.35544782876968384,0
0.999593198299408,1
0.030675357207655907,0
0.18054337799549103,1
0.9100658297538757,0
0.11904729902744293,1
0.04644061625003815,0
0.9995276927947998,1
0.09155131876468658,0
0.05295773223042488,1
0.35078778862953186,0
0.9993442893028259,1
0.9496935606002808,0
0.33012819290161133,1
0.05219866707921028,0
0.9994944334030151,1
0.9774684906005859,0
0.9995720982551575,1
0.9124383926391602,0
0.04185141623020172,1
0.07117412984371185,0
0.9996638298034668,1
0.8022284507751465,0
0.9995847344398499,1
0.25991204380989075,0
0.9994537234306335,1
0.8478725552558899,0
0.4046300947666168,1
0.19294719398021698,0
0.532319188117981,1
0.18671506643295288,0
0.9995688796043396,1
0.9718158841133118,0
0.06608105450868607,1
0.5113426446914673,0
0.2535427212715149,1
0.9929512143135071,0
0.9995412826538086,1
0.3928256630897522,0
0.1696491241455078,1
0.10998356342315674,0
0.9995952248573303,1
0.9326103329658508,0
0.9992237091064453,1
0.03424704447388649,0
0.3621869683265686,1
0.12727218866348267,0
0.004687456414103508,1
0.7828352451324463,0
0.9995071887969971,1
0.6991409659385681,0
0.9995321035385132,1
0.07069040834903717,0
0.0058572920970618725,1
0.3049398362636566,0
0.9994798302650452,1
0.006513066589832306,0
0.9995496869087219,1
0.9770399332046509,0
0.9994527697563171,1
0.17961707711219788,0
0.8246045708656311,1
0.020902959629893303,0
0.9995137453079224,1
0.8779308199882507,0
0.7009904980659485,1
0.8733559250831604,0
0.9994750618934631,1
0.05506114661693573,0
0.20100629329681396,1
0.07366232573986053,0
0.11214637756347656,1
0.9770891070365906,0
0.2843998968601227,1
0.8592536449432373,0
0.999434769153595,1
0.3163890540599823,0
0.07133638858795166,1
0.04277855157852173,0
0.9996507167816162,1
0.38573041558265686,0
0.9995005130767822,1
0.45087873935699463,0
0.3905915319919586,1
0.06818921118974686,0
0.999683141708374,1
0.7309715747833252,0
0.9994741082191467,1
0.22598449885845184,0
0.9996302127838135,1
0.924841582775116,0
0.2010311782360077,1
0.0889228880405426,0
0.42536303400993347,1
0.707303524017334,0
0.9995948672294617,1
0.4823233485221863,0
0.9994623064994812,1
0.5029299259185791,0
0.9996330738067627,1
0.07912936806678772,0
0.9995574355125427,1
0.866042971611023,0
0.9391050934791565,1
0.7655420899391174,0
0.9995285272598267,1
0.22422315180301666,0
0.9995635151863098,1
0.11730851233005524,0
0.25193262100219727,1
0.4008439779281616,0
0.999553382396698,1
0.2271728366613388,0
0.9995810389518738,1
0.05264246463775635,0
0.9996515512466431,1
0.8615777492523193,0
0.9995304346084595,1
0.15322771668434143,0
0.9995002746582031,1
0.2460673451423645,0
0.9995473027229309,1
0.05743160843849182,0
0.9994396567344666,1
0.10160361230373383,0
0.9996798038482666,1
0.6499509811401367,0
0.999566376209259,1
0.23692049086093903,0
0.9996659755706787,1
0.5466052889823914,0
0.9995563626289368,1
0.40028849244117737,0
0.9995253086090088,1
0.4893690049648285,0
0.9996635913848877,1
0.1113666221499443,0
0.9982031583786011,1
0.3617657721042633,0
0.9996485710144043,1
0.7627536654472351,0
0.99962317943573,1
0.16898661851882935,0
0.999578058719635,1
0.07862497121095657,0
0.9995429515838623,1
0.2471233755350113,0
0.9981977343559265,1
0.3606853485107422,0
0.9996272325515747,1
0.5395600199699402,0
0.9996067881584167,1
0.2618624269962311,0
0.9996775388717651,1
0.07691959291696548,0
0.9996540546417236,1
0.69288170337677,0
0.9996718168258667,1
0.509426474571228,0
0.9996567964553833,1
0.0376320444047451,0
0.9996691942214966,1
0.5038849115371704,0
0.7878763675689697,1
0.2471136748790741,0
0.47080057859420776,1
0.35364845395088196,0
0.6089380979537964,1
0.2465609759092331,0
0.008230709470808506,1
0.3788844048976898,0
0.1441531628370285,1
0.9736042022705078,0
0.4837069809436798,1
0.5714085102081299,0
0.9995163679122925,1
0.7204399108886719,0
0.002398579614236951,1
0.258890300989151,0
0.999567449092865,1
0.574169397354126,0
0.34413397312164307,1
0.9129897952079773,0
0.8889148831367493,1
0.8615032434463501,0
0.9995793700218201,1
0.004795893095433712,0
0.998806357383728,1
0.0013741932343691587,0
0.9995492100715637,1
0.7852813005447388,0
0.9995904564857483,1
0.5725852251052856,0
0.9993851184844971,1
0.011741872876882553,0
0.3071841597557068,1
0.27852144837379456,0
0.9994939565658569,1
0.003326562698930502,0
0.9994400143623352,1
0.9140985012054443,0
0.07580608874559402,1
0.565122127532959,0
0.9994925260543823,1
0.25704118609428406,0
0.1316201239824295,1
0.4747694432735443,0
0.008138530887663364,1
0.8357703685760498,0
0.7452309131622314,1
0.848272442817688,0
0.8387044072151184,1
0.9046952724456787,0
0.9995971322059631,1
0.8812440633773804,0
0.6953451633453369,1
0.0797954574227333,0
0.03851477429270744,1
0.5854034423828125,0
0.2918272018432617,1
0.09836667776107788,0
0.9996875524520874,1
0.9855430126190186,0
0.6375344395637512,1
0.8132383227348328,0
0.9994916915893555,1
0.8637896776199341,0
0.5313326716423035,1
0.8178792595863342,0
0.9995456337928772,1
0.6323615908622742,0
0.999309778213501,1
0.020648101344704628,0
0.4637782573699951,1
0.06172146648168564,0
0.9996024966239929,1
0.7908855080604553,0
0.9996689558029175,1
0.8753974437713623,0
0.9995348453521729,1
0.7014421224594116,0
0.9995524287223816,1
0.3726862370967865,0
0.9995694756507874,1
0.5483490228652954,0
0.9996914863586426,1
0.9622552394866943,0
0.9996863603591919,1
0.8872235417366028,0
0.9995280504226685,1
0.03234853968024254,0
0.9996042847633362,1
0.14590170979499817,0
0.9994966983795166,1
0.6342424750328064,0
0.9995356798171997,1
0.8409296274185181,0
0.9995731711387634,1
0.01066743116825819,0
0.999492883682251,1
0.5986481308937073,0
0.9995923638343811,1
0.3290681838989258,0
0.9996107220649719,1
0.24334445595741272,0
0.9996631145477295,1
0.7155124545097351,0
0.9996589422225952,1
0.28563734889030457,0
0.9993278980255127,1
0.002271146047860384,0
0.8817152380943298,1
0.046347614377737045,0
0.9995423555374146,1
0.25590991973876953,0
0.999529242515564,1
0.9752887487411499,0
0.9991699457168579,1
0.0033897445537149906,0
0.9996053576469421,1
0.11492888629436493,0
0.999591052532196,1
0.06974222511053085,0
0.11146547645330429,1
0.308616578578949,0
0.9995917677879333,1
0.789548397064209,0
0.9995006322860718,1
0.07145564258098602,0
0.847226083278656,1
0.061716578900814056,0
0.9994682669639587,1
0.9988235831260681,0
0.999632716178894,1
0.6304333806037903,0
0.6347379684448242,1
0.42851871252059937,0
0.9995556473731995,1
0.06748375296592712,0
0.4817315936088562,1
0.8699533939361572,0
0.23899903893470764,1
0.44773170351982117,0
0.9995647072792053,1
0.8398942947387695,0
0.9995777010917664,1
0.06330378353595734,0
0.9996751546859741,1
0.6838928461074829,0
0.8663377165794373,1
0.7441781163215637,0
0.9995879530906677,1
0.21094657480716705,0
0.9996567964553833,1
0.8065648674964905,0
0.9995480179786682,1
0.1822793334722519,0
0.9996358156204224,1
0.21358123421669006,0
0.0057191080413758755,1
0.11685201525688171,0
0.9992625117301941,1
0.19317100942134857,0
0.9995394945144653,1
0.055104341357946396,0
0.9994939565658569,1
0.9983618855476379,0
0.9995301961898804,1
0.43548712134361267,0
0.9995274543762207,1
0.06283476203680038,0
0.9996638298034668,1
0.9124913811683655,0
0.9995735287666321,1
0.05582836642861366,0
0.9996349811553955,1
0.7923410534858704,0
0.9996623992919922,1
0.9475941061973572,0
0.998863935470581,1
0.1169656366109848,0
0.9996553659439087,1
0.05773482844233513,0
0.9995647072792053,1
0.3778505325317383,0
0.9995811581611633,1
0.054342035204172134,0
0.9996141195297241,1
0.05942409113049507,0
0.9995903372764587,1
0.10790015757083893,0
0.9996798038482666,1
0.08487143367528915,0
0.9996676445007324,1
0.07203207165002823,0
0.9996944665908813,1
0.1979355365037918,0
0.9996473789215088,1
0.051946502178907394,0
0.2952274978160858,1
0.4178899824619293,0
0.5713538527488708,1
0.0018139698076993227,0
0.0637793242931366,1
0.9882751703262329,0
0.3910277187824249,1
0.5010573267936707,0
0.6032074093818665,1
0.0009239902137778699,0
0.06346563994884491,1
0.8783068060874939,0
0.9995490908622742,1
0.5376287698745728,0
0.16628319025039673,1
0.8221228122711182,0
0.6182217001914978,1
0.022302774712443352,0
0.7237675786018372,1
0.9810927510261536,0
0.4818820059299469,1
0.0216663870960474,0
0.08039260655641556,1
0.21609534323215485,0
0.24149586260318756,1
0.023622676730155945,0
0.004571120720356703,1
0.024778397753834724,0
0.9993532299995422,1
0.002438092604279518,0
0.7682119011878967,1
0.8950455784797668,0
0.7235977649688721,1
0.3632664382457733,0
0.9995518326759338,1
0.5145166516304016,0
0.9994611144065857,1
0.036157041788101196,0
0.9996668100357056,1
0.984370768070221,0
0.9994825124740601,1
0.6410777568817139,0
0.9993487000465393,1
0.10678782314062119,0
0.030774923041462898,1
0.004770099185407162,0
0.4365103840827942,1
0.40752556920051575,0
0.0803193673491478,1
0.13133656978607178,0
0.519016683101654,1
0.009503497742116451,0
0.4837782382965088,1
0.0026163854636251926,0
0.5394323468208313,1
0.1627567708492279,0
0.0011168327182531357,1
0.6458573937416077,0
0.613914966583252,1
0.9914913773536682,0
0.5000576376914978,1
0.24632692337036133,0
0.46690091490745544,1
0.01707930490374565,0
0.8772280216217041,1
0.9925265312194824,0
0.015049194917082787,1
0.5002577304840088,0
0.21586816012859344,1
0.31664857268333435,0
0.03347819298505783,1
0.17938366532325745,0
0.7115760445594788,1
0.08014938980340958,0
0.9994551539421082,1
0.004122280515730381,0
0.9996565580368042,1
0.9938143491744995,0
0.5631870627403259,1
0.16235122084617615,0
0.003923941403627396,1
0.8501031398773193,0
0.9993084669113159,1
0.03243785724043846,0
0.9996671676635742,1
0.9910417199134827,0
0.0549863800406456,1
0.8673984408378601,0
0.15941418707370758,1
0.12285741418600082,0
0.9995635151863098,1
0.026503266766667366,0
0.04412455856800079,1
0.5270262360572815,0
0.0012294520856812596,1
0.3164604902267456,0
0.034034743905067444,1
0.04040340706706047,0
0.999674916267395,1
0.991536021232605,0
0.1815941482782364,1
0.3122577369213104,0
0.9992986917495728,1
0.39175647497177124,0
0.03595097362995148,1
0.41943544149398804,0
0.9994599223136902,1
0.002436993410810828,0
0.9996646642684937,1
0.42405951023101807,0
0.9992979764938354,1
0.01600808836519718,0
0.9996652603149414,1
0.9532495141029358,0
0.9995444416999817,1
0.16061744093894958,0
0.39538657665252686,1
0.2091897577047348,0
0.9995388984680176,1
0.12554839253425598,0
0.39118337631225586,1
0.10128971934318542,0
0.999630331993103,1
0.9973540306091309,0
0.9992813467979431,1
0.01842946745455265,0
0.9995180368423462,1
0.028525421395897865,0
0.9995070695877075,1
0.4048750698566437,0
0.9994239807128906,1
0.143863707780838,0
0.1432630717754364,1
0.013711553066968918,0
0.9995421171188354,1
0.4799460172653198,0
0.3145289421081543,1
0.001114045036956668,0
0.9995296001434326,1
0.16316398978233337,0
0.7521030306816101,1
0.2693822979927063,0
0.0733145922422409,1
0.8145931959152222,0
0.015013238415122032,1
0.132989764213562,0
0.9994392991065979,1
0.35398414731025696,0
0.005446647293865681,1
0.10537625104188919,0
0.9993444085121155,1
0.0385669507086277,0
0.9995803236961365,1
0.256220281124115,0
0.9996688365936279,1
0.9580501914024353,0
0.7683863043785095,1
0.1278388947248459,0
0.9995112419128418,1
0.2594139277935028,0
0.9995155334472656,1
0.04300482198596001,0
0.9995899796485901,1
0.0707123652100563,0
0.9995311498641968,1
0.5969622731208801,0
0.9996178150177002,1
0.2996615767478943,0
0.6330733299255371,1
0.042688582092523575,0
0.02265159599483013,1
0.7496680617332458,0
0.9995490908622742,1
0.1497856229543686,0
0.27101337909698486,1
0.34107503294944763,0
0.9994920492172241,1
0.972493588924408,0
0.9995524287223816,1
0.17100070416927338,0
0.9995367527008057,1
0.03496139869093895,0
0.9996148347854614,1
0.5511481165885925,0
0.9995344877243042,1
0.9720686078071594,0
0.9994126558303833,1
0.4660050868988037,0
0.9995294809341431,1
0.029107078909873962,0
0.9994657635688782,1
0.17509602010250092,0
0.024542441591620445,1
0.7156243920326233,0
0.99959796667099,1
0.25660765171051025,0
0.9978265166282654,1
0.13888193666934967,0
0.13609731197357178,1
0.3170679211616516,0
0.9995307922363281,1
0.7746595740318298,0
0.013758616521954536,1
0.16412147879600525,0
0.9996302127838135,1
0.9985754489898682,0
0.9995254278182983,1
0.9273741245269775,0
0.010942750610411167,1
0.7833051681518555,0
0.9992109537124634,1
0.06423685699701309,0
0.9996776580810547,1
0.12782029807567596,0
0.9995535016059875,1
0.11461841315031052,0
0.13184411823749542,1
0.10601506382226944,0
0.9995334148406982,1
0.06988397985696793,0
0.9996346235275269,1
0.14363530278205872,0
0.9995470643043518,1
0.13063497841358185,0
0.9995755553245544,1
0.1070280447602272,0
0.9992857575416565,1
0.13987433910369873,0
0.017755690962076187,1
0.10006995499134064,0
0.9995242357254028,1
0.5673723220825195,0
0.9996137022972107,1
0.40218672156333923,0
0.9996682405471802,1
0.6567302346229553,0
0.9995673298835754,1
0.21496860682964325,0
0.9995762705802917,1
0.9912418127059937,0
0.9996044039726257,1
0.12558019161224365,0
0.9995719790458679,1
0.08220556378364563,0
0.9995349645614624,1
0.14106853306293488,0
0.999683141708374,1
0.30143776535987854,0
0.9996460676193237,1
0.13284572958946228,0
0.9996185302734375,1
0.16155314445495605,0
0.9994305968284607,1
0.5959712862968445,0
0.9995678067207336,1
0.15640462934970856,0
0.9996894598007202,1
0.3302960693836212,0
0.9996702671051025,1
0.10012196004390717,0
0.9996415376663208,1
0.09803561866283417,0
0.9996578693389893,1
0.0764738991856575,0
0.9996914863586426,1
0.2153700441122055,0
0.9996805191040039,1
0.15383268892765045,0
0.9996706247329712,1
0.19395558536052704,0
0.9996715784072876,1
0.2847711741924286,0
0.9995285272598267,1
0.008188901469111443,0
0.4409327507019043,1
0.38103124499320984,0
0.4802719056606293,1
0.05505415052175522,0
0.9995778203010559,1
0.0135006383061409,0
0.16126719117164612,1
0.03500499203801155,0
0.9984214305877686,1
0.007320834323763847,0
0.32509464025497437,1
0.5291969776153564,0
0.09007900208234787,1
0.7084640264511108,0
0.42279863357543945,1
0.14986981451511383,0
0.015692569315433502,1
0.89501953125,0
0.9996557235717773,1
0.6227282881736755,0
0.9995664954185486,1
0.8526269793510437,0
0.9995057582855225,1
0.9872042536735535,0
0.46268752217292786,1
0.8986628651618958,0
0.7410258054733276,1
0.9993556141853333,0
0.9996744394302368,1
0.950722336769104,0
0.9996140599250793,1
0.011775711551308632,0
0.7361968159675598,1
0.05625775828957558,0
0.4250353276729584,1
0.02489856630563736,0
0.5013964176177979,1
0.10985992848873138,0
0.0709669291973114,1
0.07296401262283325,0
0.4687414765357971,1
0.23486322164535522,0
0.17324556410312653,1
0.06260619312524796,0
0.2535402476787567,1
0.0011445279233157635,0
0.999687671661377,1
0.7988287210464478,0
0.013217359781265259,1
0.9849318861961365,0
0.055396877229213715,1
0.08414135128259659,0
0.0034705139696598053,1
0.4824370741844177,0
0.7458970546722412,1
0.29333657026290894,0
0.04193317890167236,1
0.03596583381295204,0
0.9995155334472656,1
0.7288562655448914,0
0.9993383288383484,1
0.010791528970003128,0
0.031009739264845848,1
0.31245991587638855,0
0.9993749260902405,1
0.7823420763015747,0
0.1589975506067276,1
0.1367889791727066,0
0.9995049238204956,1
0.6298348307609558,0
0.9996885061264038,1
0.35559067130088806,0
0.6063681244850159,1
0.20085643231868744,0
0.7915279269218445,1
0.001342081930488348,0
0.9995735287666321,1
0.36065131425857544,0
0.46217766404151917,1
0.39832666516304016,0
0.36034518480300903,1
0.7052890658378601,0
0.9994738698005676,1
0.9253789186477661,0
0.9994117021560669,1
0.6361221075057983,0
0.007169318851083517,1
0.12065748125314713,0
0.807834804058075,1
0.03717624396085739,0
0.9995452761650085,1
0.3194282054901123,0
0.9995645880699158,1
0.008776814676821232,0
0.998528242111206,1
0.010911031626164913,0
0.9996917247772217,1
0.9167413711547852,0
0.8708708882331848,1
0.9832611680030823,0
0.9965141415596008,1
0.006804933305829763,0
0.9996265172958374,1
0.999415397644043,0
0.32632216811180115,1
0.24828386306762695,0
0.25908249616622925,1
0.004432546440511942,0
0.9993732571601868,1
0.9879284501075745,0
0.8366109132766724,1
0.24623240530490875,0
0.056114133447408676,1
0.08470553159713745,0
0.9996852874755859,1
0.2131890058517456,0
0.9995191097259521,1
0.09017074853181839,0
0.9995670914649963,1
0.4239654839038849,0
0.9994310736656189,1
0.07671135663986206,0
0.9994518160820007,1
0.18558776378631592,0
0.9995875954627991,1
0.12262460589408875,0
0.25445666909217834,1
0.3631947636604309,0
0.6353069543838501,1
0.6780609488487244,0
0.3329068124294281,1
0.2653732895851135,0
0.06053021922707558,1
0.2026582509279251,0
0.9996868371963501,1
0.3304003179073334,0
0.6642235517501831,1
0.46583476662635803,0
0.9992434978485107,1
0.0018488580826669931,0
0.9996377229690552,1
0.9367998242378235,0
0.7317474484443665,1
0.10082816332578659,0
0.9992101192474365,1
0.11734477430582047,0
0.9994763731956482,1
0.4904494881629944,0
0.9995575547218323,1
0.004972594324499369,0
0.013394173234701157,1
0.0062203314155340195,0
0.999647855758667,1
0.999087929725647,0
0.19012793898582458,1
0.06618459522724152,0
0.013482525013387203,1
0.8972538113594055,0
0.999631404876709,1
0.44787728786468506,0
0.2423328012228012,1
0.06761132180690765,0
0.024234578013420105,1
0.18766020238399506,0
0.9995810389518738,1
0.2478463053703308,0
0.9995985627174377,1
0.29065489768981934,0
0.21763746440410614,1
0.45225170254707336,0
0.9996815919876099,1
0.6406363844871521,0
0.9995909333229065,1
0.23334795236587524,0
0.9995667338371277,1
0.054124969989061356,0
0.9995549321174622,1
0.5813437700271606,0
0.9997017979621887,1
0.9130329489707947,0
0.9993639588356018,1
0.003857237519696355,0
0.9995656609535217,1
0.31208908557891846,0
0.9996833801269531,1
0.44037654995918274,0
0.9994877576828003,1
0.4647856652736664,0
0.9995469450950623,1
0.7048161029815674,0
0.9995194673538208,1
0.166563019156456,0
0.0546182319521904,1
0.9992420673370361,0
0.9996336698532104,1
0.4557509124279022,0
0.9996765851974487,1
0.6177425384521484,0
0.999384880065918,1
0.5384960174560547,0
0.22662955522537231,1
0.40049657225608826,0
0.9994255304336548,1
0.003344994969666004,0
0.9994675517082214,1
0.0033398165833204985,0
0.007347742561250925,1
0.5211909413337708,0
0.9995179176330566,1
0.9993058443069458,0
0.023206597194075584,1
0.01048117596656084,0
0.03267827257514,1
0.012640705332159996,0
0.6862668991088867,1
0.14728258550167084,0
0.6058141589164734,1
0.07467636466026306,0
0.99958735704422,1
0.15651457011699677,0
0.343143492937088,1
0.9938493371009827,0
0.14789874851703644,1
0.0886649340391159,0
0.9995962977409363,1
0.992967963218689,0
0.37576282024383545,1
0.9038692712783813,0
0.8482109904289246,1
0.5421532392501831,0
0.03948440030217171,1
0.5573044419288635,0
0.9995521903038025,1
0.06388203054666519,0
0.05484897270798683,1
0.008005284704267979,0
0.9994844198226929,1
0.5577235817909241,0
0.8102405071258545,1
0.06221630796790123,0
0.9995261430740356,1
0.9666855335235596,0
0.999653697013855,1
0.9016821980476379,0
0.9996570348739624,1
0.9598685503005981,0
0.9995027780532837,1
0.8023632168769836,0
0.9996101260185242,1
0.6668199896812439,0
0.9995827078819275,1
0.28162357211112976,0
0.9994521737098694,1
0.27103593945503235,0
0.999596893787384,1
0.9993752837181091,0
0.01333167590200901,1
0.35951992869377136,0
0.9994075298309326,1
0.9931081533432007,0
0.2023521065711975,1
0.8028265833854675,0
0.1611722707748413,1
0.17131133377552032,0
0.9995299577713013,1
0.47452375292778015,0
0.9996581077575684,1
0.9989172220230103,0
0.9994686245918274,1
0.7848650813102722,0
0.9995275735855103,1
0.5736779570579529,0
0.9990320205688477,1
0.16963021457195282,0
0.3046397566795349,1
0.5726991295814514,0
0.010319928638637066,1
0.38577401638031006,0
0.13635346293449402,1
0.034266676753759384,0
0.9995444416999817,1
0.12099055200815201,0
0.999562680721283,1
0.10720141977071762,0
0.9995766282081604,1
0.9069759845733643,0
0.10505679994821548,1
0.40923255681991577,0
0.9995538592338562,1
0.20522676408290863,0
0.9994699358940125,1
0.9331902861595154,0
0.9996715784072876,1
0.7628358602523804,0
0.9995974898338318,1
0.11978838592767715,0
0.9995927214622498,1
0.057934243232011795,0
0.01628931611776352,1
0.46489736437797546,0
0.9991796612739563,1
0.5757094025611877,0
0.9996106028556824,1
0.6115060448646545,0
0.999519944190979,1
0.23641102015972137,0
0.9993458390235901,1
0.7550838589668274,0
0.9995359182357788,1
0.05045638605952263,0
0.9996160268783569,1
0.07939174771308899,0
0.999523401260376,1
0.5504480600357056,0
0.12157794833183289,1
0.054642144590616226,0
0.9995459914207458,1
0.2832390367984772,0
0.9996386766433716,1
0.9988829493522644,0
0.9995206594467163,1
0.09440894424915314,0
0.9996439218521118,1
0.9704909324645996,0
0.9996196031570435,1
0.8408858776092529,0
0.9995019435882568,1
0.07752875983715057,0
0.9995297193527222,1
0.4609672427177429,0
0.9996753931045532,1
0.8847322463989258,0
0.9996708631515503,1
0.6212350726127625,0
0.9996181726455688,1
0.8408750295639038,0
0.10984860360622406,1
0.07966722548007965,0
0.9996346235275269,1
0.6814616322517395,0
0.999517560005188,1
0.19752681255340576,0
0.9995555281639099,1
0.12349298596382141,0
0.9909022450447083,1
0.5285105109214783,0
0.15320852398872375,1
0.19021227955818176,0
0.9996194839477539,1
0.6330856084823608,0
0.9993756413459778,1
0.08300884813070297,0
0.9995520710945129,1
0.6968255639076233,0
0.9994951486587524,1
0.2572179436683655,0
0.9995834231376648,1
0.12090510129928589,0
0.9995284080505371,1
0.08361098170280457,0
0.9995299577713013,1
0.454694002866745,0
0.999610960483551,1
0.8410940170288086,0
0.9996694326400757,1
0.5638756155967712,0
0.9996250867843628,1
0.2829861640930176,0
0.9884877800941467,1
0.5858363509178162,0
0.9996252059936523,1
0.05847178399562836,0
0.9996176958084106,1
0.3645555078983307,0
0.9995847344398499,1
0.10229890793561935,0
0.9996688365936279,1
0.865680456161499,0
0.9996569156646729,1
0.22094844281673431,0
0.9987486600875854,1
0.8547083139419556,0
0.9996609687805176,1
0.2363014817237854,0
0.9996212720870972,1
0.8307156562805176,0
0.9996873140335083,1
0.45200344920158386,0
0.9995080232620239,1
0.7581482529640198,0
0.9995214939117432,1
0.6083066463470459,0
0.9996352195739746,1
0.0036090021021664143,0
0.34603798389434814,1
0.001661060145124793,0
0.4127945899963379,1
0.005971897393465042,0
0.999275267124176,1
0.19499921798706055,0
0.9996271133422852,1
0.8073298335075378,0
0.033598244190216064,1
0.9992434978485107,0
0.11456111073493958,1
0.05240800976753235,0
0.9996212720870972,1
0.8790093064308167,0
0.9995982050895691,1
0.027160314843058586,0
0.09514686465263367,1
0.8018518090248108,0
0.03237053379416466,1
0.47844332456588745,0
0.9994696974754333,1
0.9566199779510498,0
0.2131575644016266,1
0.48437759280204773,0
0.9995291233062744,1
0.32879260182380676,0
0.3943632245063782,1
0.8783115744590759,0
0.9996836185455322,1
0.22520004212856293,0
0.007326835300773382,1
0.4812335968017578,0
0.1448388397693634,1
0.7538502812385559,0
0.44436073303222656,1
0.0389760360121727,0
0.9995920062065125,1
0.9834535717964172,0
0.053631048649549484,1
0.6642789840698242,0
0.06900548189878464,1
0.9013129472732544,0
0.37830808758735657,1
0.02298511192202568,0
0.9016678333282471,1
0.67586749792099,0
0.9996223449707031,1
0.010992602445185184,0
0.05581783503293991,1
0.7756170630455017,0
0.9996083378791809,1
0.8761550188064575,0
0.9996542930603027,1
0.45415961742401123,0
0.3824285566806793,1
0.45073309540748596,0
0.9996259212493896,1
0.885388970375061,0
0.9995133876800537,1
0.033662229776382446,0
0.999594509601593,1
0.07316035777330399,0
0.9997022747993469,1
0.9995065927505493,0
0.9991273283958435,1
0.004008461255580187,0
0.9995418787002563,1
0.374471515417099,0
0.9978638291358948,1
0.08926784247159958,0
0.9995108842849731,1
0.8998931050300598,0
0.9995062351226807,1
0.5565645098686218,0
0.9871019721031189,1
0.05408109724521637,0
0.9995325803756714,1
0.6743484735488892,0
0.9996217489242554,1
0.024174392223358154,0
0.9996364116668701,1
0.715942919254303,0
0.003324948949739337,1
0.5287384390830994,0
0.9993847608566284,1
0.06406280398368835,0
0.9995213747024536,1
0.6571764349937439,0
0.9993546605110168,1
0.04580729454755783,0
0.9995321035385132,1
0.7681924104690552,0
0.9993341565132141,1
0.12037409842014313,0
0.9995262622833252,1
0.5375984907150269,0
0.9995391368865967,1
0.0814574733376503,0
0.03850676864385605,1
0.16341227293014526,0
0.9996236562728882,1
0.9728560447692871,0
0.9995483756065369,1
0.7392411828041077,0
0.9992473125457764,1
0.7247040271759033,0
0.05311106890439987,1
0.09600440412759781,0
0.9996461868286133,1
0.7319615483283997,0
0.9995538592338562,1
0.011343860067427158,0
0.9995681643486023,1
0.9483809471130371,0
0.9995043277740479,1
0.4084591865539551,0
0.9995749592781067,1
0.14571136236190796,0
0.621799647808075,1
0.33138307929039,0
0.9995136260986328,1
0.7463645935058594,0
0.014922834001481533,1
0.1397300660610199,0
0.9996089339256287,1
0.05636293813586235,0
0.9995400905609131,1
0.16753247380256653,0
0.9996640682220459,1
0.8156425356864929,0
0.9995508790016174,1
0.11401671171188354,0
0.9996293783187866,1
0.0142509201541543,0
0.5357781052589417,1
0.8219759464263916,0
0.9995300769805908,1
0.1042465791106224,0
0.9995394945144653,1
0.7169885635375977,0
0.3256978392601013,1
0.09028318524360657,0
0.9993711113929749,1
0.18651823699474335,0
0.6029073596000671,1
0.8244494795799255,0
0.999560534954071,1
0.18705426156520844,0
0.999523401260376,1
0.006111680995672941,0
0.9996368885040283,1
0.9678781628608704,0
0.9996470212936401,1
0.12437061220407486,0
0.9996353387832642,1
0.804485023021698,0
0.9578817486763,1
0.29355478286743164,0
0.9996556043624878,1
0.11874079704284668,0
0.5528454184532166,1
0.6367732286453247,0
0.9996405839920044,1
0.6080489754676819,0
0.9995813965797424,1
0.2903491258621216,0
0.9995635151863098,1
0.15977312624454498,0
0.9995324611663818,1
0.9457898139953613,0
0.999666690826416,1
0.8269981145858765,0
0.9996774196624756,1
0.20930659770965576,0
0.9996598958969116,1
0.7408294081687927,0
0.9996463060379028,1
0.17852389812469482,0
0.9995949864387512,1
0.8136103749275208,0
0.9996798038482666,1
0.7390907406806946,0
0.9995526671409607,1
0.16233612596988678,0
0.9996438026428223,1
0.1571168750524521,0
0.9995158910751343,1
0.986703634262085,0
0.029108243063092232,1
0.030978184193372726,0
0.9996095299720764,1
0.9703453183174133,0
0.4918147027492523,1
0.0011776793980970979,0
0.10264498740434647,1
0.5359025597572327,0
0.4705428183078766,1
0.802088737487793,0
0.30803483724594116,1
0.3714100420475006,0
0.05803287774324417,1
0.07387592643499374,0
0.9996343851089478,1
0.6985786557197571,0
0.9993046522140503,1
0.3730487823486328,0
0.9996380805969238,1
0.44696858525276184,0
0.7989427447319031,1
0.3149993121623993,0
0.9996399879455566,1
0.9348836541175842,0
0.9993758797645569,1
0.3059876561164856,0
0.2768627107143402,1
0.1548173725605011,0
0.6569290161132812,1
0.05529655143618584,0
0.08207662403583527,1
0.0016467856476083398,0
0.30934831500053406,1
0.6012347936630249,0
0.0834522619843483,1
0.42164215445518494,0
0.7824298739433289,1
0.42150643467903137,0
0.004085973370820284,1
0.028414897620677948,0
0.9996271133422852,1
0.999058187007904,0
0.013162754476070404,1
0.7059125900268555,0
0.7270293831825256,1
0.815859854221344,0
0.9995517134666443,1
0.6592205166816711,0
0.023493114858865738,1
0.26330050826072693,0
0.999363362789154,1
0.5908089280128479,0
0.9995296001434326,1
0.8323768973350525,0
0.9996100068092346,1
0.4991905689239502,0
0.999563992023468,1
0.09366778284311295,0
0.9995976090431213,1
0.42891088128089905,0
0.9845908880233765,1
0.23837240040302277,0
0.17947213351726532,1
0.8609042763710022,0
0.9991280436515808,1
0.05118342116475105,0
0.9996453523635864,1
0.9893997311592102,0
0.999550998210907,1
0.8197305202484131,0
0.04069924354553223,1
0.24340105056762695,0
0.9995239973068237,1
0.6497042775154114,0
0.9995949864387512,1
0.14820747077465057,0
0.9996786117553711,1
0.6857103705406189,0
0.9996191263198853,1
0.4586790204048157,0
0.9994970560073853,1
0.23672783374786377,0
0.9996210336685181,1
0.6614775061607361,0
0.02410934306681156,1
0.10010898858308792,0
0.9995986819267273,1
0.8955943584442139,0
0.02851150371134281,1
0.8803526759147644,0
0.9996687173843384,1
0.38917508721351624,0
0.999535083770752,1
0.7870528101921082,0
0.9995912909507751,1
0.25317826867103577,0
0.9995622038841248,1
0.10569687187671661,0
0.9996451139450073,1
0.9292240142822266,0
0.9995971322059631,1
0.8715615272521973,0
0.9995325803756714,1
0.16182899475097656,0
0.9994009733200073,1
0.050498783588409424,0
0.024077843874692917,1
0.9002126455307007,0
0.009535041637718678,1
0.09111246466636658,0
0.49873125553131104,1
0.8711125254631042,0
0.006904119160026312,1
0.5719009041786194,0
0.37873169779777527,1
0.5271856188774109,0
0.9987653493881226,1
0.016617869958281517,0
0.48983994126319885,1
0.009996077045798302,0
0.3005242645740509,1
0.9890375733375549,0
0.9706605672836304,1
0.6023864150047302,0
0.1409420520067215,1
0.00720510957762599,0
0.999459445476532,1
0.19541782140731812,0
0.9988372921943665,1
0.950672447681427,0
0.9996504783630371,1
0.29434409737586975,0
0.04614317789673805,1
0.4908449053764343,0
0.4436551332473755,1
0.9976916313171387,0
0.9993882179260254,1
0.1476043462753296,0
0.6537566781044006,1
0.9953859448432922,0
0.9995521903038025,1
0.9566474556922913,0
0.9996367692947388,1
0.587786853313446,0
0.9995334148406982,1
0.8140642642974854,0
0.9994354844093323,1
0.6324347257614136,0
0.9994995594024658,1
0.04157248139381409,0
0.9995100498199463,1
0.6893747448921204,0
0.005886256229132414,1
0.3658919930458069,0
0.4175002872943878,1
0.46703842282295227,0
0.9994878768920898,1
0.016769757494330406,0
0.9995007514953613,1
0.656615138053894,0
0.6226630806922913,1
0.3142932057380676,0
0.013469219207763672,1
0.9609244465827942,0
0.9995645880699158,1
0.9013938307762146,0
0.12614235281944275,1
0.9121749401092529,0
0.008589261211454868,1
0.6917950510978699,0
0.999639630317688,1
0.8219314217567444,0
0.8833924531936646,1
0.9987292885780334,0
0.20185287296772003,1
0.9801790118217468,0
0.9996397495269775,1
0.8462207317352295,0
0.1174190565943718,1
0.8502683639526367,0
0.09744763374328613,1
0.04962092265486717,0
0.11955870687961578,1
0.1368289589881897,0
0.6596968770027161,1
0.25104862451553345,0
0.9993575215339661,1
0.3534301519393921,0
0.9995365142822266,1
0.5418130159378052,0
0.9993916749954224,1
0.5169854760169983,0
0.9952087998390198,1
0.809353232383728,0
0.6821334362030029,1
0.47159695625305176,0
0.05348194018006325,1
0.20562535524368286,0
0.09762362390756607,1
0.12793031334877014,0
0.9996578693389893,1
0.5500282049179077,0
0.9995009899139404,1
0.021278174594044685,0
0.0596528984606266,1
0.27029451727867126,0
0.5268198847770691,1
0.12696483731269836,0
0.14873868227005005,1
0.11431664228439331,0
0.017499199137091637,1
0.18650515377521515,0
0.9995775818824768,1
0.08372741937637329,0
0.07482127100229263,1
0.12685050070285797,0
0.9995394945144653,1
0.3737885057926178,0
0.3788057565689087,1
0.0679781436920166,0
0.6511525511741638,1
0.08109232783317566,0
0.3690340220928192,1
0.624116837978363,0
0.9995579123497009,1
0.06076551228761673,0
0.9818428158760071,1
0.06629090011119843,0
0.11919353157281876,1
0.27995964884757996,0
0.12859931588172913,1
0.07174893468618393,0
0.3946443796157837,1
0.2367071509361267,0
0.9996509552001953,1
0.909126877784729,0
0.9995367527008057,1
0.007754443679004908,0
0.09539716690778732,1
0.5694082379341125,0
0.4076416492462158,1
0.016271278262138367,0
0.045892342925071716,1
0.08969186246395111,0
0.9995594620704651,1
0.686278760433197,0
0.9995346069335938,1
0.9696719646453857,0
0.9996250867843628,1
0.9850153923034668,0
0.015190661884844303,1
0.8286091685295105,0
0.7088638544082642,1
0.01358336303383112,0
0.9996625185012817,1
0.17860689759254456,0
0.9990454316139221,1
0.012863952666521072,0
0.61561518907547,1
0.42567089200019836,0
0.6919184923171997,1
0.7567782402038574,0
0.9996820688247681,1
0.9954684972763062,0
0.9996854066848755,1
0.9142236113548279,0
0.9994805455207825,1
0.6670695543289185,0
0.7388992309570312,1
0.14176321029663086,0
0.01927635632455349,1
0.18008950352668762,0
0.9995961785316467,1
0.19744621217250824,0
0.9995682835578918,1
0.16632549464702606,0
0.999457061290741,1
0.06731147319078445,0
0.9996504783630371,1
0.14972876012325287,0
0.9995704293251038,1
0.2004728764295578,0
0.9250630736351013,1
0.08782420307397842,0
0.999624490737915,1
0.13123813271522522,0
0.9995982050895691,1
0.5939610600471497,0
0.9995879530906677,1
0.11329531669616699,0
0.2713460922241211,1
0.06470457464456558,0
0.6105615496635437,1
0.18810822069644928,0
0.5234777927398682,1
0.07791785150766373,0
0.9995567202568054,1
0.5290238261222839,0
0.9995613694190979,1
0.0028745075687766075,0
0.9996609687805176,1
0.9018648266792297,0
0.9996691942214966,1
0.6711941957473755,0
0.6148375272750854,1
0.12935155630111694,0
0.044558580964803696,1
0.16270309686660767,0
0.9996386766433716,1
0.0728447288274765,0
0.14043256640434265,1
0.10696985572576523,0
0.9996379613876343,1
0.0948738157749176,0
0.013911828398704529,1
0.06677363067865372,0
0.9996402263641357,1
0.1376989632844925,0
0.999666690826416,1
0.6865205764770508,0
0.9996293783187866,1
0.1106271967291832,0
0.9996658563613892,1
0.14143921434879303,0
0.9995156526565552,1
0.1685524880886078,0
0.9995854496955872,1
0.10928839445114136,0
0.9996886253356934,1
0.5075103640556335,0
0.9996761083602905,1
0.10120487213134766,0
0.9996767044067383,1
0.15037067234516144,0
0.9996812343597412,1
0.18013684451580048,0
0.9991602897644043,1
0.17782022058963776,0
0.9996737241744995,1
0.21353748440742493,0
0.999649167060852,1
0.10292761772871017,0
0.9994727969169617,1
0.10430512577295303,0
0.9996863603591919,1
0.37861132621765137,0
0.9996742010116577,1
0.23227165639400482,0
0.9996784925460815,1
0.0975731834769249,0
0.9995948672294617,1
0.13088861107826233,0
0.9996930360794067,1
0.4190542697906494,0
0.9996640682220459,1
0.31727856397628784,0
0.999697208404541,1
0.18465003371238708,0
0.9996905326843262,1
0.12307815253734589,0
0.01117818895727396,1
0.6793214678764343,0
0.2540329098701477,1
0.03403586894273758,0
0.13768203556537628,1
0.05225595459342003,0
0.5384822487831116,1
0.001158793573267758,0
0.7152256369590759,1
0.021677877753973007,0
0.9994762539863586,1
0.08564510941505432,0
0.02723819389939308,1
0.014304842799901962,0
0.9996980428695679,1
0.9993104934692383,0
0.9989734888076782,1
0.09055037051439285,0
0.9996598958969116,1
0.6753472089767456,0
0.9995348453521729,1
0.19533762335777283,0
0.019945451989769936,1
0.5507162809371948,0
0.4591832756996155,1
0.13262051343917847,0
0.9995274543762207,1
0.5988684892654419,0
0.9993715882301331,1
0.7217933535575867,0
0.06350686401128769,1
0.7486966252326965,0
0.1285301297903061,1
0.8971570730209351,0
0.504315972328186,1
0.23975855112075806,0
0.999538779258728,1
0.22323673963546753,0
0.9996781349182129,1
0.8798392415046692,0
0.31802964210510254,1
0.13890500366687775,0
0.9995051622390747,1
0.04638461396098137,0
0.05518585816025734,1
0.009238026104867458,0
0.9995737671852112,1
0.22744694352149963,0
0.9995278120040894,1
0.05653523653745651,0
0.9983543157577515,1
0.05334286019206047,0
0.9991204142570496,1
0.026429489254951477,0
0.9995962977409363,1
0.014322321861982346,0
0.9996047616004944,1
0.19876332581043243,0
0.1879393458366394,1
0.11386438459157944,0
0.9995254278182983,1
0.543860673904419,0
0.9994831085205078,1
0.6858623027801514,0
0.9995412826538086,1
0.9163133502006531,0
0.9996284246444702,1
0.4052523970603943,0
0.9995214939117432,1
0.4977762997150421,0
0.9995577931404114,1
0.06828566640615463,0
0.022127028554677963,1
0.7769180536270142,0
0.11970110237598419,1
0.04489777982234955,0
0.38542553782463074,1
0.001144310925155878,0
0.9996335506439209,1
0.09395945072174072,0
0.25464165210723877,1
0.011962123215198517,0
0.8624837398529053,1
0.22467546164989471,0
0.99965500831604,1
0.5988584756851196,0
0.6436059474945068,1
0.8707987666130066,0
0.9994462132453918,1
0.9063140153884888,0
0.09336257725954056,1
0.0279029943048954,0
0.9996334314346313,1
0.35945332050323486,0
0.9996215105056763,1
0.10701845586299896,0
0.9995914101600647,1
0.018942948430776596,0
0.9996368885040283,1
0.07593858242034912,0
0.9995754361152649,1
0.8847007751464844,0
0.9996315240859985,1
0.10541032999753952,0
0.005632564425468445,1
0.853969156742096,0
0.8756338357925415,1
0.12634176015853882,0
0.9996446371078491,1
0.707404375076294,0
0.9996360540390015,1
0.8085496425628662,0
0.27851563692092896,1
0.1146964430809021,0
0.9995489716529846,1
0.9943373799324036,0
0.9994557499885559,1
0.6796367168426514,0
0.9996758699417114,1
0.7053640484809875,0
0.9993969202041626,1
0.022071396932005882,0
0.9996763467788696,1
0.9328206777572632,0
0.43841665983200073,1
0.16145841777324677,0
0.9995256662368774,1
0.004279010929167271,0
0.9996349811553955,1
0.053800247609615326,0
0.05570757016539574,1
0.0052261087112128735,0
0.999627947807312,1
0.052956871688365936,0
0.9995951056480408,1
0.08117588609457016,0
0.9996762275695801,1
0.5610454082489014,0
0.042289141565561295,1
0.1448073834180832,0
0.9996323585510254,1
0.604806661605835,0
0.9993112087249756,1
0.04992757365107536,0
0.9991928935050964,1
0.011450749821960926,0
0.9995631575584412,1
0.9026207327842712,0
0.9995961785316467,1
0.19889673590660095,0
0.9995489716529846,1
0.10233373939990997,0
0.9995670914649963,1
0.1136183962225914,0
0.7027310729026794,1
0.03800143301486969,0
0.9996503591537476,1
0.2780895233154297,0
0.999687671661377,1
0.8390944004058838,0
0.9996050000190735,1
0.8541916608810425,0
0.9995785355567932,1
0.9968313574790955,0
0.9993489384651184,1
0.7062616348266602,0
0.9995437264442444,1
0.08371545374393463,0
0.9995226860046387,1
0.16841094195842743,0
0.9995445609092712,1
0.33126965165138245,0
0.9995458722114563,1
0.671546220779419,0
0.9995158910751343,1
0.9803816080093384,0
0.002024642424657941,1
0.4738970994949341,0
0.9966083765029907,1
0.8824398517608643,0
0.03726004436612129,1
0.0672803670167923,0
0.3223082721233368,1
0.06769144535064697,0
0.03786015883088112,1
0.8457728028297424,0
0.9994762539863586,1
0.041624702513217926,0
0.9995784163475037,1
0.0044805933721363544,0
0.9994673132896423,1
0.9155457019805908,0
0.9995928406715393,1
0.29777246713638306,0
0.9996868371963501,1
0.7186709046363831,0
0.9995338916778564,1
0.2518252432346344,0
0.9995473027229309,1
0.10291559249162674,0
0.9996284246444702,1
0.8606346845626831,0
0.9996294975280762,1
0.28093355894088745,0
0.4687216281890869,1
0.8348691463470459,0
0.999550998210907,1
0.061718203127384186,0
0.9996672868728638,1
0.89011549949646,0
0.015100034885108471,1
0.8798666596412659,0
0.9995666146278381,1
0.4154961407184601,0
0.9995362758636475,1
0.05324229970574379,0
0.9995866417884827,1
0.3004812002182007,0
0.9996860027313232,1
0.23162129521369934,0
0.9995852112770081,1
0.9345529675483704,0
0.999521017074585,1
0.05739421397447586,0
0.9996588230133057,1
0.2860429883003235,0
0.9996041655540466,1
0.0692523643374443,0
0.9996638298034668,1
0.23681466281414032,0
0.3393348455429077,1
0.2413611114025116,0
0.8837358355522156,1
0.8607969284057617,0
0.041480280458927155,1
0.3996168375015259,0
0.16299501061439514,1
0.5485144853591919,0
0.3639548122882843,1
0.002429567277431488,0
0.009958683513104916,1
0.9849900007247925,0
0.9995193481445312,1
0.9822173714637756,0
0.9993610978126526,1
0.9948689937591553,0
0.9995984435081482,1
0.9313222765922546,0
0.9990370273590088,1
0.4840065538883209,0
0.025746023282408714,1
0.6234982013702393,0
0.9978742599487305,1
0.004114983603358269,0
0.9996950626373291,1
0.3038719594478607,0
0.9995905756950378,1
0.46260780096054077,0
0.9995917677879333,1
0.8585770130157471,0
0.008481649681925774,1
0.9660341739654541,0
0.9995399713516235,1
0.9920392036437988,0
0.9995737671852112,1
0.8375657796859741,0
0.2938064932823181,1
0.5542084574699402,0
0.999542236328125,1
0.2960793375968933,0
0.9995728135108948,1
0.3427664339542389,0
0.9995631575584412,1
0.829939603805542,0
0.9996695518493652,1
0.9367648363113403,0
0.9995095729827881,1
0.6844443082809448,0
0.9995437264442444,1
0.8472322821617126,0
0.5116360783576965,1
0.5480101704597473,0
0.9993818998336792,1
0.8714509010314941,0
0.9995642304420471,1
0.012624455615878105,0
0.878980815410614,1
0.6494608521461487,0
0.8046634793281555,1
0.9983488321304321,0
0.9996703863143921,1
0.8535337448120117,0
0.020218532532453537,1
0.02103075012564659,0
0.4953160881996155,1
0.002933025360107422,0
0.9996145963668823,1
0.6987041234970093,0
0.5254173874855042,1
0.11322275549173355,0
0.026726147159934044,1
0.9292135238647461,0
0.9994686245918274,1
0.008956300094723701,0
0.9992882609367371,1
0.8548535704612732,0
0.9996705055236816,1
0.8859983086585999,0
0.9994181394577026,1
0.002410026965662837,0
0.999243974685669,1
0.011575884185731411,0
0.9995176792144775,1
0.004473469220101833,0
0.5257290601730347,1
0.03937822952866554,0
0.7999504208564758,1
0.9269106388092041,0
0.9996699094772339,1
0.7430786490440369,0
0.9995877146720886,1
0.005348509177565575,0
0.9995710253715515,1
0.07448261231184006,0
0.9974228143692017,1
0.9363526105880737,0
0.9994431138038635,1
0.005239787977188826,0
0.9995895028114319,1
0.1156063824892044,0
0.9994674324989319,1
0.029852038249373436,0
0.09685026109218597,1
0.6118264198303223,0
0.9995618462562561,1
0.029214276000857353,0
0.9995672106742859,1
0.03267684951424599,0
0.9995112419128418,1
0.022759897634387016,0
0.9995707869529724,1
0.24129630625247955,0
0.33747875690460205,1
0.3311567008495331,0
0.16211865842342377,1
0.290172815322876,0
0.9996899366378784,1
0.514452338218689,0
0.6752437949180603,1
0.563294529914856,0
0.9993985891342163,1
0.6448467969894409,0
0.6779091358184814,1
0.8495367765426636,0
0.9995476603507996,1
0.1284545361995697,0
0.9526807069778442,1
0.9963244795799255,0
0.49780911207199097,1
0.021337056532502174,0
0.999600350856781,1
0.38512614369392395,0
0.7132446765899658,1
0.9628229141235352,0
0.9996852874755859,1
0.3662981390953064,0
0.046963177621364594,1
0.9662714004516602,0
0.1016596257686615,1
0.07588017731904984,0
0.7444008588790894,1
0.12548477947711945,0
0.999500036239624,1
0.9874160885810852,0
0.4936731159687042,1
0.006412847433239222,0
0.999642014503479,1
0.6071367263793945,0
0.9996660947799683,1
0.39827245473861694,0
0.9995911717414856,1
0.8625208735466003,0
0.5496096014976501,1
0.3595503866672516,0
0.9995793700218201,1
0.9100551605224609,0
0.999569833278656,1
0.22579647600650787,0
0.9994210004806519,1
0.4622131288051605,0
0.05458320304751396,1
0.054742198437452316,0
0.9995587468147278,1
0.25614863634109497,0
0.9994799494743347,1
0.5096444487571716,0
0.2502090632915497,1
0.10644738376140594,0
0.9992437362670898,1
0.004191460553556681,0
0.7261792421340942,1
0.17101174592971802,0
0.9994304776191711,1
0.6386418342590332,0
0.006129200104624033,1
0.4660332500934601,0
0.6691710352897644,1
0.9191966652870178,0
0.20577554404735565,1
0.9489266872406006,0
0.9994402527809143,1
0.018555063754320145,0
0.9996556043624878,1
0.6681172251701355,0
0.4510408639907837,1
0.9331397414207458,0
0.5041886568069458,1
0.08588802814483643,0
0.9995187520980835,1
0.03523257374763489,0
0.6888735294342041,1
0.0022715814411640167,0
0.9995132684707642,1
0.9645155668258667,0
0.380758136510849,1
0.9107417464256287,0
0.6120639443397522,1
0.8440683484077454,0
0.9995771050453186,1
0.05464699864387512,0
0.8262774348258972,1
0.8291510939598083,0
0.9995321035385132,1
0.21748439967632294,0
0.19439399242401123,1
0.0646519586443901,0
0.5149285793304443,1
0.6110678911209106,0
0.39032843708992004,1
0.8531430959701538,0
0.9994804263114929,1
0.007784954737871885,0
0.9995408058166504,1
0.05426473915576935,0
0.008838933892548084,1
0.5825852155685425,0
0.08786564320325851,1
0.13212689757347107,0
0.34520697593688965,1
0.12266746908426285,0
0.7222342491149902,1
0.06897473335266113,0
0.40880560874938965,1
0.9967930912971497,0
0.008455579169094563,1
0.47614118456840515,0
0.8743206858634949,1
0.116939976811409,0
0.9984544515609741,1
0.8039616346359253,0
0.9719058871269226,1
0.6729106903076172,0
0.34395313262939453,1
0.4937776029109955,0
0.5528855323791504,1
0.12240155041217804,0
0.9985547661781311,1
0.04818025603890419,0
0.99967360496521,1
0.5948744416236877,0
0.9996570348739624,1
0.24538008868694305,0
0.6682741045951843,1
0.9193020462989807,0
0.9993067979812622,1
0.13729970157146454,0
0.12016110122203827,1
0.3023269474506378,0
0.9996335506439209,1
0.28186172246932983,0
0.9995737671852112,1
0.16727975010871887,0
0.9995607733726501,1
0.31273457407951355,0
0.5476534366607666,1
0.8088728189468384,0
0.9996585845947266,1
0.3362535536289215,0
0.9995700716972351,1
0.9800511002540588,0
0.43278077244758606,1
0.2721223831176758,0
0.11778198182582855,1
0.7589820623397827,0
0.9996201992034912,1
0.15638959407806396,0
0.9996343851089478,1
0.8085584044456482,0
0.28678518533706665,1
0.4620460271835327,0
0.9996151924133301,1
0.9767794013023376,0
0.9950559139251709,1
0.0066092913039028645,0
0.999679684638977,1
0.9810789823532104,0
0.028850112110376358,1
0.054712895303964615,0
0.9996243715286255,1
0.9729156494140625,0
0.9996591806411743,1
0.36687272787094116,0
0.9995808005332947,1
0.18794186413288116,0
0.9996258020401001,1
0.7529236078262329,0
0.9995138645172119,1
0.0016557745402678847,0
0.006057660095393658,1
0.518003523349762,0
0.9994860887527466,1
0.14984293282032013,0
0.9995718598365784,1
0.2835826277732849,0
0.999568521976471,1
0.4803609251976013,0
0.9996230602264404,1
0.8024686574935913,0
0.6668264865875244,1
0.1599370837211609,0
0.9996143579483032,1
0.05247322842478752,0
0.9995737671852112,1
0.9548391103744507,0
0.999016284942627,1
0.13180497288703918,0
0.999627947807312,1
0.1706823855638504,0
0.999601423740387,1
0.3373296856880188,0
0.9996246099472046,1
0.9779289364814758,0
0.9996762275695801,1
0.48837724328041077,0
0.9996883869171143,1
0.17621368169784546,0
0.8833087086677551,1
0.9390996098518372,0
0.9994984865188599,1
0.0029249428771436214,0
0.9996427297592163,1
0.07717286050319672,0
0.9996353387832642,1
0.1059756651520729,0
0.999638557434082,1
0.8310391306877136,0
0.5164005756378174,1
0.10049957036972046,0
0.9944509863853455,1
0.1957053244113922,0
0.9996668100357056,1
0.2498311698436737,0
0.999672532081604,1
0.06678881496191025,0
0.9996764659881592,1
0.17208831012248993,0
0.9766857028007507,1
0.3398602604866028,0
0.9995972514152527,1
0.5688334107398987,0
0.004134068265557289,1
0.930482029914856,0
0.9996964931488037,1
0.21142250299453735,0
0.9996782541275024,1
0.15403756499290466,0
0.9996906518936157,1
0.17945624887943268,0
0.9997003078460693,1
0.19131046533584595,0
0.9996657371520996,1
0.3429289758205414,0
0.9996930360794067,1
0.9569154381752014,0
0.999686598777771,1
0.09383313357830048,0
0.9996308088302612,1
0.2819448709487915,0
0.9996743202209473,1
0.07954065501689911,0
0.9996850490570068,1
0.24892082810401917,0
0.9995256662368774,1
0.2930711805820465,0
0.2886453866958618,1
0.4218727946281433,0
0.9993618130683899,1
0.5505573749542236,0
0.007326554507017136,1
0.005534904543310404,0
0.3268585205078125,1
0.5294249057769775,0
0.22187961637973785,1
0.06475682556629181,0
0.06544329226016998,1
0.08204781264066696,0
0.9983687996864319,1
0.5344610810279846,0
0.9995059967041016,1
0.6936940550804138,0
0.10059598833322525,1
0.03409089148044586,0
0.9994105100631714,1
0.9487424492835999,0
0.9410022497177124,1
0.8162338137626648,0
0.6106178164482117,1
0.4129253327846527,0
0.9995162487030029,1
0.6152639985084534,0
0.5304768681526184,1
0.5906058549880981,0
0.5241047739982605,1
0.4502086937427521,0
0.5452146530151367,1
0.10206694900989532,0
0.4582623243331909,1
0.3869117796421051,0
0.07107574492692947,1
0.4136841595172882,0
0.6777772307395935,1
0.5401734709739685,0
0.5679612159729004,1
0.003981403540819883,0
0.32982248067855835,1
0.5598875880241394,0
0.1832900047302246,1
0.16030634939670563,0
0.6991628408432007,1
0.8995006084442139,0
0.4750525951385498,1
0.1982792615890503,0
0.5972435474395752,1
0.9941668510437012,0
0.44083914160728455,1
0.10153844952583313,0
0.9996671676635742,1
0.9976428151130676,0
0.6456388831138611,1
0.45771294832229614,0
0.5032395720481873,1
0.0024190638214349747,0
0.42021286487579346,1
0.09524689614772797,0
0.9994955062866211,1
0.6729892492294312,0
0.35446247458457947,1
0.4438699781894684,0
0.053724225610494614,1
0.0429115854203701,0
0.08385217934846878,1
0.22002342343330383,0
0.5290668606758118,1
0.25033217668533325,0
0.185942605137825,1
0.4365713596343994,0
0.0842810571193695,1
0.41563498973846436,0
0.8176000118255615,1
0.5574612021446228,0
0.4544503390789032,1
0.6086455583572388,0
0.9995720982551575,1
0.9823343753814697,0
0.9796369671821594,1
0.8512395024299622,0
0.9993982315063477,1
0.486695796251297,0
0.0615004263818264,1
0.46093684434890747,0
0.9994964599609375,1
0.965510904788971,0
0.99943608045578,1
0.6038468480110168,0
0.30539458990097046,1
0.01583520695567131,0
0.346311092376709,1
0.0008282266790047288,0
0.9992629885673523,1
0.10289572179317474,0
0.46048295497894287,1
0.26321718096733093,0
0.01618637889623642,1
0.8284012675285339,0
0.5203332901000977,1
0.05578634515404701,0
0.9348859190940857,1
0.6750718951225281,0
0.504802405834198,1
0.1600884348154068,0
0.9996484518051147,1
0.9978317618370056,0
0.6293998956680298,1
0.8327312469482422,0
0.011414491571485996,1
0.08079695701599121,0
0.19321022927761078,1
0.9523236751556396,0
0.9992202520370483,1
0.4640229046344757,0
0.9995705485343933,1
0.6074977517127991,0
0.999531626701355,1
0.7618259787559509,0
0.999535083770752,1
0.9320830702781677,0
0.15977482497692108,1
0.9897845387458801,0
0.5001233220100403,1
0.008040353655815125,0
0.39233797788619995,1
0.1551634818315506,0
0.9995431900024414,1
0.9309306740760803,0
0.9996531009674072,1
0.011430014856159687,0
0.7940576672554016,1
0.9984278678894043,0
0.08899395167827606,1
0.05885842442512512,0
0.623191237449646,1
0.9929414987564087,0
0.4974677860736847,1
0.5126762390136719,0
0.4131503403186798,1
0.03369642794132233,0
0.999514102935791,1
0.9025183320045471,0
0.5105065703392029,1
0.5396758913993835,0
0.9995967745780945,1
0.47601020336151123,0
0.6646293997764587,1
0.7940752506256104,0
0.4017365276813507,1
0.3763710856437683,0
0.9996306896209717,1
0.9618974924087524,0
0.6257679462432861,1
0.6563649773597717,0
0.02786889858543873,1
0.3436724841594696,0
0.9995911717414856,1
0.0807526707649231,0
0.10192190110683441,1
0.054903123527765274,0
0.9995463490486145,1
0.37649255990982056,0
0.999534010887146,1
0.8834202289581299,0
0.3456553816795349,1
0.030886800959706306,0
0.9995583891868591,1
0.9898865222930908,0
0.9993834495544434,1
0.2819538116455078,0
0.4557701349258423,1
0.830405056476593,0
0.9996436834335327,1
0.33042991161346436,0
0.9995377063751221,1
0.9172024726867676,0
0.9994646906852722,1
0.004217145498842001,0
0.999549925327301,1
0.03388400375843048,0
0.9996658563613892,1
0.14866703748703003,0
0.9996670484542847,1
0.974075198173523,0
0.20624025166034698,1
0.50816810131073,0
0.030342286452651024,1
0.814639151096344,0
0.9994561076164246,1
0.08307447284460068,0
0.9994844198226929,1
0.04409968852996826,0
0.9994238615036011,1
0.11140159517526627,0
0.06533319503068924,1
0.759189784526825,0
0.9996311664581299,1
0.028988346457481384,0
0.9996660947799683,1
0.9966828227043152,0
0.08077989518642426,1
0.4922456443309784,0
0.03171174228191376,1
0.7180531024932861,0
0.9996916055679321,1
0.2443961352109909,0
0.9995743632316589,1
0.03691648319363594,0
0.6550448536872864,1
0.5627783536911011,0
0.8185151219367981,1
0.7906973958015442,0
0.9501299262046814,1
0.06684405356645584,0
0.9995965361595154,1
0.9987879395484924,0
0.9994305968284607,1
0.7314826846122742,0
0.9996880292892456,1
0.8230871558189392,0
0.9994729161262512,1
0.5791760087013245,0
0.9994246959686279,1
0.20496337115764618,0
0.692782461643219,1
0.06769219785928726,0
0.47905266284942627,1
0.001252996502444148,0
0.5779515504837036,1
0.030086809769272804,0
0.5960841774940491,1
0.2967490553855896,0
0.9994077682495117,1
0.44467824697494507,0
0.99934321641922,1
0.7667956352233887,0
0.9993783235549927,1
0.8480386734008789,0
0.025637153536081314,1
0.45721930265426636,0
0.9996274709701538,1
0.33467283844947815,0
0.001644017407670617,1
0.6473982930183411,0
0.4500207006931305,1
0.5946552753448486,0
0.8343477845191956,1
0.985314130783081,0
0.9996514320373535,1
0.9308363795280457,0
0.9995419979095459,1
0.2974153757095337,0
0.4592403471469879,1
0.05061671510338783,0
0.2147618681192398,1
0.8065323829650879,0
0.07622731477022171,1
0.6220636367797852,0
0.9992941617965698,1
0.07970714569091797,0
0.9996970891952515,1
0.9957221746444702,0
0.0023304240312427282,1
0.6702650189399719,0
0.013808085583150387,1
0.9982495903968811,0
0.8722544312477112,1
0.18942788243293762,0
0.35732752084732056,1
0.2133793979883194,0
0.034839045256376266,1
0.06483934074640274,0
0.39806067943573,1
0.442474365234375,0
0.005624170880764723,1
0.8950729966163635,0
0.9995311498641968,1
0.7012389898300171,0
0.999640941619873,1
0.9876331090927124,0
0.9991336464881897,1
0.3105575442314148,0
0.9993656277656555,1
0.06073220446705818,0
0.9996001124382019,1
0.9917158484458923,0
0.869884192943573,1
0.9709542989730835,0
0.42399993538856506,1
0.02966504730284214,0
0.6427609920501709,1
0.2347898930311203,0
0.00117739278357476,1
0.47904688119888306,0
0.9996277093887329,1
0.3400265872478485,0
0.42581671476364136,1
0.8839813470840454,0
0.3245471715927124,1
0.5522270798683167,0
0.5364721417427063,1
0.019062481820583344,0
0.9996893405914307,1
0.5064489841461182,0
0.5465062856674194,1
0.7581596374511719,0
0.34380313754081726,1
0.20300519466400146,0
0.9994940757751465,1
0.5010393261909485,0
0.16557960212230682,1
0.5439566373825073,0
0.09024368226528168,1
0.9458436369895935,0
0.9996294975280762,1
0.9892266988754272,0
0.5971652269363403,1
0.785847544670105,0
0.09919266402721405,1
0.9922630786895752,0
0.9995445609092712,1
0.3419720530509949,0
0.12226919829845428,1
0.8331446647644043,0
0.0865008682012558,1
0.8912574648857117,0
0.7562547922134399,1
0.5279040932655334,0
0.1624741107225418,1
0.9060482382774353,0
0.9993641972541809,1
0.023105673491954803,0
0.9995149374008179,1
0.9971529245376587,0
0.9996777772903442,1
0.9428926110267639,0
0.5703396797180176,1
0.8840800523757935,0
0.5024756789207458,1
0.38442912697792053,0
0.457171767950058,1
0.5592981576919556,0
0.0508735254406929,1
0.2787260413169861,0
0.9995423555374146,1
0.937813937664032,0
0.999638557434082,1
0.7569655179977417,0
0.9996875524520874,1
0.27086931467056274,0
0.6192786693572998,1
0.9798852801322937,0
0.9996836185455322,1
0.8655217885971069,0
0.9996548891067505,1
0.9904128909111023,0
0.9995208978652954,1
0.6535422801971436,0
0.9993811845779419,1
0.87662273645401,0
0.9995782971382141,1
0.032120607793331146,0
0.9995869994163513,1
0.8185639977455139,0
0.9996646642684937,1
0.5217217803001404,0
0.9995211362838745,1
0.5301458239555359,0
0.9995113611221313,1
0.8640339970588684,0
0.9993789196014404,1
0.883945107460022,0
0.9994475245475769,1
0.0067632682621479034,0
0.9996486902236938,1
0.38946056365966797,0
0.9996508359909058,1
0.4794313311576843,0
0.004897470586001873,1
0.6124557256698608,0
0.9996800422668457,1
0.2776429057121277,0
0.999698281288147,1
0.5140831470489502,0
0.07546581327915192,1
0.3707156479358673,0
0.9996672868728638,1
0.7812679409980774,0
0.9995213747024536,1
0.803200900554657,0
0.006064637564122677,1
0.5370035767555237,0
0.6394805312156677,1
0.07362156361341476,0
0.1439964920282364,1
0.07902126759290695,0
0.999447762966156,1
0.03282208740711212,0
0.9995556473731995,1
0.8090723156929016,0
0.999419093132019,1
0.2210497409105301,0
0.9996525049209595,1
0.803384006023407,0
0.9988014698028564,1
0.8642279505729675,0
0.9996050000190735,1
0.9894117712974548,0
0.8665885925292969,1
0.8972223401069641,0
0.9996011853218079,1
0.14741988480091095,0
0.45925527811050415,1
0.4039240777492523,0
0.9995806813240051,1
0.4625791907310486,0
0.576043426990509,1
0.17423518002033234,0
0.9995818734169006,1
0.9555885195732117,0
0.9995587468147278,1
0.853195071220398,0
0.9994376301765442,1
0.48200729489326477,0
0.8851422071456909,1
0.7960827350616455,0
0.1163133978843689,1
0.10598474740982056,0
0.056978076696395874,1
0.0023208162747323513,0
0.9996457099914551,1
0.9918505549430847,0
0.9995797276496887,1
0.7355719208717346,0
0.9994634985923767,1
0.028497010469436646,0
0.999578058719635,1
0.632999837398529,0
0.7618013620376587,1
0.052794963121414185,0
0.9994818568229675,1
0.020274940878152847,0
0.9996827840805054,1
0.6262443661689758,0
0.6026070713996887,1
0.7255561351776123,0
0.3121815621852875,1
0.08772432059049606,0
0.9995549321174622,1
0.06483443826436996,0
0.15284211933612823,1
0.7685385942459106,0
0.9991508722305298,1
0.788668155670166,0
0.9996436834335327,1
0.16181927919387817,0
0.2522420585155487,1
0.27488455176353455,0
0.9640679955482483,1
0.7154756188392639,0
0.4799538254737854,1
0.6335557103157043,0
0.9992979764938354,1
0.07302354276180267,0
0.9994803071022034,1
0.2898246943950653,0
0.9995612502098083,1
0.7457329034805298,0
0.9992702603340149,1
0.009289601817727089,0
0.9995868802070618,1
0.1853274405002594,0
0.9996052384376526,1
0.04853149875998497,0
0.9996805191040039,1
0.11493884027004242,0
0.9996008276939392,1
0.052408553659915924,0
0.9996753931045532,1
0.8508316874504089,0
0.9996582269668579,1
0.29543349146842957,0
0.9995995163917542,1
0.7406954169273376,0
0.9994280934333801,1
0.6443457007408142,0
0.015801964327692986,1
0.21694160997867584,0
0.9996738433837891,1
0.047214094549417496,0
0.9995854496955872,1
0.8838868737220764,0
0.9995989203453064,1
0.36168116331100464,0
0.9996436834335327,1
0.29173654317855835,0
0.9996848106384277,1
0.055581893771886826,0
0.9996567964553833,1
0.30848416686058044,0
0.999699592590332,1
0.08830322325229645,0
0.9996716976165771,1
0.846087634563446,0
0.9996100068092346,1
0.1840098798274994,0
0.06642016023397446,1
0.004000222776085138,0
0.39215347170829773,1
0.44290709495544434,0
0.9996852874755859,1
0.25952115654945374,0
0.12022290378808975,1
0.5257036685943604,0
0.0808212086558342,1
0.24964651465415955,0
0.2760978639125824,1
0.14268630743026733,0
0.9973478317260742,1
0.585542619228363,0
0.1925894320011139,1
0.3184795677661896,0
0.5137869119644165,1
0.9443702101707458,0
0.998954176902771,1
0.019745811820030212,0
0.40154120326042175,1
0.014319952577352524,0
0.43246525526046753,1
0.01236863061785698,0
0.9994366765022278,1
0.016687683761119843,0
0.7134809494018555,1
0.9563382267951965,0
0.053717635571956635,1
0.028752576559782028,0
0.13205817341804504,1
0.9437349438667297,0
0.9995040893554688,1
0.6410011649131775,0
0.5127010345458984,1
0.41041356325149536,0
0.0015852072974666953,1
0.39503493905067444,0
0.999536395072937,1
0.688960075378418,0
0.3468460142612457,1
0.8073081970214844,0
0.12264303863048553,1
0.6892467141151428,0
0.6980757713317871,1
0.5582748651504517,0
0.3232603371143341,1
0.628849446773529,0
0.999214768409729,1
0.0009757724474184215,0
0.9994214773178101,1
0.006087929476052523,0
0.9408524036407471,1
0.7471492290496826,0
0.05538392439484596,1
0.6806713938713074,0
0.9993352293968201,1
0.0066783735528588295,0
0.9996485710144043,1
0.8599084615707397,0
0.020421331748366356,1
0.7901561260223389,0
0.9995521903038025,1
0.9546689987182617,0
0.9997000694274902,1
0.4158090054988861,0
0.5763757228851318,1
0.7888447046279907,0
0.9996469020843506,1
0.7436414361000061,0
0.9996111989021301,1
0.7684351205825806,0
0.0087887579575181,1
0.7599409222602844,0
0.005589469335973263,1
0.6781231164932251,0
0.9995459914207458,1
0.861379861831665,0
0.9995279312133789,1
0.955292820930481,0
0.9996249675750732,1
0.29122453927993774,0
0.999538779258728,1
0.7106289863586426,0
0.999627947807312,1
0.7174727320671082,0
0.9996249675750732,1
0.2804565727710724,0
0.9996253252029419,1
0.6844139695167542,0
0.9993614554405212,1
0.5900054574012756,0
0.9996520280838013,1
0.8619714379310608,0
0.9994789958000183,1
0.8835712671279907,0
0.9994751811027527,1
0.09801408648490906,0
0.9990414977073669,1
0.22143928706645966,0
0.8759341835975647,1
0.32145223021507263,0
0.9995527863502502,1
0.048790670931339264,0
0.9975390434265137,1
0.00264001009054482,0
0.003434168640524149,1
0.8312305212020874,0
0.9996328353881836,1
0.4412229359149933,0
0.9995275735855103,1
0.9201894402503967,0
0.999603807926178,1
0.8157316446304321,0
0.656962513923645,1
0.004642425570636988,0
0.9995197057723999,1
0.8722176551818848,0
0.9996196031570435,1
0.900992214679718,0
0.9996658563613892,1
0.9435765743255615,0
0.5069762468338013,1
0.3922802209854126,0
0.1672808825969696,1
0.8885393142700195,0
0.022069694474339485,1
0.6378355026245117,0
0.9996198415756226,1
0.6386775374412537,0
0.9994526505470276,1
0.7051275968551636,0
0.9995597004890442,1
0.6095753908157349,0
0.9995885491371155,1
0.9573572278022766,0
0.9996569156646729,1
0.41664350032806396,0
0.9995517134666443,1
0.019675802439451218,0
0.9995144605636597,1
0.05726989731192589,0
0.8760480880737305,1
0.02450493536889553,0
0.9996557235717773,1
0.5546834468841553,0
0.4654555916786194,1
0.13786931335926056,0
0.9995458722114563,1
0.048578228801488876,0
0.9996110796928406,1
0.7975842356681824,0
0.9996564388275146,1
0.8474211692810059,0
0.09554065018892288,1
0.05530306696891785,0
0.999560534954071,1
0.8425627946853638,0
0.998484194278717,1
0.949029266834259,0
0.9996304512023926,1
0.9166609048843384,0
0.9995601773262024,1
0.5716387629508972,0
0.999451220035553,1
0.8500158190727234,0
0.9996039271354675,1
0.7071343660354614,0
0.9995135068893433,1
0.8129438161849976,0
0.6056298017501831,1
0.060333237051963806,0
0.9995474219322205,1
0.07869207859039307,0
0.9995438456535339,1
0.520797073841095,0
0.9995699524879456,1
0.06008107587695122,0
0.9996633529663086,1
0.8214595913887024,0
0.9995824694633484,1
0.7653810381889343,0
0.9996201992034912,1
0.926787257194519,0
0.9996016621589661,1
0.883147120475769,0
0.9993875026702881,1
0.08060554414987564,0
0.9996393918991089,1
0.7436203360557556,0
0.9996391534805298,1
0.8775710463523865,0
0.7584476470947266,1
0.8774667978286743,0
0.9996830224990845,1
0.9182352423667908,0
0.9996685981750488,1
0.9175968766212463,0
0.9995991587638855,1
0.8631748557090759,0
0.9995430707931519,1
0.970533549785614,0
0.9996941089630127,1
0.5388213992118835,0
0.02221488766372204,1
0.9740167260169983,0
0.999519944190979,1
0.10689712315797806,0
0.9995280504226685,1
0.10357977449893951,0
0.999489426612854,1
0.9589494466781616,0
0.01283679436892271,1
0.1524665206670761,0
0.9989394545555115,1
0.9234146475791931,0
0.999491810798645,1
0.6619466543197632,0
0.9995335340499878,1
0.8600220084190369,0
0.999566376209259,1
0.6198241114616394,0
0.9994646906852722,1
0.7858219146728516,0
0.9996520280838013,1
0.5164983868598938,0
0.9992740750312805,1
0.9965470433235168,0
0.9996371269226074,1
0.6847712397575378,0
0.3514208495616913,1
0.5191342830657959,0
0.9995385408401489,1
0.8709873557090759,0
0.9996137022972107,1
0.9849247336387634,0
0.9996488094329834,1
0.8824999928474426,0
0.9996379613876343,1
0.8723499774932861,0
0.7583391666412354,1
0.997951328754425,0
0.9996631145477295,1
0.6745955348014832,0
0.9986434578895569,1
0.8548893928527832,0
0.999525785446167,1
0.7966426610946655,0
0.9996153116226196,1
0.8641881942749023,0
0.9996953010559082,1
0.5123637914657593,0
0.9995342493057251,1
0.11309783905744553,0
0.9996237754821777,1
0.9480868577957153,0
0.9995237588882446,1
0.2602919340133667,0
0.9995253086090088,1
0.9565746784210205,0
0.9996769428253174,1
0.2847609221935272,0
0.99960857629776,1
0.6767299175262451,0
0.9995404481887817,1
0.0699780136346817,0
0.9996551275253296,1
0.9967876672744751,0
0.9994221925735474,1
0.5922919511795044,0
0.9975845813751221,1
0.8263881206512451,0
0.9995748400688171,1
0.06505917757749557,0
0.9994843006134033,1
0.7670810222625732,0
0.9996612071990967,1
0.4494244456291199,0
0.9996551275253296,1
0.7976817488670349,0
0.9995793700218201,1
0.05386738106608391,0
0.9994528889656067,1
0.1815950721502304,0
0.9996520280838013,1
0.905417799949646,0
0.9996654987335205,1
0.31120964884757996,0
0.9996132254600525,1
0.09002543240785599,0
0.9995608925819397,1
0.19307860732078552,0
0.7786690592765808,1
0.010111131705343723,0
0.9996123909950256,1
0.6972127556800842,0
0.9995243549346924,1
0.11975419521331787,0
0.9996267557144165,1
0.27087730169296265,0
0.9996757507324219,1
0.7035921812057495,0
0.9996349811553955,1
0.06856884062290192,0
0.9995686411857605,1
0.11325833201408386,0
0.999690055847168,1
0.8222863078117371,0
0.9996210336685181,1
0.14266635477542877,0
0.9996362924575806,1
0.0996672511100769,0
0.7379163503646851,1
0.9911638498306274,0
0.21308614313602448,1
0.0202383603900671,0
0.10986138135194778,1
0.4792696535587311,0
0.22827818989753723,1
0.011240680702030659,0
0.37873199582099915,1
0.9987634420394897,0
0.5024275183677673,1
0.1220150962471962,0
0.4491608440876007,1
0.3797306716442108,0
0.4654020667076111,1
0.8033549785614014,0
0.7812739014625549,1
0.9611942172050476,0
0.0022335578687489033,1
0.5008972883224487,0
0.3262028992176056,1
0.9826099276542664,0
0.1383884847164154,1
0.36365118622779846,0
0.9991425275802612,1
0.09251632541418076,0
0.83895343542099,1
0.002079688711091876,0
0.07187565416097641,1
0.1668737232685089,0
0.08567134290933609,1
0.010639412328600883,0
0.9991287589073181,1
0.010552948340773582,0
0.0034925180952996016,1
0.015091207809746265,0
0.999526858329773,1
0.8720468878746033,0
0.9993550181388855,1
0.04089680314064026,0
0.04293442144989967,1
0.9954559803009033,0
0.9996113181114197,1
0.28161147236824036,0
0.9995569586753845,1
0.6917979717254639,0
0.9996545314788818,1
0.48190072178840637,0
0.9992581009864807,1
0.9772128462791443,0
0.5940445065498352,1
0.09812965244054794,0
0.999523401260376,1
0.8584989905357361,0
0.9995304346084595,1
0.4688701331615448,0
0.9995651841163635,1
0.05977802351117134,0
0.016727527603507042,1
0.7206946611404419,0
0.10850869864225388,1
0.0017579366685822606,0
0.9995543360710144,1
0.0058866022154688835,0
0.003506972687318921,1
0.007318124640733004,0
0.031762734055519104,1
0.8474301099777222,0
0.9996165037155151,1
0.15200448036193848,0
0.9994599223136902,1
0.5615119934082031,0
0.999576985836029,1
0.24863097071647644,0
0.29127320647239685,1
0.8246397972106934,0
0.9995354413986206,1
0.021421831101179123,0
0.9995187520980835,1
0.9865158796310425,0
0.9995326995849609,1
0.9624550342559814,0
0.16923309862613678,1
0.05120613053441048,0
0.999584972858429,1
0.27219530940055847,0
0.9994062185287476,1
0.011252982541918755,0
0.18131139874458313,1
0.972567081451416,0
0.003865650622174144,1
0.36682218313217163,0
0.9996870756149292,1
0.4997718036174774,0
0.24467764794826508,1
0.06390256434679031,0
0.7620791792869568,1
0.9891419410705566,0
0.09815710783004761,1
0.16719584167003632,0
0.9995394945144653,1
0.013923004269599915,0
0.4353322982788086,1
0.9917797446250916,0
0.9989946484565735,1
0.43371427059173584,0
0.9996466636657715,1
0.9903210997581482,0
0.9994309544563293,1
0.36762750148773193,0
0.9995341300964355,1
0.006111871916800737,0
0.013673095032572746,1
0.9817419648170471,0
0.05485299602150917,1
0.4798152446746826,0
0.9996427297592163,1
0.9881702661514282,0
0.41756296157836914,1
0.8477683067321777,0
0.9991102814674377,1
0.016380146145820618,0
0.08549319207668304,1
0.9936862587928772,0
0.9995471835136414,1
0.08999243378639221,0
0.7243709564208984,1
0.17221295833587646,0
0.9986812472343445,1
0.0015807818854227662,0
0.004891742952167988,1
0.982532262802124,0
0.9994571805000305,1
0.8393130898475647,0
0.999283492565155,1
0.005604548845440149,0
0.03223360702395439,1
0.036769989877939224,0
0.9995167255401611,1
0.8324571847915649,0
0.9995304346084595,1
0.8323804140090942,0
0.9995467066764832,1
0.13353416323661804,0
0.8879449963569641,1
0.46459445357322693,0
0.9809523224830627,1
0.9854450821876526,0
0.9995695948600769,1
0.3678450882434845,0
0.3496980667114258,1
0.8792154788970947,0
0.8603553175926208,1
0.0012522515607997775,0
0.5052642226219177,1
0.6881529688835144,0
0.20586688816547394,1
0.043749693781137466,0
0.6366238594055176,1
0.090300552546978,0
0.6805174350738525,1
0.14843283593654633,0
0.710178554058075,1
0.4141594469547272,0
0.9996461868286133,1
0.9815888404846191,0
0.9995341300964355,1
0.9404374361038208,0
0.4620802700519562,1
0.2605406939983368,0
0.430229514837265,1
0.5347015261650085,0
0.48738938570022583,1
0.10933274030685425,0
0.9996517896652222,1
0.5365899801254272,0
0.10462827235460281,1
0.17100414633750916,0
0.9996098875999451,1
0.37203651666641235,0
0.2213142365217209,1
0.7856043577194214,0
0.9990358352661133,1
0.7586569786071777,0
0.9995003938674927,1
0.6696788668632507,0
0.2857576608657837,1
0.9821830987930298,0
0.42117565870285034,1
0.03310830518603325,0
0.999495267868042,1
0.12028885632753372,0
0.019079623743891716,1
0.8581874966621399,0
0.40794551372528076,1
0.4206668734550476,0
0.9995348453521729,1
0.9379350543022156,0
0.9995610117912292,1
0.7970056533813477,0
0.1325395107269287,1
0.3408694565296173,0
0.9995939135551453,1
0.9863477945327759,0
0.6723743081092834,1
0.01823839358985424,0
0.6287899017333984,1
0.2012660950422287,0
0.9988052845001221,1
0.1888154298067093,0
0.999497652053833,1
0.6841745376586914,0
0.015825949609279633,1
0.7341602444648743,0
0.7057837247848511,1
0.9847733974456787,0
0.6401907801628113,1
0.7747880220413208,0
0.9995200634002686,1
0.08631087839603424,0
0.11321943253278732,1
0.03417390212416649,0
0.9995852112770081,1
0.09934914857149124,0
0.11343999207019806,1
0.002059877384454012,0
0.9994565844535828,1
0.6639635562896729,0
0.9984859824180603,1
0.1800549328327179,0
0.9995586276054382,1
0.9926716089248657,0
0.6636836528778076,1
0.9614846110343933,0
0.03362441062927246,1
0.8620283007621765,0
0.9996213912963867,1
0.28444522619247437,0
0.9994805455207825,1
0.007331139873713255,0
0.9995691180229187,1
0.6223947405815125,0
0.01609218865633011,1
0.39744266867637634,0
0.9996675252914429,1
0.9874886870384216,0
0.5656702518463135,1
0.04867425188422203,0
0.9991744160652161,1
0.2224632054567337,0
0.0033854348585009575,1
0.8961718082427979,0
0.9996767044067383,1
0.8138276934623718,0
0.9994753003120422,1
0.5775546431541443,0
0.9996275901794434,1
0.989538311958313,0
0.9966157078742981,1
0.44118449091911316,0
0.9996128678321838,1
0.11664380133152008,0
0.15849648416042328,1
0.6326535940170288,0
0.9995930790901184,1
0.6886869668960571,0
0.9996795654296875,1
0.8372917771339417,0
0.9995527863502502,1
0.05177805945277214,0
0.9995883107185364,1
0.14387163519859314,0
0.6109403371810913,1
0.8805465698242188,0
0.9996678829193115,1
0.9270292520523071,0
0.9995524287223816,1
0.1923973113298416,0
0.9995537400245667,1
0.289964884519577,0
0.9995980858802795,1
0.8396843671798706,0
0.9996495246887207,1
0.9956278800964355,0
0.784906804561615,1
0.0631132423877716,0
0.9995583891868591,1
0.09583926200866699,0
0.5875664949417114,1
0.10642583668231964,0
0.9996627569198608,1
0.9939181804656982,0
0.9996622800827026,1
0.2797735333442688,0
0.9995288848876953,1
0.498920738697052,0
0.9995222091674805,1
0.9881267547607422,0
0.1320573389530182,1
0.04293114319443703,0
0.9996987581253052,1
0.8532830476760864,0
0.9995412826538086,1
0.5217241644859314,0
0.7903510332107544,1
0.07943417131900787,0
0.9996654987335205,1
0.9212940335273743,0
0.9996300935745239,1
0.04511462152004242,0
0.9996640682220459,1
0.19618158042430878,0
0.9996629953384399,1
0.18263687193393707,0
0.9994291663169861,1
0.915022611618042,0
0.9996471405029297,1
0.9984758496284485,0
0.9981719255447388,1
0.07491376250982285,0
0.9996678829193115,1
0.25648462772369385,0
0.9996210336685181,1
0.5135365724563599,0
0.9996671676635742,1
0.05858722701668739,0
0.9995966553688049,1
0.22588759660720825,0
0.9996665716171265,1
0.029993578791618347,0
0.9996819496154785,1
0.3051958978176117,0
0.9996656179428101,1
0.9001308083534241,0
0.9996440410614014,1
0.10434788465499878,0
0.9996622800827026,1
0.8029623031616211,0
0.9996993541717529,1
0.24248355627059937,0
0.9996954202651978,1
0.9581269025802612,0
0.9996780157089233,1
0.10107719898223877,0
0.9996827840805054,1
0.12525297701358795,0
0.9996793270111084,1
0.1363363265991211,0
0.6601458787918091,1
0.271497905254364,0
0.9996949434280396,1
0.7056665420532227,0
0.15538835525512695,1
0.24006487429141998,0
0.9997039437294006,1
0.32618317008018494,0
0.9994491934776306,1
0.02591477893292904,0
0.9995700716972351,1
0.9744468927383423,0
0.35370615124702454,1
0.2021084427833557,0
0.9994916915893555,1
0.22922447323799133,0
0.0693206936120987,1
0.545585036277771,0
0.9997019171714783,1
0.2696632444858551,0
0.8262914419174194,1
0.17244507372379303,0
0.8308505415916443,1
0.00841505080461502,0
0.999445378780365,1
0.9268717169761658,0
0.9993828535079956,1
0.31627964973449707,0
0.999502420425415,1
0.9270949363708496,0
0.23953522741794586,1
0.04301165044307709,0
0.9994951486587524,1
0.05338241159915924,0
0.9996852874755859,1
0.8320896029472351,0
0.3200969696044922,1
0.05006389319896698,0
0.8848662376403809,1
0.08974971622228622,0
0.9994986057281494,1
0.9183124303817749,0
0.9994778037071228,1
0.9933890104293823,0
0.999669075012207,1
0.5329312086105347,0
0.500337541103363,1
0.09973911941051483,0
0.7965832352638245,1
0.3819064497947693,0
0.9996941089630127,1
0.33178117871284485,0
0.19609759747982025,1
0.08858581632375717,0
0.1334005445241928,1
0.7883747816085815,0
0.7858986258506775,1
0.20998011529445648,0
0.2623174786567688,1
0.7451606392860413,0
0.7787682414054871,1
0.25154605507850647,0
0.40915820002555847,1
0.4415137767791748,0
0.24958616495132446,1
0.7863537669181824,0
0.3695186376571655,1
0.3471392095088959,0
0.44979050755500793,1
0.39702892303466797,0
0.7899760007858276,1
0.2489795833826065,0
0.2725551426410675,1
0.6549921631813049,0
0.6860923171043396,1
0.2859770357608795,0
0.7655964493751526,1
0.2545347213745117,0
0.9995207786560059,1
0.021541740745306015,0
0.9991756081581116,1
0.4857652485370636,0
0.530532956123352,1
0.9641646146774292,0
0.9996781349182129,1
0.777849555015564,0
0.7246122360229492,1
0.23011647164821625,0
0.7745729684829712,1
0.064167320728302,0
0.37868639826774597,1
0.5054987668991089,0
0.3040183186531067,1
0.5602993369102478,0
0.9993450045585632,1
0.7027007341384888,0
0.2958419620990753,1
0.5317919850349426,0
0.2890213131904602,1
0.32847586274147034,0
0.27641957998275757,1
0.6434735059738159,0
0.5857141613960266,1
0.3080836236476898,0
0.793519914150238,1
0.24669009447097778,0
0.7899845838546753,1
0.24777230620384216,0
0.7424539923667908,1
0.13970094919204712,0
0.34473952651023865,1
0.4937376081943512,0
0.6684762239456177,1
0.2682979106903076,0
0.40548983216285706,1
0.4040375351905823,0
0.7220901846885681,1
0.3649909794330597,0
0.40200290083885193,1
0.471036434173584,0
0.22900402545928955,1
0.727694034576416,0
0.7299514412879944,1
0.26889485120773315,0
0.22828663885593414,1
0.729261040687561,0
0.38765931129455566,1
0.44140955805778503,0
0.7846891283988953,1
0.2501828372478485,0
0.7837647795677185,1
0.2095707207918167,0
0.7879489064216614,1
0.24946758151054382,0
0.49504750967025757,1
0.010740993544459343,0
0.9996032118797302,1
0.9691686034202576,0
0.3327690362930298,1
0.043920014053583145,0
0.88564133644104,1
0.6442013382911682,0
0.8800283670425415,1
0.32593202590942383,0
0.9995104074478149,1
0.8239806294441223,0
0.8860471248626709,1
0.09646009653806686,0
0.2067992091178894,1
0.791963517665863,0
0.25595036149024963,1
0.7585067749023438,0
0.7950435876846313,1
0.24617621302604675,0
0.7924760580062866,1
0.2089180052280426,0
0.26847943663597107,1
0.6694627404212952,0
0.005469866096973419,1
0.9379988312721252,0
0.9995248317718506,1
0.986645519733429,0
0.09322018176317215,1
0.984807014465332,0
0.4759608507156372,1
0.7020447254180908,0
0.34986576437950134,1
0.1207471489906311,0
0.9995237588882446,1
0.6918362379074097,0
0.887980580329895,1
0.011644606478512287,0
0.2638705372810364,1
0.7324275970458984,0
0.26968684792518616,1
0.6970285773277283,0
0.37263020873069763,1
0.4948022961616516,0
0.7940502166748047,1
0.24615274369716644,0
0.48370280861854553,1
0.3577733337879181,0
0.47621071338653564,1
0.3702598214149475,0
0.7875219583511353,1
0.34887295961380005,0
0.7887534499168396,1
0.24810712039470673,0
0.9995052814483643,1
0.8892163038253784,0
0.7717217206954956,1
0.2532639503479004,0
0.28549280762672424,1
0.4980250298976898,0
0.48191335797309875,1
0.35223305225372314,0
0.5296352505683899,1
0.3080807328224182,0
0.6114287376403809,1
0.16350547969341278,0
0.21378707885742188,1
0.7690882682800293,0
0.7493406534194946,1
0.22555138170719147,0
0.670029878616333,1
0.23320038616657257,0
0.6874598264694214,1
0.2595702111721039,0
0.9993498921394348,1
0.34559181332588196,0
0.9996578693389893,1
0.028741030022501945,0
0.8343898057937622,1
0.001302773947827518,0
0.09316369891166687,1
0.19660010933876038,0
0.9995416402816772,1
0.9405853152275085,0
0.9995287656784058,1
0.9901162981987,0
0.9994358420372009,1
0.5665978193283081,0
0.999624490737915,1
0.28654637932777405,0
0.21384476125240326,1
0.7732582688331604,0
0.7878536581993103,1
0.12489943951368332,0
0.020257918164134026,1
0.9939935803413391,0
0.4771142899990082,1
0.3762802183628082,0
0.9883055686950684,1
0.8822421431541443,0
0.3805077075958252,1
0.9215132594108582,0
0.9995848536491394,1
0.9225128889083862,0
0.5344921946525574,1
0.002061624778434634,0
0.1796237975358963,1
0.24123695492744446,0
0.12121844291687012,1
0.8023380637168884,0
0.0017806276446208358,1
0.6422726511955261,0
0.9996188879013062,1
0.4803990423679352,0
0.4610767960548401,1
0.58808434009552,0
0.007723615970462561,1
0.47280368208885193,0
0.9994401335716248,1
0.6494634747505188,0
0.39564451575279236,1
0.06455685198307037,0
0.9993209838867188,1
0.0009289528825320303,0
0.08170951902866364,1
0.30164211988449097,0
0.8477254509925842,1
0.9989109039306641,0
0.9981318116188049,1
0.9920726418495178,0
0.9992986917495728,1
0.37572765350341797,0
0.7055157423019409,1
0.24917274713516235,0
0.3192431926727295,1
0.15694260597229004,0
0.9994810223579407,1
0.694848895072937,0
0.039500754326581955,1
0.5105487704277039,0
0.9994994401931763,1
0.6540273427963257,0
0.9995269775390625,1
0.8581889271736145,0
0.521579384803772,1
0.0851120725274086,0
0.9996968507766724,1
0.8901494145393372,0
0.9995421171188354,1
0.87697833776474,0
0.7719392776489258,1
0.018285151571035385,0
0.9996500015258789,1
0.9818521738052368,0
0.9995481371879578,1
0.6712064743041992,0
0.0731264129281044,1
0.29317495226860046,0
0.2369900792837143,1
0.0010319625725969672,0
0.36355724930763245,1
0.9876605272293091,0
0.6773859262466431,1
0.6886988282203674,0
0.999526858329773,1
0.47286003828048706,0
0.9995158910751343,1
0.628078043460846,0
0.9995695948600769,1
0.6939607858657837,0
0.9996875524520874,1
0.9183771014213562,0
0.9867991805076599,1
0.7256961464881897,0
0.9995797276496887,1
0.6200899481773376,0
0.43388932943344116,1
0.17527207732200623,0
0.9996464252471924,1
0.8537834882736206,0
0.9995636343955994,1
0.40610480308532715,0
0.09685524553060532,1
0.6156930327415466,0
0.9994868040084839,1
0.9847122430801392,0
0.9995481371879578,1
0.8650754690170288,0
0.17998577654361725,1
0.30924731492996216,0
0.5055534243583679,1
0.5259158611297607,0
0.9995891451835632,1
0.8010804653167725,0
0.9996523857116699,1
0.9448071122169495,0
0.9995232820510864,1
0.6035779714584351,0
0.999541163444519,1
0.16492600739002228,0
0.9995482563972473,1
0.2179955691099167,0
0.9994413256645203,1
0.7971875071525574,0
0.999624490737915,1
0.9807918667793274,0
0.999645471572876,1
0.322553426027298,0
0.9989368319511414,1
0.47846394777297974,0
0.9996250867843628,1
0.04569917544722557,0
0.9995686411857605,1
0.5412545204162598,0
0.9995844960212708,1
0.47195905447006226,0
0.9996874332427979,1
0.9443578720092773,0
0.999674916267395,1
0.5881538987159729,0
0.8190763592720032,1
0.014162302948534489,0
0.9995972514152527,1
0.9980822801589966,0
0.99962317943573,1
0.9828008413314819,0
0.6520401239395142,1
0.881700336933136,0
0.09870889782905579,1
0.7863437533378601,0
0.9994275569915771,1
0.13989807665348053,0
0.07742144912481308,1
0.369160532951355,0
0.999661922454834,1
0.9844842553138733,0
0.9993149042129517,1
0.3070649802684784,0
0.9996209144592285,1
0.1987939178943634,0
0.9996352195739746,1
0.9829482436180115,0
0.9994816184043884,1
0.8857061266899109,0
0.9995323419570923,1
0.08571174740791321,0
0.9996339082717896,1
0.9488480091094971,0
0.9996392726898193,1
0.06494974344968796,0
0.9994968175888062,1
0.9724777936935425,0
0.9995980858802795,1
0.6157470345497131,0
0.9994778037071228,1
0.9196793437004089,0
0.9991577863693237,1
0.528219997882843,0
0.9995291233062744,1
0.40817078948020935,0
0.9972647428512573,1
0.9837185740470886,0
0.9996505975723267,1
0.8909600377082825,0
0.9996384382247925,1
0.985126256942749,0
0.9996685981750488,1
0.6057872772216797,0
0.9996533393859863,1
0.9275341629981995,0
0.9681781530380249,1
0.3054797947406769,0
0.9996098875999451,1
0.3904670476913452,0
0.9996657371520996,1
0.9358415007591248,0
0.9996775388717651,1
0.9720321297645569,0
0.22167332470417023,1
0.9810866713523865,0
0.9993274211883545,1
0.07563851773738861,0
0.999544084072113,1
0.9045671820640564,0
0.8598608374595642,1
0.7874943614006042,0
0.9996015429496765,1
0.934931755065918,0
0.9995750784873962,1
0.37852999567985535,0
0.9996035695075989,1
0.7889510989189148,0
0.9994848966598511,1
0.14816443622112274,0
0.999677300453186,1
0.22670923173427582,0
0.999607503414154,1
0.9442360401153564,0
0.9994756579399109,1
0.9259466528892517,0
0.016808444634079933,1
0.404732346534729,0
0.08933629095554352,1
0.1711130440235138,0
0.9993450045585632,1
0.23791781067848206,0
0.9995513558387756,1
0.46304723620414734,0
0.9995285272598267,1
0.13088828325271606,0
0.9995367527008057,1
0.8351224660873413,0
0.9993754029273987,1
0.8847887516021729,0
0.9996538162231445,1
0.988215446472168,0
0.9995410442352295,1
0.10014677792787552,0
0.9995040893554688,1
0.2706449329853058,0
0.04752912372350693,1
0.547965943813324,0
0.9995406866073608,1
0.4083086848258972,0
0.9995094537734985,1
0.10950037091970444,0
0.9995747208595276,1
0.04711844027042389,0
0.9995906949043274,1
0.5623250007629395,0
0.9994997978210449,1
0.42182502150535583,0
0.9995736479759216,1
0.09528198838233948,0
0.9995669722557068,1
0.3991158902645111,0
0.7623388767242432,1
0.07459059357643127,0
0.9996563196182251,1
0.45231691002845764,0
0.028646724298596382,1
0.038888949900865555,0
0.014233935624361038,1
0.9300951361656189,0
0.7311304211616516,1
0.8104200959205627,0
0.0455801784992218,1
0.6079726815223694,0
0.9994934797286987,1
0.10037579387426376,0
0.02016330510377884,1
0.01584806852042675,0
0.9994420409202576,1
0.8675776124000549,0
0.020689353346824646,1
0.37368106842041016,0
0.6359169483184814,1
0.9789456725120544,0
0.9996558427810669,1
0.28705698251724243,0
0.6906062960624695,1
0.9642983675003052,0
0.9995328187942505,1
0.8741058111190796,0
0.9994431138038635,1
0.007315049879252911,0
0.9994692206382751,1
0.24805116653442383,0
0.8652867674827576,1
0.9437159299850464,0
0.9996256828308105,1
0.9605808854103088,0
0.999651312828064,1
0.9903222918510437,0
0.36405280232429504,1
0.3357079327106476,0
0.07485578954219818,1
0.8657885789871216,0
0.9997095465660095,1
0.7319032549858093,0
0.7890646457672119,1
0.11965696513652802,0
0.50785893201828,1
0.11951927840709686,0
0.01677231304347515,1
0.8203673362731934,0
0.33623865246772766,1
0.9683903455734253,0
0.16174151003360748,1
0.3634891211986542,0
0.01388494297862053,1
0.2331349402666092,0
0.998439610004425,1
0.9853838086128235,0
0.999487042427063,1
0.025101274251937866,0
0.9996591806411743,1
0.16025924682617188,0
0.9995579123497009,1
0.1318751722574234,0
0.08125660568475723,1
0.36444756388664246,0
0.7460512518882751,1
0.018702978268265724,0
0.04473385959863663,1
0.04451308399438858,0
0.9996472597122192,1
0.9301377534866333,0
0.9995928406715393,1
0.8697476387023926,0
0.9996955394744873,1
0.8273438215255737,0
0.999518871307373,1
0.3760627806186676,0
0.01207856833934784,1
0.780382513999939,0
0.999535083770752,1
0.8347154259681702,0
0.4270215630531311,1
0.17378297448158264,0
0.9996827840805054,1
0.18578357994556427,0
0.15631110966205597,1
0.6248207092285156,0
0.9996638298034668,1
0.9532252550125122,0
0.9598249197006226,1
0.9061384797096252,0
0.005181071814149618,1
0.14999350905418396,0
0.9995467066764832,1
0.9698609709739685,0
0.9996576309204102,1
0.9803281426429749,0
0.9996743202209473,1
0.8934305310249329,0
0.9995576739311218,1
0.9731366038322449,0
0.9994377493858337,1
0.9849488139152527,0
0.9995405673980713,1
0.8305768966674805,0
0.9994321465492249,1
0.14316976070404053,0
0.1300705373287201,1
0.3131444752216339,0
0.9996987581253052,1
0.20510540902614594,0
0.9995346069335938,1
0.8751706480979919,0
0.9995643496513367,1
0.13960658013820648,0
0.9995773434638977,1
0.5359411239624023,0
0.3742256760597229,1
0.8724048733711243,0
0.9996801614761353,1
0.9753485321998596,0
0.9481662511825562,1
0.4575531780719757,0
0.9995344877243042,1
0.6795274615287781,0
0.9996954202651978,1
0.2534380257129669,0
0.9993571639060974,1
0.7791252732276917,0
0.12688837945461273,1
0.068817637860775,0
0.9995717406272888,1
0.05777214467525482,0
0.9996626377105713,1
0.8474103212356567,0
0.9995431900024414,1
0.4032628536224365,0
0.7367538213729858,1
0.13148826360702515,0
0.9996557235717773,1
0.16376180946826935,0
0.9996727705001831,1
0.9051233530044556,0
0.9996521472930908,1
0.21050341427326202,0
0.9996390342712402,1
0.9030266404151917,0
0.9995400905609131,1
0.9830143451690674,0
0.99944669008255,1
0.16950498521327972,0
0.9996947050094604,1
0.22708317637443542,0
0.8419913053512573,1
0.08443491905927658,0
0.9996298551559448,1
0.4949090778827667,0
0.999491810798645,1
0.5964540243148804,0
0.9995383024215698,1
0.7584089040756226,0
0.9995500445365906,1
0.09967217594385147,0
0.999690055847168,1
0.9377632141113281,0
0.9995860457420349,1
0.3840140402317047,0
0.9995934367179871,1
0.0826520323753357,0
0.9996387958526611,1
0.9209762215614319,0
0.9973650574684143,1
0.9311457276344299,0
0.9994186162948608,1
0.24620167911052704,0
0.9996554851531982,1
0.446828693151474,0
0.9996312856674194,1
0.10261411964893341,0
0.9995564818382263,1
0.3261784613132477,0
0.9996545314788818,1
0.10394099354743958,0
0.9996620416641235,1
0.9551934003829956,0
0.9994893074035645,1
0.094084732234478,0
0.9996695518493652,1
0.04629897326231003,0
0.9996002316474915,1
0.04746338725090027,0
0.9996048808097839,1
0.0548347644507885,0
0.4509226679801941,1
0.05389424413442612,0
0.9996727705001831,1
0.2781434655189514,0
0.38715070486068726,1
0.545405924320221,0
0.0018123715417459607,1
0.31982845067977905,0
0.8407159447669983,1
0.0036312825977802277,0
0.00884633045643568,1
0.47158506512641907,0
0.9995269775390625,1
0.03881128132343292,0
0.028330102562904358,1
0.48988255858421326,0
0.9994243383407593,1
0.940390408039093,0
0.06538086384534836,1
0.7442417144775391,0
0.03372007980942726,1
0.004228576552122831,0
0.07562299817800522,1
0.03114517591893673,0
0.5522323250770569,1
0.9678276181221008,0
0.6676396727561951,1
0.800248384475708,0
0.01147147361189127,1
0.6373422145843506,0
0.9994391798973083,1
0.5085253119468689,0
0.9994513392448425,1
0.8384566903114319,0
0.999656081199646,1
0.11930518597364426,0
0.619981050491333,1
0.9704564213752747,0
0.5742151737213135,1
0.23536890745162964,0
0.6927607655525208,1
0.0007531909504905343,0
0.24771808087825775,1
0.4037359058856964,0
0.05843309313058853,1
0.3383122980594635,0
0.0020663931500166655,1
0.3112134635448456,0
0.9994633793830872,1
0.27380573749542236,0
0.4728492200374603,1
0.0013131102314218879,0
0.9995760321617126,1
0.12488249689340591,0
0.9994962215423584,1
0.0345003567636013,0
0.5542809963226318,1
0.9981817007064819,0
0.9996566772460938,1
0.13546934723854065,0
0.056462619453668594,1
0.7476940155029297,0
0.7360596656799316,1
0.0022056985180824995,0
0.7245388031005859,1
0.17166881263256073,0
0.047907523810863495,1
0.07338400930166245,0
0.9995152950286865,1
0.14408767223358154,0
0.8750336170196533,1
0.5247402787208557,0
0.06003628671169281,1
0.9970139265060425,0
0.9995145797729492,1
0.41035398840904236,0
0.9995280504226685,1
0.7517372965812683,0
0.014983764849603176,1
0.23417694866657257,0
0.03532950580120087,1
0.49076953530311584,0
0.43609145283699036,1
0.8948778510093689,0
0.8445444107055664,1
0.46359968185424805,0
0.9996449947357178,1
0.9969053864479065,0
0.4771302342414856,1
0.11231252551078796,0
0.4086938798427582,1
0.9706254601478577,0
0.9995195865631104,1
0.44177427887916565,0
0.9980980753898621,1
0.6910507678985596,0
0.9995495676994324,1
0.6282309889793396,0
0.9996882677078247,1
0.39125290513038635,0
0.9996404647827148,1
0.2965761721134186,0
0.3348148465156555,1
0.9772235155105591,0
0.9994959831237793,1
0.1258385181427002,0
0.8592159748077393,1
0.11326128244400024,0
0.029803220182657242,1
0.5614377856254578,0
0.9988325238227844,1
0.012181181460618973,0
0.9995961785316467,1
0.06181478872895241,0
0.13653181493282318,1
0.8597617745399475,0
0.9995369911193848,1
0.04944394901394844,0
0.9994612336158752,1
0.25369584560394287,0
0.999333918094635,1
0.15577635169029236,0
0.9996304512023926,1
0.6492515206336975,0
0.99967360496521,1
0.9448654651641846,0
0.9995909333229065,1
0.64395672082901,0
0.9995833039283752,1
0.30234912037849426,0
0.9467630982398987,1
0.058653220534324646,0
0.5260787606239319,1
0.9793114066123962,0
0.9996826648712158,1
0.32664355635643005,0
0.9994916915893555,1
0.17689946293830872,0
0.9996852874755859,1
0.7559095621109009,0
0.9993465542793274,1
0.004716432653367519,0
0.9996408224105835,1
0.030036410316824913,0
0.9995587468147278,1
0.10334508121013641,0
0.9995691180229187,1
0.5461804866790771,0
0.9996317625045776,1
0.11356400698423386,0
0.9995660185813904,1
0.9853488802909851,0
0.9996591806411743,1
0.22288325428962708,0
0.2023376077413559,1
0.08887813985347748,0
0.05610642954707146,1
0.9690543413162231,0
0.9996639490127563,1
0.37134402990341187,0
0.9996393918991089,1
0.19823822379112244,0
0.9996992349624634,1
0.5191306471824646,0
0.9995307922363281,1
0.05541888624429703,0
0.9996883869171143,1
0.23052892088890076,0
0.9994245767593384,1
0.3813994824886322,0
0.11510200053453445,1
0.9936752915382385,0
0.999419093132019,1
0.2603873610496521,0
0.9995208978652954,1
0.1394062638282776,0
0.9995984435081482,1
0.8677064180374146,0
0.9995253086090088,1
0.4217586815357208,0
0.999616265296936,1
0.8952023983001709,0
0.9996007084846497,1
0.5313265323638916,0
0.9994999170303345,1
0.9621735215187073,0
0.9996947050094604,1
0.9429445266723633,0
0.7013575434684753,1
0.12635858356952667,0
0.6228588223457336,1
0.24937179684638977,0
0.013874853029847145,1
0.776724100112915,0
0.0315491259098053,1
0.9740972518920898,0
0.9483349919319153,1
0.829922616481781,0
0.9996503591537476,1
0.7536603212356567,0
0.8137121200561523,1
0.8796700239181519,0
0.9996691942214966,1
0.5093957185745239,0
0.9995241165161133,1
0.9880555272102356,0
0.9995641112327576,1
0.3136887550354004,0
0.9995205402374268,1
0.06240260973572731,0
0.9995251893997192,1
0.7504090070724487,0
0.9994750618934631,1
0.2845820188522339,0
0.007664108648896217,1
0.01763373799622059,0
0.32400134205818176,1
0.17103791236877441,0
0.8868387937545776,1
0.9979156851768494,0
0.9996941089630127,1
0.4439987242221832,0
0.9995515942573547,1
0.21325962245464325,0
0.8405207991600037,1
0.009531227871775627,0
0.9996634721755981,1
0.14510692656040192,0
0.9995588660240173,1
0.11756780743598938,0
0.9996448755264282,1
0.9968029260635376,0
0.9994404911994934,1
0.9139898419380188,0
0.9444700479507446,1
0.243367999792099,0
0.9996455907821655,1
0.6913701891899109,0
0.9996896982192993,1
0.9592167139053345,0
0.9996567964553833,1
0.4650428295135498,0
0.9995225667953491,1
0.9876391291618347,0
0.9995182752609253,1
0.7774856090545654,0
0.9993849992752075,1
0.2931024730205536,0
0.9995465874671936,1
0.9898684024810791,0
0.14874497056007385,1
0.5404826402664185,0
0.999392032623291,1
0.4668968617916107,0
0.9994111061096191,1
0.17960552871227264,0
0.9995508790016174,1
0.07171006500720978,0
0.999538779258728,1
0.9976735711097717,0
0.9996134638786316,1
0.11341758817434311,0
0.9995352029800415,1
0.4479753375053406,0
0.999562680721283,1
0.3299551010131836,0
0.9996137022972107,1
0.991067111492157,0
0.9996011853218079,1
0.4007132947444916,0
0.9994699358940125,1
0.5331488251686096,0
0.9996428489685059,1
0.5598177313804626,0
0.999523401260376,1
0.9969964027404785,0
0.9996153116226196,1
0.4952787756919861,0
0.9996803998947144,1
0.6915683150291443,0
0.9996477365493774,1
0.38855835795402527,0
0.9996552467346191,1
0.9968634843826294,0
0.9996277093887329,1
0.32920992374420166,0
0.9988085031509399,1
0.0015275381738319993,0
0.9996974468231201,1
0.47399353981018066,0
0.9996016621589661,1
0.41310176253318787,0
0.9995490908622742,1
0.06379490345716476,0
0.564412534236908,1
0.9977152347564697,0
0.9995999932289124,1
0.8120898008346558,0
0.9994667172431946,1
0.9228484034538269,0
0.047108132392168045,1
0.5299211740493774,0
0.999617338180542,1
0.9977676868438721,0
0.9996393918991089,1
0.9913448095321655,0
0.9996732473373413,1
0.8672181367874146,0
0.999459445476532,1
0.4374275803565979,0
0.49420347809791565,1
0.6420978307723999,0
0.999568521976471,1
0.9982686042785645,0
0.999526858329773,1
0.2168569713830948,0
0.9996911287307739,1
0.37762701511383057,0
0.8868933320045471,1
0.989779531955719,0
0.9996510744094849,1
0.8575195670127869,0
0.9995377063751221,1
0.46314921975135803,0
0.9996265172958374,1
0.30284228920936584,0
0.9992470741271973,1
0.10821216553449631,0
0.9995265007019043,1
0.4381353259086609,0
0.9994677901268005,1
0.93663489818573,0
0.02796715684235096,1
0.8121415972709656,0
0.7826681137084961,1
0.23730085790157318,0
0.9995585083961487,1
0.36593616008758545,0
0.9995392560958862,1
0.018213829025626183,0
0.9996753931045532,1
0.8143529891967773,0
0.9994478821754456,1
0.8398959040641785,0
0.9996814727783203,1
0.7263303995132446,0
0.9996685981750488,1
0.6907947659492493,0
0.9996262788772583,1
0.05079035460948944,0
0.9994819760322571,1
0.6963925957679749,0
0.9994320273399353,1
0.23582519590854645,0
0.9995483756065369,1
0.9951335787773132,0
0.9995738863945007,1
0.06918542832136154,0
0.9996552467346191,1
0.7535495162010193,0
0.999479353427887,1
0.09384625405073166,0
0.999531626701355,1
0.4604531228542328,0
0.9995211362838745,1
0.16863016784191132,0
0.9996646642684937,1
0.5985242128372192,0
0.2802817225456238,1
0.5915460586547852,0
0.9996464252471924,1
0.7760599851608276,0
0.9995954632759094,1
0.056732289493083954,0
0.9995678067207336,1
0.19745342433452606,0
0.9996758699417114,1
0.1353551298379898,0
0.999672532081604,1
0.10087927430868149,0
0.198380246758461,1
0.2110021859407425,0
0.9996494054794312,1
0.5475893616676331,0
0.9996370077133179,1
0.8778838515281677,0
0.999338686466217,1
0.18998561799526215,0
0.999664306640625,1
0.2995727062225342,0
0.9996570348739624,1
0.6532558798789978,0
0.9996752738952637,1
0.11497808247804642,0
0.9996635913848877,1
0.11248619109392166,0
0.6415614485740662,1
0.3156813085079193,0
0.9994820952415466,1
0.532188892364502,0
0.9992989301681519,1
0.043857451528310776,0
0.8448514938354492,1
0.002063098829239607,0
0.9995149374008179,1
0.04681396484375,0
0.9995104074478149,1
0.6534397006034851,0
0.9995858073234558,1
0.12516412138938904,0
0.3536401689052582,1
0.01102074608206749,0
0.04887987673282623,1
0.23419080674648285,0
0.32784828543663025,1
0.45377883315086365,0
0.9994165897369385,1
0.39039984345436096,0
0.4797092080116272,1
0.9859841465950012,0
0.9996050000190735,1
0.10776747018098831,0
0.6282600164413452,1
0.9047280550003052,0
0.8216489553451538,1
0.016705237329006195,0
0.7614390254020691,1
0.9979050159454346,0
0.9995220899581909,1
0.8399708271026611,0
0.999272882938385,1
0.01222954224795103,0
0.9992044568061829,1
0.005269982852041721,0
0.9996551275253296,1
0.3606290817260742,0
0.9996629953384399,1
0.9953271150588989,0
0.2574317455291748,1
0.004784629214555025,0
0.10642772912979126,1
0.07670041918754578,0
0.3992460370063782,1
0.5406036376953125,0
0.9996728897094727,1
0.4250427186489105,0
0.999538779258728,1
0.6577681303024292,0
0.025017250329256058,1
0.012709562666714191,0
0.5383586287498474,1
0.0028985030949115753,0
0.816027045249939,1
0.4455452859401703,0
0.5141991376876831,1
0.0034680229146033525,0
0.9995740056037903,1
0.1869973987340927,0
0.4633094072341919,1
0.9384608864784241,0
0.04043729603290558,1
0.02969132922589779,0
0.9995357990264893,1
0.9986870884895325,0
0.999442994594574,1
0.6195236444473267,0
0.27339476346969604,1
0.003420001594349742,0
0.999529242515564,1
0.99529629945755,0
0.9994290471076965,1
0.0022454026620835066,0
0.08908840268850327,1
0.0708342120051384,0
0.9994619488716125,1
0.1541043072938919,0
0.004867703653872013,1
0.5095617175102234,0
0.11522015184164047,1
0.4315052032470703,0
0.4973158836364746,1
0.6629317998886108,0
0.5850780606269836,1
0.8296492099761963,0
0.9995724558830261,1
0.025763288140296936,0
0.9993271827697754,1
0.0016747810877859592,0
0.9995835423469543,1
0.055757470428943634,0
0.9995585083961487,1
0.9826788902282715,0
0.9996582269668579,1
0.7784076929092407,0
0.9995490908622742,1
0.44103726744651794,0
0.5019353628158569,1
0.008713476359844208,0
0.9996649026870728,1
0.26179516315460205,0
0.008145693689584732,1
0.7589636445045471,0
0.999404788017273,1
0.1998027116060257,0
0.999519944190979,1
0.9747936129570007,0
0.9994704127311707,1
0.25422701239585876,0
0.9996682405471802,1
0.9978166818618774,0
0.9995693564414978,1
0.08365878462791443,0
0.9996060729026794,1
0.11423307657241821,0
0.9996659755706787,1
0.16812054812908173,0
0.9996577501296997,1
0.39944207668304443,0
0.9996683597564697,1
0.1261826455593109,0
0.9996283054351807,1
0.33532586693763733,0
0.9996343851089478,1
0.04099877551198006,0
0.9996460676193237,1
0.08140953630208969,0
0.9995884299278259,1
0.10376746952533722,0
0.9996860027313232,1
0.28298261761665344,0
0.9996131062507629,1
0.11907244473695755,0
0.9996750354766846,1
0.15223602950572968,0
0.9994101524353027,1
0.4519025683403015,0
0.9994834661483765,1
0.13234634697437286,0
0.024136165156960487,1
0.021774496883153915,0
0.9996793270111084,1
0.2779611349105835,0
0.999667763710022,1
0.5728467702865601,0
0.9996461868286133,1
0.00419963663443923,0
0.9995455145835876,1
0.16223041713237762,0
0.999594509601593,1
0.16009874641895294,0
0.006742581259459257,1
0.49857136607170105,0
0.999567449092865,1
0.3930841386318207,0
0.9995585083961487,1
0.3517039120197296,0
0.9995397329330444,1
0.14085766673088074,0
0.9993941783905029,1
0.4170569181442261,0
0.9994993209838867,1
0.12663473188877106,0
0.48254185914993286,1
0.17764785885810852,0
0.9993093013763428,1
0.66530841588974,0
0.9994311928749084,1
0.22448846697807312,0
0.6457096934318542,1
0.7068313360214233,0
0.12167830020189285,1
0.4607439339160919,0
0.9996569156646729,1
0.5218226909637451,0
0.19442059099674225,1
0.06325645744800568,0
0.9995453953742981,1
0.06182602792978287,0
0.9994494318962097,1
0.44153013825416565,0
0.9995751976966858,1
0.029829369857907295,0
0.9995179176330566,1
0.2392585277557373,0
0.9996262788772583,1
0.9771503210067749,0
0.9994996786117554,1
0.12595121562480927,0
0.0447629876434803,1
0.008997534401714802,0
0.18813848495483398,1
0.003801540704444051,0
